{
    "metrics": {
        "http_req_receiving": {
            "avg": 0.03388634402579473,
            "min": 0.004,
            "med": 0.017,
            "max": 41.314,
            "p(90)": 0.04,
            "p(95)": 0.059
        },
        "data_received": {
            "count": 6936195,
            "rate": 68349.39944137368
        },
        "iterations": {
            "count": 66059,
            "rate": 650.946661346416
        },
        "http_req_duration{expected_response:true}": {
            "p(90)": 523.986,
            "p(95)": 532.9472,
            "avg": 511.88502405425436,
            "min": 500.275,
            "med": 508.099,
            "max": 611.811
        },
        "http_req_tls_handshaking": {
            "med": 0,
            "max": 0,
            "p(90)": 0,
            "p(95)": 0,
            "avg": 0,
            "min": 0
        },
        "iteration_duration": {
            "avg": 1515.4601269381124,
            "min": 1500.356417,
            "med": 1509.194625,
            "max": 1817.92875,
            "p(90)": 1525.8785830000002,
            "p(95)": 1540.2288872000001
        },
        "http_req_connecting": {
            "min": 0,
            "med": 0,
            "max": 274.066,
            "p(90)": 0,
            "p(95)": 0,
            "avg": 1.9314395767420045
        },
        "http_req_failed": {
            "passes": 0,
            "fails": 66059,
            "value": 0
        },
        "http_req_waiting": {
            "p(90)": 523.6624,
            "p(95)": 532.3724,
            "avg": 511.7178614117701,
            "min": 500.265,
            "med": 508.009,
            "max": 598.563
        },
        "checks": {
            "passes": 66059,
            "fails": 0,
            "value": 1
        },
        "data_sent": {
            "count": 4756248,
            "rate": 46868.15961694195
        },
        "http_req_blocked": {
            "avg": 1.984435428932267,
            "min": 0,
            "med": 0.003,
            "max": 279.937,
            "p(90)": 0.007,
            "p(95)": 0.013
        },
        "http_reqs": {
            "count": 66059,
            "rate": 650.946661346416
        },
        "http_req_duration": {
            "med": 508.099,
            "max": 611.811,
            "p(90)": 523.986,
            "p(95)": 532.9472,
            "avg": 511.88502405425436,
            "min": 500.275
        },
        "http_req_sending": {
            "max": 75.972,
            "p(90)": 0.081,
            "p(95)": 0.291,
            "avg": 0.13327629846046501,
            "min": 0.001,
            "med": 0.007
        },
        "vus": {
            "value": 59,
            "min": 59,
            "max": 1000
        },
        "vus_max": {
            "value": 1000,
            "min": 1000,
            "max": 1000
        }
    },
    "root_group": {
        "name": "",
        "path": "",
        "id": "d41d8cd98f00b204e9800998ecf8427e",
        "groups": {},
        "checks": {
                "status is 200": {
                    "path": "::status is 200",
                    "id": "6210a8cd14cd70477eba5c5e4cb3fb5f",
                    "passes": 66059,
                    "fails": 0,
                    "name": "status is 200"
                }
            }
    }
}