{
    "root_group": {
        "name": "",
        "path": "",
        "id": "d41d8cd98f00b204e9800998ecf8427e",
        "groups": {},
        "checks": {
                "status is 200": {
                    "fails": 407,
                    "name": "status is 200",
                    "path": "::status is 200",
                    "id": "6210a8cd14cd70477eba5c5e4cb3fb5f",
                    "passes": 56458
                }
            }
    },
    "metrics": {
        "http_req_duration": {
            "p(90)": 1342.9296000000002,
            "p(95)": 1536.8129999999999,
            "avg": 764.1601516046806,
            "min": 500.7,
            "med": 510.209,
            "max": 14956.312
        },
        "http_req_receiving": {
            "min": 0,
            "med": 0.04,
            "max": 950.599,
            "p(90)": 0.21,
            "p(95)": 0.476,
            "avg": 0.5575829244702366
        },
        "vus": {
            "min": 382,
            "max": 1000,
            "value": 382
        },
        "http_req_connecting": {
            "max": 329.093,
            "p(90)": 0.958,
            "p(95)": 2.436799999999997,
            "avg": 2.735075617691024,
            "min": 0.056,
            "med": 0.251
        },
        "iterations": {
            "count": 56865,
            "rate": 560.4189199674378
        },
        "http_req_duration{expected_response:true}": {
            "avg": 662.8916709766596,
            "min": 500.7,
            "med": 510.064,
            "max": 12847.585,
            "p(90)": 1185.2294000000004,
            "p(95)": 1520.5648999999999
        },
        "http_req_failed": {
            "passes": 407,
            "fails": 56458,
            "value": 0.007157302382836543
        },
        "http_reqs": {
            "rate": 560.4189199674378,
            "count": 56865
        },
        "http_req_waiting": {
            "avg": 762.1393834696171,
            "min": 500.651,
            "med": 510.019,
            "max": 14953.412,
            "p(90)": 1305.8564000000006,
            "p(95)": 1535.509999999999
        },
        "data_received": {
            "count": 5928198,
            "rate": 58423.88675834212
        },
        "http_req_sending": {
            "avg": 1.4631852105866046,
            "min": 0.003,
            "med": 0.02,
            "max": 205.317,
            "p(90)": 0.119,
            "p(95)": 0.328
        },
        "checks": {
            "passes": 56458,
            "fails": 407,
            "value": 0.9928426976171635
        },
        "http_req_blocked": {
            "avg": 5.315045036489945,
            "min": 0.066,
            "med": 0.293,
            "max": 380.343,
            "p(90)": 1.173,
            "p(95)": 3.2047999999999974
        },
        "vus_max": {
            "value": 1000,
            "min": 1000,
            "max": 1000
        },
        "data_sent": {
            "count": 4094280,
            "rate": 40350.162237655524
        },
        "iteration_duration": {
            "p(90)": 2351.660191600001,
            "p(95)": 2566.4829659999996,
            "avg": 1770.7547037711056,
            "min": 1500.917541,
            "med": 1511.650708,
            "max": 16189.376834
        },
        "http_req_tls_handshaking": {
            "avg": 0,
            "min": 0,
            "med": 0,
            "max": 0,
            "p(90)": 0,
            "p(95)": 0
        }
    }
}