{
    "root_group": {
        "name": "",
        "path": "",
        "id": "d41d8cd98f00b204e9800998ecf8427e",
        "groups": {},
        "checks": {
                "status is 200": {
                    "passes": 63468,
                    "fails": 0,
                    "name": "status is 200",
                    "path": "::status is 200",
                    "id": "6210a8cd14cd70477eba5c5e4cb3fb5f"
                }
            }
    },
    "metrics": {
        "data_received": {
            "count": 6664140,
            "rate": 65655.65647853629
        },
        "http_req_sending": {
            "avg": 0.28519394025333317,
            "min": 0.003,
            "med": 0.022,
            "max": 70.344,
            "p(90)": 0.18,
            "p(95)": 0.474
        },
        "iterations": {
            "rate": 625.2919664622503,
            "count": 63468
        },
        "http_req_duration": {
            "med": 509.39,
            "max": 4519.973,
            "p(90)": 611.3902,
            "p(95)": 1209.59295,
            "avg": 583.18819316821,
            "min": 500.726
        },
        "http_req_blocked": {
            "avg": 2.890539106321294,
            "min": 0.046,
            "med": 0.347,
            "max": 213.863,
            "p(90)": 1.5443000000000013,
            "p(95)": 3.189649999999997
        },
        "http_req_tls_handshaking": {
            "med": 0,
            "max": 0,
            "p(90)": 0,
            "p(95)": 0,
            "avg": 0,
            "min": 0
        },
        "http_req_duration{expected_response:true}": {
            "avg": 583.18819316821,
            "min": 500.726,
            "med": 509.39,
            "max": 4519.973,
            "p(90)": 611.3902,
            "p(95)": 1209.59295
        },
        "http_req_connecting": {
            "p(95)": 2.632,
            "avg": 2.725064961870476,
            "min": 0.038,
            "med": 0.3,
            "max": 213.004,
            "p(90)": 1.3273000000000015
        },
        "checks": {
            "passes": 63468,
            "fails": 0,
            "value": 1
        },
        "vus": {
            "value": 338,
            "min": 338,
            "max": 1000
        },
        "http_reqs": {
            "rate": 625.2919664622503,
            "count": 63468
        },
        "data_sent": {
            "count": 4569696,
            "rate": 45021.021585282026
        },
        "iteration_duration": {
            "avg": 1586.9749519791515,
            "min": 1501.076208,
            "med": 1511.0014999999999,
            "max": 5520.509542,
            "p(90)": 1615.5339124,
            "p(95)": 2291.785275099998
        },
        "http_req_receiving": {
            "min": 0.005,
            "med": 0.041,
            "max": 305.67,
            "p(90)": 0.243,
            "p(95)": 0.5486499999999972,
            "avg": 0.18893888258651123
        },
        "http_req_failed": {
            "passes": 0,
            "fails": 63468,
            "value": 0
        },
        "vus_max": {
            "value": 1000,
            "min": 1000,
            "max": 1000
        },
        "http_req_waiting": {
            "avg": 582.7140603453756,
            "min": 500.603,
            "med": 509.1675,
            "max": 4519.848,
            "p(90)": 610.7757,
            "p(95)": 1207.7693
        }
    }
}