{
    "root_group": {
        "id": "d41d8cd98f00b204e9800998ecf8427e",
        "groups": {},
        "checks": {
                "status is 200": {
                    "passes": 66239,
                    "fails": 0,
                    "name": "status is 200",
                    "path": "::status is 200",
                    "id": "6210a8cd14cd70477eba5c5e4cb3fb5f"
                }
            },
        "name": "",
        "path": ""
    },
    "metrics": {
        "http_req_failed": {
            "passes": 0,
            "fails": 66239,
            "value": 0
        },
        "data_sent": {
            "count": 4769208,
            "rate": 46999.632997065244
        },
        "http_req_tls_handshaking": {
            "avg": 0,
            "min": 0,
            "med": 0,
            "max": 0,
            "p(90)": 0,
            "p(95)": 0
        },
        "iterations": {
            "rate": 652.7726805147951,
            "count": 66239
        },
        "http_req_waiting": {
            "max": 716.339,
            "p(90)": 526.1572,
            "p(95)": 554.0859,
            "avg": 514.5011544407377,
            "min": 500.371,
            "med": 508.534
        },
        "http_req_receiving": {
            "avg": 0.04490902640438188,
            "min": 0.004,
            "med": 0.019,
            "max": 11.414,
            "p(90)": 0.05,
            "p(95)": 0.082
        },
        "http_req_duration": {
            "med": 508.642,
            "max": 777.893,
            "p(90)": 526.9852,
            "p(95)": 557.4681999999999,
            "avg": 514.8868139917606,
            "min": 500.387
        },
        "iteration_duration": {
            "med": 1509.708209,
            "max": 1784.529542,
            "p(90)": 1533.6320922,
            "p(95)": 1572.2374458,
            "avg": 1518.5019191035083,
            "min": 1500.570208
        },
        "http_reqs": {
            "count": 66239,
            "rate": 652.7726805147951
        },
        "http_req_blocked": {
            "min": 0,
            "med": 0.003,
            "max": 158.722,
            "p(90)": 0.009,
            "p(95)": 0.017,
            "avg": 1.249484623860077
        },
        "http_req_sending": {
            "avg": 0.340750524615649,
            "min": 0.001,
            "med": 0.008,
            "max": 182.211,
            "p(90)": 0.09,
            "p(95)": 0.30609999999999704
        },
        "http_req_duration{expected_response:true}": {
            "max": 777.893,
            "p(90)": 526.9852,
            "p(95)": 557.4681999999999,
            "avg": 514.8868139917606,
            "min": 500.387,
            "med": 508.642
        },
        "data_received": {
            "count": 6955095,
            "rate": 68541.13145405348
        },
        "vus": {
            "max": 1000,
            "value": 239,
            "min": 239
        },
        "checks": {
            "passes": 66239,
            "fails": 0,
            "value": 1
        },
        "http_req_connecting": {
            "min": 0,
            "med": 0,
            "max": 155.326,
            "p(90)": 0,
            "p(95)": 0,
            "avg": 1.226559972221803
        },
        "vus_max": {
            "value": 1000,
            "min": 1000,
            "max": 1000
        }
    }
}