{
    "metrics": {
        "http_reqs": {
            "count": 63683,
            "rate": 627.6890150883889
        },
        "http_req_receiving": {
            "med": 0.041,
            "max": 489.336,
            "p(90)": 0.226,
            "p(95)": 0.451,
            "avg": 0.15850782783475195,
            "min": 0.006
        },
        "vus": {
            "value": 445,
            "min": 445,
            "max": 1000
        },
        "http_req_duration": {
            "min": 500.669,
            "med": 508.983,
            "max": 7686.093,
            "p(90)": 599.1244,
            "p(95)": 1070.7211999999965,
            "avg": 578.7636820187538
        },
        "http_req_duration{expected_response:true}": {
            "max": 7686.093,
            "p(90)": 599.1167,
            "p(95)": 1069.5927499999962,
            "avg": 578.6595193932396,
            "min": 500.669,
            "med": 508.9825
        },
        "http_req_sending": {
            "p(95)": 0.328,
            "avg": 0.20733076331204972,
            "min": 0.003,
            "med": 0.021,
            "max": 92.485,
            "p(90)": 0.138
        },
        "vus_max": {
            "value": 1000,
            "min": 1000,
            "max": 1000
        },
        "http_req_blocked": {
            "med": 0.333,
            "max": 154.084,
            "p(90)": 1.341,
            "p(95)": 2.594,
            "avg": 1.3900836015891358,
            "min": 0.051
        },
        "http_req_failed": {
            "passes": 1,
            "fails": 63682,
            "value": 0.000015702777821396606
        },
        "http_req_tls_handshaking": {
            "avg": 0,
            "min": 0,
            "med": 0,
            "max": 0,
            "p(90)": 0,
            "p(95)": 0
        },
        "http_req_waiting": {
            "med": 508.798,
            "max": 7665.146,
            "p(90)": 598.937,
            "p(95)": 1069.4550999999958,
            "avg": 578.3978434276036,
            "min": 500.604
        },
        "http_req_connecting": {
            "avg": 1.2731684751032475,
            "min": 0.039,
            "med": 0.289,
            "max": 154.052,
            "p(90)": 1.158,
            "p(95)": 2.194899999999997
        },
        "data_sent": {
            "count": 4585176,
            "rate": 45193.609086364006
        },
        "iteration_duration": {
            "p(95)": 2071.6033332999987,
            "avg": 1581.033370889657,
            "min": 1501.005792,
            "med": 1510.402209,
            "max": 8686.39475,
            "p(90)": 1601.24895
        },
        "checks": {
            "passes": 63682,
            "fails": 1,
            "value": 0.9999842972221786
        },
        "data_received": {
            "count": 6686646,
            "rate": 65906.66648846185
        },
        "iterations": {
            "count": 63683,
            "rate": 627.6890150883889
        }
    },
    "root_group": {
        "name": "",
        "path": "",
        "id": "d41d8cd98f00b204e9800998ecf8427e",
        "groups": {},
        "checks": {
                "status is 200": {
                    "name": "status is 200",
                    "path": "::status is 200",
                    "id": "6210a8cd14cd70477eba5c5e4cb3fb5f",
                    "passes": 63682,
                    "fails": 1
                }
            }
    }
}