{
    "root_group": {
        "name": "",
        "path": "",
        "id": "d41d8cd98f00b204e9800998ecf8427e",
        "groups": {},
        "checks": {
                "status is 200": {
                    "id": "6210a8cd14cd70477eba5c5e4cb3fb5f",
                    "passes": 63760,
                    "fails": 0,
                    "name": "status is 200",
                    "path": "::status is 200"
                }
            }
    },
    "metrics": {
        "http_req_waiting": {
            "avg": 577.632585649315,
            "min": 500.667,
            "med": 508.473,
            "max": 4763.293,
            "p(90)": 589.0215999999999,
            "p(95)": 831.1887499999989
        },
        "data_sent": {
            "count": 4590720,
            "rate": 44842.497409213465
        },
        "data_received": {
            "count": 6694800,
            "rate": 65395.30872176963
        },
        "vus": {
            "min": 1,
            "max": 1000,
            "value": 1
        },
        "http_req_sending": {
            "med": 0.021,
            "max": 53.303,
            "p(90)": 0.133,
            "p(95)": 0.36204999999999715,
            "avg": 0.1414172992471917,
            "min": 0.003
        },
        "http_req_duration": {
            "med": 508.668,
            "max": 4763.381,
            "p(90)": 589.5584,
            "p(95)": 832.4329999999961,
            "avg": 577.9651632841944,
            "min": 500.725
        },
        "http_req_tls_handshaking": {
            "avg": 0,
            "min": 0,
            "med": 0,
            "max": 0,
            "p(90)": 0,
            "p(95)": 0
        },
        "http_req_blocked": {
            "avg": 1.8155564774153052,
            "min": 0.075,
            "med": 0.34,
            "max": 177.051,
            "p(90)": 1.495,
            "p(95)": 3.2670999999999943
        },
        "http_req_receiving": {
            "avg": 0.19116033563363982,
            "min": 0.006,
            "med": 0.04,
            "max": 588.724,
            "p(90)": 0.228,
            "p(95)": 0.486
        },
        "iteration_duration": {
            "min": 1500.948375,
            "med": 1510.1786459999998,
            "max": 5856.37825,
            "p(90)": 1594.707717,
            "p(95)": 1856.701353499999,
            "avg": 1580.7798495532206
        },
        "http_reqs": {
            "count": 63760,
            "rate": 622.8124640168536
        },
        "vus_max": {
            "value": 1000,
            "min": 1000,
            "max": 1000
        },
        "http_req_duration{expected_response:true}": {
            "avg": 577.9651632841944,
            "min": 500.725,
            "med": 508.668,
            "max": 4763.381,
            "p(90)": 589.5584,
            "p(95)": 832.4329999999961
        },
        "checks": {
            "passes": 63760,
            "fails": 0,
            "value": 1
        },
        "iterations": {
            "count": 63760,
            "rate": 622.8124640168536
        },
        "http_req_connecting": {
            "min": 0.067,
            "med": 0.297,
            "max": 123.491,
            "p(90)": 1.324,
            "p(95)": 2.812,
            "avg": 1.6924913582183165
        },
        "http_req_failed": {
            "passes": 0,
            "fails": 63760,
            "value": 0
        }
    }
}