{
    "metrics": {
        "data_sent": {
            "count": 4800672,
            "rate": 47295.62367663449
        },
        "http_req_failed": {
            "passes": 0,
            "fails": 66676,
            "value": 0
        },
        "http_req_duration": {
            "p(95)": 529.3874999999999,
            "avg": 511.92713286640173,
            "min": 500.307,
            "med": 507.3575,
            "max": 652.054,
            "p(90)": 522.9755
        },
        "http_req_blocked": {
            "avg": 0.7313489711429807,
            "min": 0,
            "med": 0.003,
            "max": 93.745,
            "p(90)": 0.006,
            "p(95)": 0.012
        },
        "http_req_receiving": {
            "avg": 0.029190713300137477,
            "min": 0.004,
            "med": 0.018,
            "max": 7.818,
            "p(90)": 0.043,
            "p(95)": 0.064
        },
        "vus": {
            "max": 1000,
            "value": 676,
            "min": 676
        },
        "data_received": {
            "count": 7000980,
            "rate": 68972.7845284253
        },
        "http_req_sending": {
            "p(95)": 0.23,
            "avg": 0.1257533745275536,
            "min": 0.001,
            "med": 0.008,
            "max": 30.332,
            "p(90)": 0.067
        },
        "http_reqs": {
            "count": 66676,
            "rate": 656.883662175479
        },
        "http_req_connecting": {
            "avg": 0.7172849601055853,
            "min": 0,
            "med": 0,
            "max": 93.734,
            "p(90)": 0,
            "p(95)": 0
        },
        "http_req_waiting": {
            "avg": 511.7721887785733,
            "min": 500.282,
            "med": 507.261,
            "max": 649.818,
            "p(90)": 522.7425000000001,
            "p(95)": 529.04875
        },
        "http_req_tls_handshaking": {
            "avg": 0,
            "min": 0,
            "med": 0,
            "max": 0,
            "p(90)": 0,
            "p(95)": 0
        },
        "vus_max": {
            "value": 1000,
            "min": 1000,
            "max": 1000
        },
        "iteration_duration": {
            "avg": 1513.5004195876606,
            "min": 1500.380917,
            "med": 1508.2306455,
            "max": 1726.972875,
            "p(90)": 1524.2331665000002,
            "p(95)": 1530.50405175
        },
        "checks": {
            "passes": 66676,
            "fails": 0,
            "value": 1
        },
        "iterations": {
            "count": 66676,
            "rate": 656.883662175479
        },
        "http_req_duration{expected_response:true}": {
            "avg": 511.92713286640173,
            "min": 500.307,
            "med": 507.3575,
            "max": 652.054,
            "p(90)": 522.9755,
            "p(95)": 529.3874999999999
        }
    },
    "root_group": {
        "name": "",
        "path": "",
        "id": "d41d8cd98f00b204e9800998ecf8427e",
        "groups": {},
        "checks": {
                "status is 200": {
                    "passes": 66676,
                    "fails": 0,
                    "name": "status is 200",
                    "path": "::status is 200",
                    "id": "6210a8cd14cd70477eba5c5e4cb3fb5f"
                }
            }
    }
}