{
    "root_group": {
        "name": "",
        "path": "",
        "id": "d41d8cd98f00b204e9800998ecf8427e",
        "groups": {},
        "checks": {
                "status is 200": {
                    "fails": 0,
                    "name": "status is 200",
                    "path": "::status is 200",
                    "id": "6210a8cd14cd70477eba5c5e4cb3fb5f",
                    "passes": 64225
                }
            }
    },
    "metrics": {
        "iteration_duration": {
            "p(95)": 1790.9726249999997,
            "avg": 1568.1978716286837,
            "min": 1501.085584,
            "med": 1510.405875,
            "max": 5598.037,
            "p(90)": 1600.601942
        },
        "http_req_waiting": {
            "avg": 564.8464106189208,
            "min": 500.582,
            "med": 508.845,
            "max": 4586.664,
            "p(90)": 588.6214,
            "p(95)": 759.226
        },
        "http_req_blocked": {
            "avg": 1.940113974309094,
            "min": 0.059,
            "med": 0.33,
            "max": 161.597,
            "p(90)": 1.512,
            "p(95)": 3.377
        },
        "data_received": {
            "count": 6743625,
            "rate": 66448.82118172773
        },
        "http_req_duration": {
            "p(90)": 589.7116000000001,
            "p(95)": 760.9908,
            "avg": 565.2170965823337,
            "min": 500.631,
            "med": 509.017,
            "max": 4588.369
        },
        "iterations": {
            "count": 64225,
            "rate": 632.8459160164546
        },
        "http_req_duration{expected_response:true}": {
            "p(95)": 760.9908,
            "avg": 565.2170965823337,
            "min": 500.631,
            "med": 509.017,
            "max": 4588.369,
            "p(90)": 589.7116000000001
        },
        "http_req_receiving": {
            "med": 0.038,
            "max": 329.29,
            "p(90)": 0.235,
            "p(95)": 0.549,
            "avg": 0.24411156091866446,
            "min": 0.005
        },
        "http_req_tls_handshaking": {
            "med": 0,
            "max": 0,
            "p(90)": 0,
            "p(95)": 0,
            "avg": 0,
            "min": 0
        },
        "checks": {
            "fails": 0,
            "passes": 64225,
            "value": 1
        },
        "vus": {
            "value": 400,
            "min": 400,
            "max": 1000
        },
        "data_sent": {
            "count": 4624200,
            "rate": 45564.90595318473
        },
        "http_req_failed": {
            "passes": 0,
            "fails": 64225,
            "value": 0
        },
        "http_reqs": {
            "count": 64225,
            "rate": 632.8459160164546
        },
        "http_req_connecting": {
            "p(90)": 1.327,
            "p(95)": 2.804799999999997,
            "avg": 1.8118786298170475,
            "min": 0.052,
            "med": 0.289,
            "max": 161.587
        },
        "vus_max": {
            "value": 1000,
            "min": 1000,
            "max": 1000
        },
        "http_req_sending": {
            "avg": 0.12657440249125576,
            "min": 0.003,
            "med": 0.019,
            "max": 35.254,
            "p(90)": 0.128,
            "p(95)": 0.316
        }
    }
}