{
    "root_group": {
        "id": "d41d8cd98f00b204e9800998ecf8427e",
        "groups": {},
        "checks": {
                "status is 200": {
                    "name": "status is 200",
                    "path": "::status is 200",
                    "id": "6210a8cd14cd70477eba5c5e4cb3fb5f",
                    "passes": 64823,
                    "fails": 0
                }
            },
        "name": "",
        "path": ""
    },
    "metrics": {
        "http_req_waiting": {
            "p(95)": 647.8587999999999,
            "avg": 547.9529818891392,
            "min": 500.616,
            "med": 507.932,
            "max": 4624.461,
            "p(90)": 554.4018
        },
        "data_sent": {
            "count": 4667256,
            "rate": 45970.652042517104
        },
        "http_req_sending": {
            "avg": 0.1730095336532028,
            "min": 0.003,
            "med": 0.02,
            "max": 64.789,
            "p(90)": 0.117,
            "p(95)": 0.3118999999999971
        },
        "http_req_receiving": {
            "p(90)": 0.182,
            "p(95)": 0.372,
            "avg": 0.1299512210172365,
            "min": 0.006,
            "med": 0.039,
            "max": 130.466
        },
        "http_req_duration{expected_response:true}": {
            "med": 508.088,
            "max": 4624.518,
            "p(90)": 554.7066,
            "p(95)": 651.1300999999991,
            "avg": 548.2559426438135,
            "min": 500.676
        },
        "iteration_duration": {
            "avg": 1551.874992560623,
            "min": 1500.939167,
            "med": 1509.319791,
            "max": 5625.158708,
            "p(90)": 1558.2259168,
            "p(95)": 1678.8422422999995
        },
        "http_req_failed": {
            "passes": 0,
            "fails": 64823,
            "value": 0
        },
        "http_req_duration": {
            "p(95)": 651.1300999999991,
            "avg": 548.2559426438135,
            "min": 500.676,
            "med": 508.088,
            "max": 4624.518,
            "p(90)": 554.7066
        },
        "http_reqs": {
            "count": 64823,
            "rate": 638.4812783682931
        },
        "data_received": {
            "count": 6806415,
            "rate": 67040.53422867077
        },
        "vus": {
            "value": 405,
            "min": 405,
            "max": 1000
        },
        "checks": {
            "passes": 64823,
            "fails": 0,
            "value": 1
        },
        "iterations": {
            "count": 64823,
            "rate": 638.4812783682931
        },
        "vus_max": {
            "value": 1000,
            "min": 1000,
            "max": 1000
        },
        "http_req_blocked": {
            "p(90)": 1.269,
            "p(95)": 2.77,
            "avg": 2.792848417999868,
            "min": 0.047,
            "med": 0.323,
            "max": 255.39
        },
        "http_req_connecting": {
            "avg": 2.6574907054594585,
            "min": 0.04,
            "med": 0.285,
            "max": 252.685,
            "p(90)": 1.1348000000000014,
            "p(95)": 2.3417999999999943
        },
        "http_req_tls_handshaking": {
            "p(95)": 0,
            "avg": 0,
            "min": 0,
            "med": 0,
            "max": 0,
            "p(90)": 0
        }
    }
}