{
    "metrics": {
        "http_req_tls_handshaking": {
            "p(95)": 0,
            "avg": 0,
            "min": 0,
            "med": 0,
            "max": 0,
            "p(90)": 0
        },
        "checks": {
            "passes": 52217,
            "fails": 148,
            "value": 0.9971736847130717
        },
        "http_req_receiving": {
            "p(95)": 0.6157999999999977,
            "avg": 0.8184100639740205,
            "min": 0,
            "med": 0.042,
            "max": 1769.029,
            "p(90)": 0.253
        },
        "data_sent": {
            "rate": 36773.768832989284,
            "count": 3770280
        },
        "http_req_duration{expected_response:true}": {
            "med": 520.954,
            "max": 31249.439,
            "p(90)": 1521.541,
            "p(95)": 1801.6859999999997,
            "avg": 884.8646310971556,
            "min": 500.642
        },
        "iterations": {
            "rate": 510.7467893470734,
            "count": 52365
        },
        "http_req_waiting": {
            "max": 59853.873,
            "p(90)": 1523.1284,
            "p(95)": 1844.1165999999996,
            "avg": 927.4163360641699,
            "min": 500.611,
            "med": 520.785
        },
        "iteration_duration": {
            "avg": 1934.2991960949967,
            "min": 1500.829292,
            "med": 1525.267584,
            "max": 61011.597083,
            "p(90)": 2538.9768998,
            "p(95)": 2854.2937836
        },
        "vus_max": {
            "value": 1000,
            "min": 1000,
            "max": 1000
        },
        "http_reqs": {
            "count": 52365,
            "rate": 510.7467893470734
        },
        "http_req_failed": {
            "fails": 52217,
            "passes": 148,
            "value": 0.0028263152869282917
        },
        "http_req_sending": {
            "p(95)": 0.624,
            "avg": 0.3122948916261009,
            "min": 0.003,
            "med": 0.02,
            "max": 178.566,
            "p(90)": 0.19
        },
        "http_req_blocked": {
            "med": 0.283,
            "max": 245.404,
            "p(90)": 1.944,
            "p(95)": 8.079799999999997,
            "avg": 3.5718712498806093,
            "min": 0.061
        },
        "http_req_connecting": {
            "min": 0.051,
            "med": 0.238,
            "max": 224.125,
            "p(90)": 1.418,
            "p(95)": 6.572799999999998,
            "avg": 3.291319564594687
        },
        "http_req_duration": {
            "med": 521.204,
            "max": 59856.919,
            "p(90)": 1523.8308,
            "p(95)": 1847.175,
            "avg": 928.5470410197693,
            "min": 500.642
        },
        "vus": {
            "value": 368,
            "min": 368,
            "max": 1000
        },
        "data_received": {
            "count": 5487104,
            "rate": 53518.9678375534
        }
    },
    "root_group": {
        "name": "",
        "path": "",
        "id": "d41d8cd98f00b204e9800998ecf8427e",
        "groups": {},
        "checks": {
                "status is 200": {
                    "name": "status is 200",
                    "path": "::status is 200",
                    "id": "6210a8cd14cd70477eba5c5e4cb3fb5f",
                    "passes": 52217,
                    "fails": 148
                }
            }
    }
}