{
    "root_group": {
        "name": "",
        "path": "",
        "id": "d41d8cd98f00b204e9800998ecf8427e",
        "groups": {},
        "checks": {
                "status is 200": {
                    "path": "::status is 200",
                    "id": "6210a8cd14cd70477eba5c5e4cb3fb5f",
                    "passes": 53176,
                    "fails": 252,
                    "name": "status is 200"
                }
            }
    },
    "metrics": {
        "http_req_blocked": {
            "med": 0.278,
            "max": 426.659,
            "p(90)": 1.175,
            "p(95)": 3.412,
            "avg": 3.4721666541888196,
            "min": 0.05
        },
        "iterations": {
            "count": 53428,
            "rate": 521.4799054695178
        },
        "http_req_waiting": {
            "med": 510.7285,
            "max": 28759.217,
            "p(90)": 1517.8287000000003,
            "p(95)": 1942.938299999996,
            "avg": 877.7089470876718,
            "min": 500.682
        },
        "data_received": {
            "count": 5587689,
            "rate": 54538.21089153748
        },
        "http_req_duration{expected_response:true}": {
            "max": 28759.354,
            "p(90)": 1513.6715000000002,
            "p(95)": 1815.68475,
            "avg": 826.2050189371153,
            "min": 500.745,
            "med": 510.8365
        },
        "http_req_connecting": {
            "p(95)": 2.538,
            "avg": 3.2599361383544254,
            "min": 0.04,
            "med": 0.235,
            "max": 417.005,
            "p(90)": 0.913
        },
        "checks": {
            "passes": 53176,
            "fails": 252,
            "value": 0.995283372014674
        },
        "http_reqs": {
            "count": 53428,
            "rate": 521.4799054695178
        },
        "http_req_sending": {
            "p(95)": 0.36464999999999764,
            "avg": 0.312471157445537,
            "min": 0.003,
            "med": 0.019,
            "max": 419.982,
            "p(90)": 0.125
        },
        "http_req_tls_handshaking": {
            "avg": 0,
            "min": 0,
            "med": 0,
            "max": 0,
            "p(90)": 0,
            "p(95)": 0
        },
        "http_req_receiving": {
            "med": 0.042,
            "max": 1067.449,
            "p(90)": 0.201,
            "p(95)": 0.461,
            "avg": 0.7720157408100403,
            "min": 0
        },
        "vus_max": {
            "value": 1000,
            "min": 1000,
            "max": 1000
        },
        "iteration_duration": {
            "avg": 1883.574203855667,
            "min": 1501.026333,
            "med": 1512.7498955,
            "max": 29809.306,
            "p(90)": 2526.7509205,
            "p(95)": 2977.914587599999
        },
        "http_req_failed": {
            "passes": 252,
            "fails": 53176,
            "value": 0.004716627985326047
        },
        "data_sent": {
            "count": 3846816,
            "rate": 37546.55319380528
        },
        "vus": {
            "value": 53,
            "min": 53,
            "max": 1000
        },
        "http_req_duration": {
            "avg": 878.7934339859269,
            "min": 500.745,
            "med": 510.962,
            "max": 28759.354,
            "p(90)": 1518.4556,
            "p(95)": 1952.4432999999983
        }
    }
}