{
    "root_group": {
        "name": "",
        "path": "",
        "id": "d41d8cd98f00b204e9800998ecf8427e",
        "groups": {},
        "checks": {
                "status is 200": {
                    "name": "status is 200",
                    "path": "::status is 200",
                    "id": "6210a8cd14cd70477eba5c5e4cb3fb5f",
                    "passes": 53242,
                    "fails": 138
                }
            }
    },
    "metrics": {
        "http_req_tls_handshaking": {
            "min": 0,
            "med": 0,
            "max": 0,
            "p(90)": 0,
            "p(95)": 0,
            "avg": 0
        },
        "iterations": {
            "count": 53380,
            "rate": 485.41795549923165
        },
        "http_reqs": {
            "count": 53380,
            "rate": 485.41795549923165
        },
        "http_req_connecting": {
            "min": 0.039,
            "med": 0.272,
            "max": 534.892,
            "p(90)": 1.391,
            "p(95)": 3.664149999999993,
            "avg": 3.525983701760951
        },
        "http_req_waiting": {
            "min": 500.662,
            "med": 510.903,
            "max": 25974.438,
            "p(90)": 885.0957000000004,
            "p(95)": 1512.8012999999999,
            "avg": 851.8958957661999
        },
        "http_req_sending": {
            "avg": 0.3342865492693923,
            "min": 0.003,
            "med": 0.021,
            "max": 339.29,
            "p(90)": 0.189,
            "p(95)": 0.548
        },
        "data_received": {
            "count": 5590806,
            "rate": 50840.71970986956
        },
        "vus_max": {
            "value": 1000,
            "min": 1000,
            "max": 1000
        },
        "http_req_receiving": {
            "avg": 0.5175934807043877,
            "min": 0,
            "med": 0.041,
            "max": 11186.061,
            "p(90)": 0.249,
            "p(95)": 0.612
        },
        "iteration_duration": {
            "p(90)": 1921.7747837000004,
            "p(95)": 2524.8377496999997,
            "avg": 1859.979333670109,
            "min": 1500.945667,
            "med": 1512.7542290000001,
            "max": 26977.47125
        },
        "http_req_duration{expected_response:true}": {
            "p(90)": 863.5100000000001,
            "p(95)": 1511.483,
            "avg": 828.4784435408122,
            "min": 500.707,
            "med": 511.0215,
            "max": 25974.558
        },
        "data_sent": {
            "count": 3846600,
            "rate": 34979.55615630095
        },
        "http_req_failed": {
            "passes": 138,
            "fails": 53242,
            "value": 0.0025852379168227802
        },
        "checks": {
            "passes": 53242,
            "fails": 138,
            "value": 0.9974147620831773
        },
        "vus": {
            "value": 45,
            "min": 45,
            "max": 1000
        },
        "http_req_duration": {
            "p(90)": 888.4806000000001,
            "p(95)": 1513.13225,
            "avg": 852.7477757961758,
            "min": 500.707,
            "med": 511.069,
            "max": 25974.558
        },
        "http_req_blocked": {
            "med": 0.316,
            "max": 678.969,
            "p(90)": 1.7271000000000012,
            "p(95)": 4.842049999999997,
            "avg": 3.852952941176468,
            "min": 0.051
        }
    }
}