{
    "root_group": {
        "checks": {
            "status is 200": {
                "name": "status is 200",
                "path": "::status is 200",
                "id": "6210a8cd14cd70477eba5c5e4cb3fb5f",
                "passes": 64476,
                "fails": 2
            }
        },
        "name": "",
        "path": "",
        "id": "d41d8cd98f00b204e9800998ecf8427e",
        "groups": {}
    },
    "metrics": {
        "http_req_tls_handshaking": {
            "p(95)": 0,
            "avg": 0,
            "min": 0,
            "med": 0,
            "max": 0,
            "p(90)": 0
        },
        "vus": {
            "value": 441,
            "min": 441,
            "max": 1000
        },
        "http_req_sending": {
            "p(95)": 0.287,
            "avg": 0.1397447191290211,
            "min": 0.003,
            "med": 0.02,
            "max": 42.404,
            "p(90)": 0.117
        },
        "http_req_waiting": {
            "avg": 558.9980425726617,
            "min": 500.657,
            "med": 508.27750000000003,
            "max": 5362.118,
            "p(90)": 571.8404,
            "p(95)": 756.1030999999998
        },
        "http_reqs": {
            "rate": 634.8757103630802,
            "count": 64478
        },
        "http_req_blocked": {
            "min": 0.068,
            "med": 0.329,
            "max": 105.897,
            "p(90)": 1.373,
            "p(95)": 2.804,
            "avg": 1.4463735847886172
        },
        "http_req_connecting": {
            "max": 102.6,
            "p(90)": 1.233,
            "p(95)": 2.426,
            "avg": 1.3577273798815355,
            "min": 0.058,
            "med": 0.291
        },
        "vus_max": {
            "value": 1000,
            "min": 1000,
            "max": 1000
        },
        "iteration_duration": {
            "p(90)": 1577.6862998000001,
            "p(95)": 1764.3399187499997,
            "avg": 1561.6748393298833,
            "min": 1501.047416,
            "med": 1509.8048125,
            "max": 6451.874542
        },
        "data_sent": {
            "rate": 45711.05114614178,
            "count": 4642416
        },
        "http_req_duration": {
            "max": 5365.918,
            "p(90)": 572.5,
            "p(95)": 757.3466,
            "avg": 559.3748081826247,
            "min": 500.794,
            "med": 508.4615
        },
        "http_req_receiving": {
            "p(90)": 0.224,
            "p(95)": 0.49414999999999715,
            "avg": 0.23702089084651862,
            "min": 0.006,
            "med": 0.04,
            "max": 180.774
        },
        "checks": {
            "passes": 64476,
            "fails": 2,
            "value": 0.9999689816681658
        },
        "http_req_failed": {
            "passes": 2,
            "fails": 64476,
            "value": 0.00003101833183411396
        },
        "iterations": {
            "count": 64478,
            "rate": 634.8757103630802
        },
        "data_received": {
            "count": 6770052,
            "rate": 66660.59078592686
        },
        "http_req_duration{expected_response:true}": {
            "p(90)": 572.4815000000001,
            "p(95)": 757.2814999999998,
            "avg": 559.2258564271867,
            "min": 500.794,
            "med": 508.461,
            "max": 4680.693
        }
    }
}