{
    "root_group": {
        "name": "",
        "path": "",
        "id": "d41d8cd98f00b204e9800998ecf8427e",
        "groups": {},
        "checks": {
                "status is 200": {
                    "passes": 60907,
                    "fails": 6,
                    "name": "status is 200",
                    "path": "::status is 200",
                    "id": "6210a8cd14cd70477eba5c5e4cb3fb5f"
                }
            }
    },
    "metrics": {
        "http_req_connecting": {
            "avg": 2.6347749577265698,
            "min": 0.05,
            "med": 0.253,
            "max": 232.988,
            "p(90)": 0.946,
            "p(95)": 1.8763999999999972
        },
        "http_req_duration{expected_response:true}": {
            "avg": 652.3674329879938,
            "min": 500.723,
            "med": 510.927,
            "max": 5485.597,
            "p(90)": 1050.5250000000003,
            "p(95)": 1511.1028
        },
        "http_req_sending": {
            "avg": 0.2096019568893497,
            "min": 0.003,
            "med": 0.021,
            "max": 52.911,
            "p(90)": 0.146,
            "p(95)": 0.38
        },
        "http_req_waiting": {
            "med": 510.719,
            "max": 5485.551,
            "p(90)": 1049.6122,
            "p(95)": 1510.9317999999998,
            "avg": 652.2121662863484,
            "min": 500.698
        },
        "vus": {
            "value": 96,
            "min": 96,
            "max": 1000
        },
        "vus_max": {
            "value": 1000,
            "min": 1000,
            "max": 1000
        },
        "iteration_duration": {
            "max": 6489.77825,
            "p(90)": 2057.2815080000005,
            "p(95)": 2514.0100916,
            "avg": 1656.8701101088604,
            "min": 1500.938792,
            "med": 1512.609334
        },
        "http_req_tls_handshaking": {
            "avg": 0,
            "min": 0,
            "med": 0,
            "max": 0,
            "p(90)": 0,
            "p(95)": 0
        },
        "http_reqs": {
            "count": 60913,
            "rate": 595.9654626307993
        },
        "checks": {
            "passes": 60907,
            "fails": 6,
            "value": 0.9999014988590285
        },
        "http_req_blocked": {
            "p(95)": 2.493399999999997,
            "avg": 2.803473199481243,
            "min": 0.063,
            "med": 0.299,
            "max": 234.178,
            "p(90)": 1.166
        },
        "http_req_receiving": {
            "avg": 0.3974840838573058,
            "min": 0.006,
            "med": 0.044,
            "max": 545.661,
            "p(90)": 0.215,
            "p(95)": 0.489
        },
        "http_req_duration": {
            "p(90)": 1051.4750000000006,
            "p(95)": 1511.18,
            "avg": 652.8192523270848,
            "min": 500.723,
            "med": 510.929,
            "max": 5485.597
        },
        "http_req_failed": {
            "passes": 6,
            "fails": 60907,
            "value": 0.00009850114097154959
        },
        "data_received": {
            "count": 6395451,
            "rate": 62572.323050048566
        },
        "iterations": {
            "count": 60913,
            "rate": 595.9654626307993
        },
        "data_sent": {
            "rate": 42909.51330941755,
            "count": 4385736
        }
    }
}