{
    "metrics": {
        "checks": {
            "passes": 61642,
            "fails": 17,
            "value": 0.9997242900468707
        },
        "iteration_duration": {
            "p(95)": 2506.3502996999996,
            "avg": 1634.7746121239377,
            "min": 1500.966417,
            "med": 1509.446333,
            "max": 7139.918042,
            "p(90)": 1769.4097082
        },
        "vus": {
            "max": 1000,
            "value": 444,
            "min": 444
        },
        "http_req_duration{expected_response:true}": {
            "min": 500.638,
            "med": 508.2525,
            "max": 6008.668,
            "p(90)": 759.8987000000003,
            "p(95)": 1505.3288499999999,
            "avg": 630.3446439440687
        },
        "http_req_sending": {
            "avg": 0.6290734361569199,
            "min": 0.003,
            "med": 0.02,
            "max": 374.82,
            "p(90)": 0.116,
            "p(95)": 0.293
        },
        "iterations": {
            "count": 61659,
            "rate": 607.5381433924416
        },
        "http_req_blocked": {
            "p(90)": 1.07,
            "p(95)": 2.183099999999997,
            "avg": 2.2702918470945037,
            "min": 0.061,
            "med": 0.295,
            "max": 496.104
        },
        "data_sent": {
            "count": 4439448,
            "rate": 43742.74632425579
        },
        "data_received": {
            "count": 6473022,
            "rate": 63779.94725860668
        },
        "http_req_receiving": {
            "avg": 0.3256627256361509,
            "min": 0.006,
            "med": 0.042,
            "max": 729.219,
            "p(90)": 0.198,
            "p(95)": 0.39
        },
        "http_reqs": {
            "count": 61659,
            "rate": 607.5381433924416
        },
        "http_req_waiting": {
            "p(90)": 759.0404000000001,
            "p(95)": 1505.2322,
            "avg": 630.7266765111427,
            "min": 500.447,
            "med": 508.114,
            "max": 5997.054
        },
        "http_req_tls_handshaking": {
            "avg": 0,
            "min": 0,
            "med": 0,
            "max": 0,
            "p(90)": 0,
            "p(95)": 0
        },
        "http_req_connecting": {
            "avg": 1.9115489547349036,
            "min": 0.052,
            "med": 0.254,
            "max": 470.489,
            "p(90)": 0.899,
            "p(95)": 1.778
        },
        "vus_max": {
            "value": 1000,
            "min": 1000,
            "max": 1000
        },
        "http_req_duration": {
            "med": 508.254,
            "max": 6008.668,
            "p(90)": 761.3886,
            "p(95)": 1505.4035,
            "avg": 631.6814126729321,
            "min": 500.638
        },
        "http_req_failed": {
            "passes": 17,
            "fails": 61642,
            "value": 0.00027570995312930797
        }
    },
    "root_group": {
        "path": "",
        "id": "d41d8cd98f00b204e9800998ecf8427e",
        "groups": {},
        "checks": {
                "status is 200": {
                    "fails": 17,
                    "name": "status is 200",
                    "path": "::status is 200",
                    "id": "6210a8cd14cd70477eba5c5e4cb3fb5f",
                    "passes": 61642
                }
            },
        "name": ""
    }
}