{
    "root_group": {
        "name": "",
        "path": "",
        "id": "d41d8cd98f00b204e9800998ecf8427e",
        "groups": {},
        "checks": {
                "status is 200": {
                    "fails": 0,
                    "name": "status is 200",
                    "path": "::status is 200",
                    "id": "6210a8cd14cd70477eba5c5e4cb3fb5f",
                    "passes": 66318
                }
            }
    },
    "metrics": {
        "http_req_duration{expected_response:true}": {
            "avg": 512.997374800212,
            "min": 500.436,
            "med": 507.8465,
            "max": 815.27,
            "p(90)": 521.4986,
            "p(95)": 531.20615
        },
        "http_req_tls_handshaking": {
            "p(90)": 0,
            "p(95)": 0,
            "avg": 0,
            "min": 0,
            "med": 0,
            "max": 0
        },
        "http_reqs": {
            "count": 66318,
            "rate": 653.386224007927
        },
        "http_req_waiting": {
            "p(95)": 530.5443,
            "avg": 512.7183365451273,
            "min": 500.412,
            "med": 507.703,
            "max": 787.653,
            "p(90)": 520.9903
        },
        "http_req_sending": {
            "min": 0.001,
            "med": 0.008,
            "max": 61.563,
            "p(90)": 0.12,
            "p(95)": 0.492,
            "avg": 0.24255321330554658
        },
        "vus_max": {
            "value": 1000,
            "min": 1000,
            "max": 1000
        },
        "http_req_failed": {
            "passes": 0,
            "fails": 66318,
            "value": 0
        },
        "http_req_receiving": {
            "p(95)": 0.076,
            "avg": 0.03648504176844995,
            "min": 0.004,
            "med": 0.018,
            "max": 10.646,
            "p(90)": 0.047
        },
        "data_sent": {
            "count": 4774896,
            "rate": 47043.80812857074
        },
        "data_received": {
            "count": 6963390,
            "rate": 68605.55352083233
        },
        "iterations": {
            "count": 66318,
            "rate": 653.386224007927
        },
        "http_req_blocked": {
            "p(90)": 0.01,
            "p(95)": 0.023,
            "avg": 0.30864065562941484,
            "min": 0,
            "med": 0.003,
            "max": 84.011
        },
        "vus": {
            "value": 318,
            "min": 318,
            "max": 1000
        },
        "http_req_duration": {
            "max": 815.27,
            "p(90)": 521.4986,
            "p(95)": 531.20615,
            "avg": 512.997374800212,
            "min": 500.436,
            "med": 507.8465
        },
        "http_req_connecting": {
            "avg": 0.2571180222564011,
            "min": 0,
            "med": 0,
            "max": 60.012,
            "p(90)": 0,
            "p(95)": 0
        },
        "iteration_duration": {
            "avg": 1515.0022270271813,
            "min": 1500.5025,
            "med": 1509.3127709999999,
            "max": 1840.136084,
            "p(90)": 1525.0383161,
            "p(95)": 1535.1387481999998
        },
        "checks": {
            "passes": 66318,
            "fails": 0,
            "value": 1
        }
    }
}