{
    "metrics": {
        "http_req_tls_handshaking": {
            "max": 0,
            "p(90)": 0,
            "p(95)": 0,
            "avg": 0,
            "min": 0,
            "med": 0
        },
        "iteration_duration": {
            "avg": 1793.358159469603,
            "min": 1500.905083,
            "med": 1510.073542,
            "max": 16082.832875,
            "p(90)": 2505.5195286000003,
            "p(95)": 2640.3364251499997
        },
        "http_req_failed": {
            "passes": 194,
            "fails": 56038,
            "value": 0.0034499928866126048
        },
        "http_req_duration": {
            "min": 500.661,
            "med": 508.77599999999995,
            "max": 15016.566,
            "p(90)": 1504.423,
            "p(95)": 1597.9949499999998,
            "avg": 790.3598138070796
        },
        "http_req_connecting": {
            "p(95)": 2.115449999999998,
            "avg": 1.6696043000426386,
            "min": 0.056,
            "med": 0.238,
            "max": 117.189,
            "p(90)": 0.873
        },
        "http_req_duration{expected_response:true}": {
            "p(90)": 1503.7187,
            "p(95)": 1582.2561500000002,
            "avg": 762.9032970662728,
            "min": 500.661,
            "med": 508.72,
            "max": 14029.446
        },
        "http_req_waiting": {
            "p(90)": 1504.2167000000002,
            "p(95)": 1595.9943499999995,
            "avg": 789.7710147780622,
            "min": 500.614,
            "med": 508.63,
            "max": 15016.485
        },
        "http_req_sending": {
            "avg": 0.16258801038555545,
            "min": 0.003,
            "med": 0.02,
            "max": 68.182,
            "p(90)": 0.109,
            "p(95)": 0.298
        },
        "checks": {
            "passes": 56038,
            "fails": 194,
            "value": 0.9965500071133874
        },
        "vus": {
            "value": 6,
            "min": 6,
            "max": 1000
        },
        "vus_max": {
            "value": 1000,
            "min": 1000,
            "max": 1000
        },
        "iterations": {
            "rate": 549.209088418102,
            "count": 56232
        },
        "http_reqs": {
            "count": 56232,
            "rate": 549.209088418102
        },
        "http_req_receiving": {
            "avg": 0.4262110186370752,
            "min": 0,
            "med": 0.04,
            "max": 927.535,
            "p(90)": 0.182,
            "p(95)": 0.38
        },
        "data_sent": {
            "rate": 39543.05436610335,
            "count": 4048704
        },
        "http_req_blocked": {
            "avg": 1.8314273367477696,
            "min": 0.067,
            "med": 0.278,
            "max": 123.876,
            "p(90)": 1.092,
            "p(95)": 2.9524499999999976
        },
        "data_received": {
            "count": 5888492,
            "rate": 57511.974026840355
        }
    },
    "root_group": {
        "name": "",
        "path": "",
        "id": "d41d8cd98f00b204e9800998ecf8427e",
        "groups": {},
        "checks": {
                "status is 200": {
                    "name": "status is 200",
                    "path": "::status is 200",
                    "id": "6210a8cd14cd70477eba5c5e4cb3fb5f",
                    "passes": 56038,
                    "fails": 194
                }
            }
    }
}