{
    "root_group": {
        "name": "",
        "path": "",
        "id": "d41d8cd98f00b204e9800998ecf8427e",
        "groups": {},
        "checks": {
                "status is 200": {
                    "name": "status is 200",
                    "path": "::status is 200",
                    "id": "6210a8cd14cd70477eba5c5e4cb3fb5f",
                    "passes": 59365,
                    "fails": 17
                }
            }
    },
    "metrics": {
        "http_req_waiting": {
            "avg": 688.2542524670788,
            "min": 500.679,
            "med": 510.283,
            "max": 12527.733,
            "p(90)": 951.4671000000001,
            "p(95)": 1549.3266499999997
        },
        "iteration_duration": {
            "med": 1512.186979,
            "max": 13528.402958,
            "p(90)": 1960.1129875000001,
            "p(95)": 2567.5463273999994,
            "avg": 1694.7801004652388,
            "min": 1500.979958
        },
        "data_sent": {
            "count": 4275504,
            "rate": 42137.0001848586
        },
        "http_req_failed": {
            "fails": 59365,
            "passes": 17,
            "value": 0.0002862820383281129
        },
        "http_reqs": {
            "rate": 585.2361136785918,
            "count": 59382
        },
        "http_req_blocked": {
            "max": 457.221,
            "p(90)": 1.654,
            "p(95)": 5.564,
            "avg": 3.382033747600296,
            "min": 0.055,
            "med": 0.339
        },
        "data_received": {
            "count": 6233937,
            "rate": 61438.23149771276
        },
        "iterations": {
            "count": 59382,
            "rate": 585.2361136785918
        },
        "http_req_connecting": {
            "avg": 3.060974773500375,
            "min": 0.047,
            "med": 0.29,
            "max": 336.823,
            "p(90)": 1.314,
            "p(95)": 4.379949999999997
        },
        "http_req_receiving": {
            "avg": 0.24513008992626265,
            "min": 0.006,
            "med": 0.043,
            "max": 1018.593,
            "p(90)": 0.211,
            "p(95)": 0.406
        },
        "http_req_duration": {
            "p(95)": 1550.9526499999995,
            "avg": 688.7802831160975,
            "min": 500.718,
            "med": 510.47450000000003,
            "max": 12527.76,
            "p(90)": 953.7964000000001
        },
        "http_req_duration{expected_response:true}": {
            "med": 510.472,
            "max": 12527.76,
            "p(90)": 949.6060000000002,
            "p(95)": 1550.022,
            "avg": 687.1818580982078,
            "min": 500.718
        },
        "http_req_tls_handshaking": {
            "avg": 0,
            "min": 0,
            "med": 0,
            "max": 0,
            "p(90)": 0,
            "p(95)": 0
        },
        "http_req_sending": {
            "p(90)": 0.191,
            "p(95)": 0.5,
            "avg": 0.2809005590919875,
            "min": 0.003,
            "med": 0.022,
            "max": 204.412
        },
        "checks": {
            "passes": 59365,
            "fails": 17,
            "value": 0.9997137179616719
        },
        "vus_max": {
            "max": 1000,
            "value": 1000,
            "min": 1000
        },
        "vus": {
            "value": 296,
            "min": 296,
            "max": 1000
        }
    }
}