{
    "root_group": {
        "checks": {
            "status is 200": {
                "name": "status is 200",
                "path": "::status is 200",
                "id": "6210a8cd14cd70477eba5c5e4cb3fb5f",
                "passes": 61771,
                "fails": 142
            }
        },
        "name": "",
        "path": "",
        "id": "d41d8cd98f00b204e9800998ecf8427e",
        "groups": {}
    },
    "metrics": {
        "http_req_waiting": {
            "min": 500.596,
            "med": 506.89,
            "max": 15003.901,
            "p(90)": 582.557,
            "p(95)": 1501.215,
            "avg": 626.258177765572
        },
        "vus": {
            "value": 458,
            "min": 458,
            "max": 1000
        },
        "http_reqs": {
            "count": 61913,
            "rate": 609.9568167361282
        },
        "data_sent": {
            "count": 4457736,
            "rate": 43916.89080500123
        },
        "iterations": {
            "rate": 609.9568167361282,
            "count": 61913
        },
        "http_req_duration": {
            "max": 15003.956,
            "p(90)": 583.4004,
            "p(95)": 1501.3292,
            "avg": 626.6171608062974,
            "min": 500.659,
            "med": 507.058
        },
        "data_received": {
            "count": 6487755,
            "rate": 63916.30816732995
        },
        "http_req_tls_handshaking": {
            "min": 0,
            "med": 0,
            "max": 0,
            "p(90)": 0,
            "p(95)": 0,
            "avg": 0
        },
        "http_req_blocked": {
            "avg": 0.7696787589036203,
            "min": 0.052,
            "med": 0.307,
            "max": 62.544,
            "p(90)": 1.179,
            "p(95)": 2.1323999999999974
        },
        "iteration_duration": {
            "avg": 1628.1239566364782,
            "min": 1500.979125,
            "med": 1508.3115,
            "max": 16010.271709,
            "p(90)": 1585.406692,
            "p(95)": 2501.7188164
        },
        "vus_max": {
            "value": 1000,
            "min": 1000,
            "max": 1000
        },
        "http_req_duration{expected_response:true}": {
            "p(95)": 1146.076999999994,
            "avg": 599.2978971685761,
            "min": 500.659,
            "med": 507.032,
            "max": 12755.543,
            "p(90)": 580.877
        },
        "http_req_receiving": {
            "p(90)": 0.184,
            "p(95)": 0.36739999999999723,
            "avg": 0.24379098089255832,
            "min": 0,
            "med": 0.04,
            "max": 487.843
        },
        "checks": {
            "passes": 61771,
            "fails": 142,
            "value": 0.9977064590635246
        },
        "http_req_sending": {
            "avg": 0.11519205982589145,
            "min": 0.003,
            "med": 0.02,
            "max": 48.282,
            "p(90)": 0.105,
            "p(95)": 0.247
        },
        "http_req_failed": {
            "passes": 142,
            "fails": 61771,
            "value": 0.0022935409364753766
        },
        "http_req_connecting": {
            "avg": 0.6622166104049267,
            "min": 0.045,
            "med": 0.268,
            "max": 62.494,
            "p(90)": 1.022,
            "p(95)": 1.7993999999999972
        }
    }
}