{
    "root_group": {
        "name": "",
        "path": "",
        "id": "d41d8cd98f00b204e9800998ecf8427e",
        "groups": {},
        "checks": {
                "status is 200": {
                    "path": "::status is 200",
                    "id": "6210a8cd14cd70477eba5c5e4cb3fb5f",
                    "passes": 56520,
                    "fails": 335,
                    "name": "status is 200"
                }
            }
    },
    "metrics": {
        "http_req_blocked": {
            "max": 176.503,
            "p(90)": 1.507,
            "p(95)": 3.6358999999999924,
            "avg": 2.255140374637214,
            "min": 0.059,
            "med": 0.32
        },
        "iteration_duration": {
            "min": 1500.951625,
            "med": 1510.273708,
            "max": 16773.2355,
            "p(90)": 2240.030334,
            "p(95)": 2580.3656875,
            "avg": 1772.374833187007
        },
        "http_req_duration": {
            "avg": 769.5143908363475,
            "min": 500.622,
            "med": 508.719,
            "max": 15763.733,
            "p(90)": 1202.3626000000002,
            "p(95)": 1561.6441
        },
        "http_reqs": {
            "count": 56855,
            "rate": 515.3923224737468
        },
        "http_req_tls_handshaking": {
            "avg": 0,
            "min": 0,
            "med": 0,
            "max": 0,
            "p(90)": 0,
            "p(95)": 0
        },
        "vus_max": {
            "value": 1000,
            "min": 1000,
            "max": 1000
        },
        "http_req_waiting": {
            "avg": 768.7266626681854,
            "min": 500.58,
            "med": 508.532,
            "max": 15763.503,
            "p(90)": 1200.9484000000002,
            "p(95)": 1560.6942
        },
        "vus": {
            "value": 190,
            "min": 190,
            "max": 1000
        },
        "data_received": {
            "count": 5937698,
            "rate": 53825.414868836895
        },
        "iterations": {
            "count": 56851,
            "rate": 515.3560623508043
        },
        "http_req_sending": {
            "p(95)": 0.38,
            "avg": 0.16692561779967846,
            "min": 0.003,
            "med": 0.021,
            "max": 142.921,
            "p(90)": 0.145
        },
        "data_sent": {
            "rate": 37229.64610972121,
            "count": 4106952
        },
        "http_req_duration{expected_response:true}": {
            "med": 508.625,
            "max": 15763.733,
            "p(90)": 1167.0970000000002,
            "p(95)": 1534.8712499999997,
            "avg": 700.8068262738949,
            "min": 500.622
        },
        "checks": {
            "passes": 56520,
            "fails": 335,
            "value": 0.9941078181338493
        },
        "http_req_receiving": {
            "p(95)": 0.416,
            "avg": 0.6208025503473792,
            "min": 0,
            "med": 0.042,
            "max": 2506.706,
            "p(90)": 0.213
        },
        "http_req_failed": {
            "passes": 335,
            "fails": 56520,
            "value": 0.005892181866150734
        },
        "http_req_connecting": {
            "p(90)": 1.257,
            "p(95)": 3.0302999999999973,
            "avg": 2.112893624131579,
            "min": 0.052,
            "med": 0.278,
            "max": 150.814
        }
    }
}