{
    "root_group": {
        "groups": {},
        "checks": {
                "status is 200": {
                    "name": "status is 200",
                    "path": "::status is 200",
                    "id": "6210a8cd14cd70477eba5c5e4cb3fb5f",
                    "passes": 65491,
                    "fails": 0
                }
            },
        "name": "",
        "path": "",
        "id": "d41d8cd98f00b204e9800998ecf8427e"
    },
    "metrics": {
        "iteration_duration": {
            "avg": 1536.6825019507385,
            "min": 1500.545542,
            "med": 1508.743167,
            "max": 2705.38375,
            "p(90)": 1550.731209,
            "p(95)": 1701.7378959999994
        },
        "iterations": {
            "count": 65491,
            "rate": 645.4358790877868
        },
        "http_req_failed": {
            "passes": 0,
            "fails": 65491,
            "value": 0
        },
        "vus_max": {
            "max": 1000,
            "value": 1000,
            "min": 1000
        },
        "http_req_connecting": {
            "avg": 1.9043329465117358,
            "min": 0,
            "med": 0,
            "max": 193.087,
            "p(90)": 0,
            "p(95)": 0
        },
        "http_req_duration{expected_response:true}": {
            "med": 507.828,
            "max": 1705.219,
            "p(90)": 537.312,
            "p(95)": 644.3949999999999,
            "avg": 531.3347977432039,
            "min": 500.422
        },
        "data_received": {
            "count": 6876555,
            "rate": 67770.76730421762
        },
        "http_reqs": {
            "count": 65491,
            "rate": 645.4358790877868
        },
        "http_req_duration": {
            "avg": 531.3347977432039,
            "min": 500.422,
            "med": 507.828,
            "max": 1705.219,
            "p(90)": 537.312,
            "p(95)": 644.3949999999999
        },
        "http_req_tls_handshaking": {
            "min": 0,
            "med": 0,
            "max": 0,
            "p(90)": 0,
            "p(95)": 0,
            "avg": 0
        },
        "checks": {
            "passes": 65491,
            "fails": 0,
            "value": 1
        },
        "http_req_receiving": {
            "avg": 0.05658759218823714,
            "min": 0.004,
            "med": 0.019,
            "max": 109.945,
            "p(90)": 0.052,
            "p(95)": 0.08
        },
        "http_req_sending": {
            "min": 0.001,
            "med": 0.008,
            "max": 189.414,
            "p(90)": 0.085,
            "p(95)": 0.357,
            "avg": 0.524268128445103
        },
        "http_req_waiting": {
            "p(95)": 640.9469999999999,
            "avg": 530.7539420225651,
            "min": 500.387,
            "med": 507.696,
            "max": 1705.19,
            "p(90)": 535.943
        },
        "http_req_blocked": {
            "avg": 1.952253088208563,
            "min": 0,
            "med": 0.003,
            "max": 193.112,
            "p(90)": 0.011,
            "p(95)": 0.025
        },
        "vus": {
            "value": 487,
            "min": 487,
            "max": 1000
        },
        "data_sent": {
            "count": 4715352,
            "rate": 46471.38329432065
        }
    }
}