{
    "root_group": {
        "checks": {
            "status is 200": {
                "passes": 66189,
                "fails": 0,
                "name": "status is 200",
                "path": "::status is 200",
                "id": "6210a8cd14cd70477eba5c5e4cb3fb5f"
            }
        },
        "name": "",
        "path": "",
        "id": "d41d8cd98f00b204e9800998ecf8427e",
        "groups": {}
    },
    "metrics": {
        "http_req_blocked": {
            "p(90)": 0.009,
            "p(95)": 0.018,
            "avg": 1.27760590128036,
            "min": 0,
            "med": 0.003,
            "max": 171.927
        },
        "data_received": {
            "count": 6949845,
            "rate": 68480.11035574497
        },
        "http_req_duration{expected_response:true}": {
            "avg": 513.5639234615971,
            "min": 500.544,
            "med": 507.995,
            "max": 729.332,
            "p(90)": 519.2824,
            "p(95)": 529.6906
        },
        "iteration_duration": {
            "max": 1820.014917,
            "p(90)": 1522.469975,
            "p(95)": 1538.458325,
            "avg": 1516.2547908222095,
            "min": 1500.586125,
            "med": 1508.945042
        },
        "http_req_sending": {
            "med": 0.008,
            "max": 110.156,
            "p(90)": 0.081,
            "p(95)": 0.265,
            "avg": 0.19305085437147548,
            "min": 0.001
        },
        "data_sent": {
            "count": 4765608,
            "rate": 46957.78995822512
        },
        "http_req_tls_handshaking": {
            "avg": 0,
            "min": 0,
            "med": 0,
            "max": 0,
            "p(90)": 0,
            "p(95)": 0
        },
        "http_req_failed": {
            "passes": 0,
            "fails": 66189,
            "value": 0
        },
        "checks": {
            "passes": 66189,
            "fails": 0,
            "value": 1
        },
        "vus": {
            "value": 189,
            "min": 189,
            "max": 1000
        },
        "http_req_connecting": {
            "p(90)": 0,
            "p(95)": 0,
            "avg": 1.2431016180936394,
            "min": 0,
            "med": 0,
            "max": 153.307
        },
        "http_req_waiting": {
            "max": 725.72,
            "p(90)": 518.9732,
            "p(95)": 529.1424,
            "avg": 513.3389879738348,
            "min": 500.531,
            "med": 507.902
        },
        "http_req_receiving": {
            "avg": 0.03188463339830039,
            "min": 0.005,
            "med": 0.019,
            "max": 8.747,
            "p(90)": 0.046,
            "p(95)": 0.07
        },
        "http_req_duration": {
            "p(90)": 519.2824,
            "p(95)": 529.6906,
            "avg": 513.5639234615971,
            "min": 500.544,
            "med": 507.995,
            "max": 729.332
        },
        "iterations": {
            "count": 66189,
            "rate": 652.1915271975711
        },
        "vus_max": {
            "value": 1000,
            "min": 1000,
            "max": 1000
        },
        "http_reqs": {
            "count": 66189,
            "rate": 652.1915271975711
        }
    }
}