{
    "root_group": {
        "path": "",
        "id": "d41d8cd98f00b204e9800998ecf8427e",
        "groups": {},
        "checks": {
                "status is 200": {
                    "name": "status is 200",
                    "path": "::status is 200",
                    "id": "6210a8cd14cd70477eba5c5e4cb3fb5f",
                    "passes": 65726,
                    "fails": 0
                }
            },
        "name": ""
    },
    "metrics": {
        "http_req_duration{expected_response:true}": {
            "p(95)": 576.43975,
            "avg": 522.4705999908705,
            "min": 500.291,
            "med": 508.463,
            "max": 1333.385,
            "p(90)": 532.2975
        },
        "http_req_waiting": {
            "max": 1333.369,
            "p(90)": 531.2065,
            "p(95)": 575.2437499999999,
            "avg": 522.0139647171617,
            "min": 500.267,
            "med": 508.278
        },
        "data_sent": {
            "count": 4732272,
            "rate": 46629.999646846336
        },
        "data_received": {
            "count": 6901230,
            "rate": 68002.08281831758
        },
        "vus_max": {
            "min": 1000,
            "max": 1000,
            "value": 1000
        },
        "http_req_duration": {
            "p(95)": 576.43975,
            "avg": 522.4705999908705,
            "min": 500.291,
            "med": 508.463,
            "max": 1333.385,
            "p(90)": 532.2975
        },
        "http_req_blocked": {
            "p(90)": 0.011,
            "p(95)": 0.026,
            "avg": 1.2583600553794343,
            "min": 0,
            "med": 0.003,
            "max": 159.4
        },
        "http_req_failed": {
            "passes": 0,
            "fails": 65726,
            "value": 0
        },
        "iterations": {
            "count": 65726,
            "rate": 647.6388839839769
        },
        "checks": {
            "passes": 65726,
            "fails": 0,
            "value": 1
        },
        "http_req_sending": {
            "avg": 0.41110946961638883,
            "min": 0.001,
            "med": 0.009,
            "max": 183.183,
            "p(90)": 0.136,
            "p(95)": 0.5354999999999942
        },
        "http_req_receiving": {
            "med": 0.019,
            "max": 11.382,
            "p(90)": 0.062,
            "p(95)": 0.105,
            "avg": 0.045525804095790136,
            "min": 0.004
        },
        "iteration_duration": {
            "avg": 1527.031248025603,
            "min": 1500.418458,
            "med": 1509.7283335000002,
            "max": 2333.289625,
            "p(90)": 1543.210229,
            "p(95)": 1610.98291675
        },
        "http_req_connecting": {
            "avg": 1.14094264065971,
            "min": 0,
            "med": 0,
            "max": 151.056,
            "p(90)": 0,
            "p(95)": 0
        },
        "http_reqs": {
            "rate": 647.6388839839769,
            "count": 65726
        },
        "http_req_tls_handshaking": {
            "p(90)": 0,
            "p(95)": 0,
            "avg": 0,
            "min": 0,
            "med": 0,
            "max": 0
        },
        "vus": {
            "max": 1000,
            "value": 108,
            "min": 108
        }
    }
}