{
    "root_group": {
        "name": "",
        "path": "",
        "id": "d41d8cd98f00b204e9800998ecf8427e",
        "groups": {},
        "checks": {
                "status is 200": {
                    "name": "status is 200",
                    "path": "::status is 200",
                    "id": "6210a8cd14cd70477eba5c5e4cb3fb5f",
                    "passes": 66145,
                    "fails": 0
                }
            }
    },
    "metrics": {
        "http_req_failed": {
            "passes": 0,
            "fails": 66145,
            "value": 0
        },
        "data_received": {
            "count": 6945225,
            "rate": 68429.1008216783
        },
        "vus": {
            "value": 145,
            "min": 145,
            "max": 1000
        },
        "http_req_blocked": {
            "p(95)": 0.021,
            "avg": 2.162265205229754,
            "min": 0,
            "med": 0.003,
            "max": 227.089,
            "p(90)": 0.01
        },
        "checks": {
            "passes": 66145,
            "fails": 0,
            "value": 1
        },
        "data_sent": {
            "count": 4762440,
            "rate": 46922.81199200797
        },
        "http_req_duration": {
            "max": 777.543,
            "p(90)": 526.445,
            "p(95)": 547.6397999999999,
            "avg": 513.6601199939615,
            "min": 500.501,
            "med": 507.547
        },
        "http_req_sending": {
            "avg": 0.38409575931694434,
            "min": 0.001,
            "med": 0.009,
            "max": 168.917,
            "p(90)": 0.083,
            "p(95)": 0.336
        },
        "vus_max": {
            "value": 1000,
            "min": 1000,
            "max": 1000
        },
        "iterations": {
            "count": 66145,
            "rate": 651.7057221112218
        },
        "http_req_duration{expected_response:true}": {
            "min": 500.501,
            "med": 507.547,
            "max": 777.543,
            "p(90)": 526.445,
            "p(95)": 547.6397999999999,
            "avg": 513.6601199939615
        },
        "http_req_receiving": {
            "max": 15.722,
            "p(90)": 0.05,
            "p(95)": 0.075,
            "avg": 0.03480631944969254,
            "min": 0.004,
            "med": 0.019
        },
        "http_reqs": {
            "count": 66145,
            "rate": 651.7057221112218
        },
        "iteration_duration": {
            "min": 1500.683875,
            "med": 1508.595208,
            "max": 1816.917875,
            "p(90)": 1531.2854752,
            "p(95)": 1552.703,
            "avg": 1517.658539449998
        },
        "http_req_connecting": {
            "avg": 1.8580816085871954,
            "min": 0,
            "med": 0,
            "max": 222.63,
            "p(90)": 0,
            "p(95)": 0
        },
        "http_req_tls_handshaking": {
            "avg": 0,
            "min": 0,
            "med": 0,
            "max": 0,
            "p(90)": 0,
            "p(95)": 0
        },
        "http_req_waiting": {
            "p(95)": 546.7256,
            "avg": 513.241217915184,
            "min": 500.468,
            "med": 507.441,
            "max": 777.499,
            "p(90)": 525.3154
        }
    }
}