{
    "root_group": {
        "path": "",
        "id": "d41d8cd98f00b204e9800998ecf8427e",
        "groups": {},
        "checks": {
                "status is 200": {
                    "name": "status is 200",
                    "path": "::status is 200",
                    "id": "6210a8cd14cd70477eba5c5e4cb3fb5f",
                    "passes": 63238,
                    "fails": 0
                }
            },
        "name": ""
    },
    "metrics": {
        "vus": {
            "value": 218,
            "min": 218,
            "max": 1000
        },
        "iterations": {
            "count": 63238,
            "rate": 623.0556236804725
        },
        "vus_max": {
            "value": 1000,
            "min": 1000,
            "max": 1000
        },
        "iteration_duration": {
            "avg": 1590.1856361111954,
            "min": 1500.975375,
            "med": 1509.5938545,
            "max": 24221.065375,
            "p(90)": 1648.0787664,
            "p(95)": 1885.8517169499999
        },
        "data_received": {
            "count": 6639990,
            "rate": 65420.84048644961
        },
        "http_req_sending": {
            "avg": 0.28551612954231603,
            "min": 0.003,
            "med": 0.021,
            "max": 252.756,
            "p(90)": 0.124,
            "p(95)": 0.308
        },
        "http_req_receiving": {
            "avg": 0.1462026787691029,
            "min": 0.006,
            "med": 0.039,
            "max": 214.817,
            "p(90)": 0.192,
            "p(95)": 0.383
        },
        "http_req_duration": {
            "p(95)": 819.5691999999973,
            "avg": 585.1055823555427,
            "min": 500.608,
            "med": 508.316,
            "max": 22978.333,
            "p(90)": 630.2303
        },
        "http_req_blocked": {
            "avg": 3.3212070748600904,
            "min": 0.053,
            "med": 0.332,
            "max": 362.526,
            "p(90)": 1.3813000000000013,
            "p(95)": 3.572749999999986
        },
        "checks": {
            "passes": 63238,
            "fails": 0,
            "value": 1
        },
        "http_reqs": {
            "count": 63238,
            "rate": 623.0556236804725
        },
        "http_req_tls_handshaking": {
            "med": 0,
            "max": 0,
            "p(90)": 0,
            "p(95)": 0,
            "avg": 0,
            "min": 0
        },
        "data_sent": {
            "count": 4553136,
            "rate": 44860.00490499402
        },
        "http_req_failed": {
            "passes": 0,
            "fails": 63238,
            "value": 0
        },
        "http_req_duration{expected_response:true}": {
            "med": 508.316,
            "max": 22978.333,
            "p(90)": 630.2303,
            "p(95)": 819.5691999999973,
            "avg": 585.1055823555427,
            "min": 500.608
        },
        "http_req_connecting": {
            "max": 250.165,
            "p(90)": 1.229,
            "p(95)": 2.965,
            "avg": 3.1094224991303054,
            "min": 0.045,
            "med": 0.291
        },
        "http_req_waiting": {
            "avg": 584.6738635472274,
            "min": 500.518,
            "med": 508.155,
            "max": 22969.558,
            "p(90)": 629.0889,
            "p(95)": 815.7021999999998
        }
    }
}