{
    "metrics": {
        "http_req_connecting": {
            "max": 164.178,
            "p(90)": 0,
            "p(95)": 0,
            "avg": 1.2152408333333349,
            "min": 0,
            "med": 0
        },
        "http_req_failed": {
            "passes": 0,
            "fails": 66000,
            "value": 0
        },
        "checks": {
            "passes": 66000,
            "fails": 0,
            "value": 1
        },
        "data_received": {
            "count": 6930000,
            "rate": 68481.65247077256
        },
        "http_req_blocked": {
            "med": 0.003,
            "max": 167.137,
            "p(90)": 0.014,
            "p(95)": 0.034,
            "avg": 1.255609196968095,
            "min": 0
        },
        "http_req_receiving": {
            "min": 0.004,
            "med": 0.018,
            "max": 114.627,
            "p(90)": 0.053,
            "p(95)": 0.089,
            "avg": 0.06754365151515303
        },
        "vus_max": {
            "value": 1000,
            "min": 1000,
            "max": 1000
        },
        "http_req_duration": {
            "avg": 524.9166173939442,
            "min": 500.288,
            "med": 508.211,
            "max": 1053.937,
            "p(90)": 538.6697,
            "p(95)": 607.6277499999998
        },
        "http_req_tls_handshaking": {
            "avg": 0,
            "min": 0,
            "med": 0,
            "max": 0,
            "p(90)": 0,
            "p(95)": 0
        },
        "iteration_duration": {
            "p(90)": 1560.547058,
            "p(95)": 1660.915883,
            "avg": 1530.6235122706062,
            "min": 1500.365292,
            "med": 1510.9115205,
            "max": 2109.206917
        },
        "http_req_sending": {
            "p(90)": 0.152,
            "p(95)": 0.955,
            "avg": 0.6941709696968897,
            "min": 0.001,
            "med": 0.008,
            "max": 119.077
        },
        "data_sent": {
            "count": 4752000,
            "rate": 46958.847408529764
        },
        "http_reqs": {
            "count": 66000,
            "rate": 652.2062140073577
        },
        "http_req_duration{expected_response:true}": {
            "p(90)": 538.6697,
            "p(95)": 607.6277499999998,
            "avg": 524.9166173939442,
            "min": 500.288,
            "med": 508.211,
            "max": 1053.937
        },
        "http_req_waiting": {
            "p(95)": 595.4414499999991,
            "avg": 524.154902772728,
            "min": 500.272,
            "med": 507.936,
            "max": 1003.979,
            "p(90)": 536.8801
        },
        "vus": {
            "value": 938,
            "min": 938,
            "max": 1000
        },
        "iterations": {
            "count": 66000,
            "rate": 652.2062140073577
        }
    },
    "root_group": {
        "id": "d41d8cd98f00b204e9800998ecf8427e",
        "groups": {},
        "checks": {
                "status is 200": {
                    "path": "::status is 200",
                    "id": "6210a8cd14cd70477eba5c5e4cb3fb5f",
                    "passes": 66000,
                    "fails": 0,
                    "name": "status is 200"
                }
            },
        "name": "",
        "path": ""
    }
}