{
    "root_group": {
        "groups": {},
        "checks": {
                "status is 200": {
                    "name": "status is 200",
                    "path": "::status is 200",
                    "id": "6210a8cd14cd70477eba5c5e4cb3fb5f",
                    "passes": 66464,
                    "fails": 0
                }
            },
        "name": "",
        "path": "",
        "id": "d41d8cd98f00b204e9800998ecf8427e"
    },
    "metrics": {
        "iterations": {
            "count": 66464,
            "rate": 654.8664263735945
        },
        "http_req_connecting": {
            "max": 139.402,
            "p(90)": 0,
            "p(95)": 0,
            "avg": 0.8934451733269153,
            "min": 0,
            "med": 0
        },
        "data_sent": {
            "count": 4785408,
            "rate": 47150.38269889881
        },
        "iteration_duration": {
            "p(90)": 1526.2345500000001,
            "p(95)": 1538.0488688,
            "avg": 1515.058968596688,
            "min": 1500.474792,
            "med": 1509.461229,
            "max": 1785.522125
        },
        "checks": {
            "passes": 66464,
            "fails": 0,
            "value": 1
        },
        "vus": {
            "value": 464,
            "min": 464,
            "max": 1000
        },
        "http_req_waiting": {
            "med": 508.171,
            "max": 705.681,
            "p(90)": 523.326,
            "p(95)": 535.5971,
            "avg": 512.7653403496579,
            "min": 500.378
        },
        "http_req_failed": {
            "passes": 0,
            "fails": 66464,
            "value": 0
        },
        "http_reqs": {
            "count": 66464,
            "rate": 654.8664263735945
        },
        "http_req_duration": {
            "avg": 513.0060235014456,
            "min": 500.395,
            "med": 508.307,
            "max": 705.721,
            "p(90)": 523.5105,
            "p(95)": 535.95
        },
        "http_req_blocked": {
            "avg": 0.9184361157909079,
            "min": 0,
            "med": 0.003,
            "max": 139.423,
            "p(90)": 0.006,
            "p(95)": 0.011
        },
        "http_req_duration{expected_response:true}": {
            "p(90)": 523.5105,
            "p(95)": 535.95,
            "avg": 513.0060235014456,
            "min": 500.395,
            "med": 508.307,
            "max": 705.721
        },
        "http_req_sending": {
            "max": 63.195,
            "p(90)": 0.104,
            "p(95)": 0.359,
            "avg": 0.21245024374089408,
            "min": 0.001,
            "med": 0.007
        },
        "http_req_receiving": {
            "p(90)": 0.04,
            "p(95)": 0.06,
            "avg": 0.02823290804044253,
            "min": 0.005,
            "med": 0.017,
            "max": 15.18
        },
        "http_req_tls_handshaking": {
            "avg": 0,
            "min": 0,
            "med": 0,
            "max": 0,
            "p(90)": 0,
            "p(95)": 0
        },
        "vus_max": {
            "value": 1000,
            "min": 1000,
            "max": 1000
        },
        "data_received": {
            "count": 6978720,
            "rate": 68760.97476922742
        }
    }
}