{
    "root_group": {
        "path": "",
        "id": "d41d8cd98f00b204e9800998ecf8427e",
        "groups": {},
        "checks": {
                "status is 200": {
                    "name": "status is 200",
                    "path": "::status is 200",
                    "id": "6210a8cd14cd70477eba5c5e4cb3fb5f",
                    "passes": 46726,
                    "fails": 386
                }
            },
        "name": ""
    },
    "metrics": {
        "http_req_tls_handshaking": {
            "avg": 0,
            "min": 0,
            "med": 0,
            "max": 0,
            "p(90)": 0,
            "p(95)": 0
        },
        "http_reqs": {
            "count": 47112,
            "rate": 464.5605444801043
        },
        "http_req_duration{expected_response:true}": {
            "med": 507.135,
            "max": 50874.632,
            "p(90)": 708.8335000000001,
            "p(95)": 1512.34625,
            "avg": 1047.974713564183,
            "min": 500.604
        },
        "http_req_waiting": {
            "p(95)": 1551.5187999999998,
            "avg": 1128.620835095104,
            "min": 500.559,
            "med": 506.995,
            "max": 50874.574,
            "p(90)": 741.8594
        },
        "iterations": {
            "count": 47112,
            "rate": 464.5605444801043
        },
        "http_req_duration": {
            "min": 500.604,
            "med": 507.235,
            "max": 50874.632,
            "p(90)": 749.8153000000003,
            "p(95)": 1554.666,
            "avg": 1129.746963724742
        },
        "http_req_connecting": {
            "min": 0.056,
            "med": 0.255,
            "max": 668.274,
            "p(90)": 1.221,
            "p(95)": 3.806349999999994,
            "avg": 3.316036508745145
        },
        "http_req_blocked": {
            "p(90)": 1.516,
            "p(95)": 4.671899999999996,
            "avg": 3.5818358380030793,
            "min": 0.07,
            "med": 0.299,
            "max": 790.123
        },
        "http_req_failed": {
            "passes": 386,
            "fails": 46726,
            "value": 0.008193241636950246
        },
        "iteration_duration": {
            "max": 51876.98475,
            "p(90)": 1786.8439789000001,
            "p(95)": 2582.1189187499995,
            "avg": 2135.8808978695733,
            "min": 1500.988709,
            "med": 1508.6715414999999
        },
        "checks": {
            "passes": 46726,
            "fails": 386,
            "value": 0.9918067583630498
        },
        "vus": {
            "value": 317,
            "min": 317,
            "max": 1000
        },
        "data_sent": {
            "count": 3392064,
            "rate": 33448.35920256751
        },
        "http_req_receiving": {
            "med": 0.045,
            "max": 11877.216,
            "p(90)": 0.23,
            "p(95)": 0.487,
            "avg": 0.8623859526235365,
            "min": 0
        },
        "vus_max": {
            "max": 1000,
            "value": 1000,
            "min": 1000
        },
        "http_req_sending": {
            "avg": 0.26374267702498855,
            "min": 0.003,
            "med": 0.022,
            "max": 197.57,
            "p(90)": 0.161,
            "p(95)": 0.487
        },
        "data_received": {
            "count": 4914758,
            "rate": 48463.29284403015
        }
    }
}