{
    "root_group": {
        "name": "",
        "path": "",
        "id": "d41d8cd98f00b204e9800998ecf8427e",
        "groups": {},
        "checks": {
                "status is 200": {
                    "path": "::status is 200",
                    "id": "6210a8cd14cd70477eba5c5e4cb3fb5f",
                    "passes": 63362,
                    "fails": 0,
                    "name": "status is 200"
                }
            }
    },
    "metrics": {
        "http_req_failed": {
            "passes": 0,
            "fails": 63362,
            "value": 0
        },
        "http_req_duration{expected_response:true}": {
            "avg": 584.0470040718504,
            "min": 500.749,
            "med": 509.105,
            "max": 4564.875,
            "p(90)": 654.0709,
            "p(95)": 1216.7972499999998
        },
        "http_req_waiting": {
            "avg": 583.7109945077474,
            "min": 500.549,
            "med": 508.925,
            "max": 4564.736,
            "p(90)": 653.5612,
            "p(95)": 1216.6400999999996
        },
        "http_req_receiving": {
            "avg": 0.17818062876804383,
            "min": 0.006,
            "med": 0.04,
            "max": 406.541,
            "p(90)": 0.214,
            "p(95)": 0.468
        },
        "iteration_duration": {
            "avg": 1588.0294047685481,
            "min": 1501.052208,
            "med": 1510.6470205,
            "max": 5566.681333,
            "p(90)": 1681.6539458000002,
            "p(95)": 2217.5023458499995
        },
        "data_received": {
            "count": 6653010,
            "rate": 65668.37528224749
        },
        "iterations": {
            "count": 63362,
            "rate": 625.4130979261666
        },
        "http_req_connecting": {
            "avg": 2.5567923992298907,
            "min": 0.04,
            "med": 0.292,
            "max": 242.09,
            "p(90)": 1.284,
            "p(95)": 2.903
        },
        "checks": {
            "passes": 63362,
            "fails": 0,
            "value": 1
        },
        "http_reqs": {
            "count": 63362,
            "rate": 625.4130979261666
        },
        "http_req_tls_handshaking": {
            "med": 0,
            "max": 0,
            "p(90)": 0,
            "p(95)": 0,
            "avg": 0,
            "min": 0
        },
        "vus_max": {
            "value": 1000,
            "min": 1000,
            "max": 1000
        },
        "data_sent": {
            "count": 4562064,
            "rate": 45029.743050683996
        },
        "vus": {
            "value": 325,
            "min": 325,
            "max": 1000
        },
        "http_req_duration": {
            "avg": 584.0470040718504,
            "min": 500.749,
            "med": 509.105,
            "max": 4564.875,
            "p(90)": 654.0709,
            "p(95)": 1216.7972499999998
        },
        "http_req_blocked": {
            "med": 0.334,
            "max": 256.663,
            "p(90)": 1.508,
            "p(95)": 3.6688499999999915,
            "avg": 2.8628185821154593,
            "min": 0.049
        },
        "http_req_sending": {
            "med": 0.02,
            "max": 121.097,
            "p(90)": 0.147,
            "p(95)": 0.356,
            "avg": 0.1578289353240282,
            "min": 0.003
        }
    }
}