{
    "metrics": {
        "http_req_blocked": {
            "p(95)": 2.558,
            "avg": 1.264918801541151,
            "min": 0.052,
            "med": 0.297,
            "max": 196.499,
            "p(90)": 1.109
        },
        "http_req_tls_handshaking": {
            "avg": 0,
            "min": 0,
            "med": 0,
            "max": 0,
            "p(90)": 0,
            "p(95)": 0
        },
        "checks": {
            "passes": 59141,
            "fails": 35,
            "value": 0.9994085440043261
        },
        "http_req_receiving": {
            "avg": 0.30472152561850785,
            "min": 0.006,
            "med": 0.041,
            "max": 1422.758,
            "p(90)": 0.185,
            "p(95)": 0.381
        },
        "http_req_duration{expected_response:true}": {
            "p(95)": 1533.298,
            "avg": 695.7897285470428,
            "min": 500.6,
            "med": 510.078,
            "max": 12792.991,
            "p(90)": 1477.799
        },
        "vus": {
            "value": 404,
            "min": 404,
            "max": 1000
        },
        "http_req_sending": {
            "med": 0.02,
            "max": 153.226,
            "p(90)": 0.121,
            "p(95)": 0.359,
            "avg": 0.4404604907393258,
            "min": 0.003
        },
        "http_reqs": {
            "count": 59176,
            "rate": 582.9703921656093
        },
        "data_sent": {
            "count": 4260744,
            "rate": 41974.57754152472
        },
        "iterations": {
            "count": 59176,
            "rate": 582.9703921656093
        },
        "vus_max": {
            "value": 1000,
            "min": 1000,
            "max": 1000
        },
        "http_req_duration": {
            "p(90)": 1479.7635,
            "p(95)": 1534.238,
            "avg": 699.5578165979554,
            "min": 500.6,
            "med": 510.094,
            "max": 12792.991
        },
        "http_req_waiting": {
            "med": 509.888,
            "max": 12792.908,
            "p(90)": 1461.614,
            "p(95)": 1533.28975,
            "avg": 698.8126345815964,
            "min": 500.556
        },
        "http_req_failed": {
            "passes": 35,
            "fails": 59141,
            "value": 0.0005914559956739218
        },
        "http_req_connecting": {
            "med": 0.255,
            "max": 95.156,
            "p(90)": 0.9015000000000013,
            "p(95)": 2.07,
            "avg": 1.1141204711369348,
            "min": 0
        },
        "data_received": {
            "rate": 61188.099885360454,
            "count": 6211065
        },
        "iteration_duration": {
            "avg": 1702.1035567919034,
            "min": 1500.827125,
            "med": 1511.5051875,
            "max": 13810.993125,
            "p(90)": 2502.1342915,
            "p(95)": 2543.2468015
        }
    },
    "root_group": {
        "name": "",
        "path": "",
        "id": "d41d8cd98f00b204e9800998ecf8427e",
        "groups": {},
        "checks": {
                "status is 200": {
                    "name": "status is 200",
                    "path": "::status is 200",
                    "id": "6210a8cd14cd70477eba5c5e4cb3fb5f",
                    "passes": 59141,
                    "fails": 35
                }
            }
    }
}