{
    "root_group": {
        "path": "",
        "id": "d41d8cd98f00b204e9800998ecf8427e",
        "groups": {},
        "checks": {
                "status is 200": {
                    "name": "status is 200",
                    "path": "::status is 200",
                    "id": "6210a8cd14cd70477eba5c5e4cb3fb5f",
                    "passes": 86230,
                    "fails": 3
                }
            },
        "name": ""
    },
    "metrics": {
        "iteration_duration": {
            "avg": 1165.9418964767804,
            "min": 1000.48375,
            "med": 1004.369792,
            "max": 13629.915416,
            "p(90)": 1503.8734416,
            "p(95)": 1509.3704082
        },
        "http_req_duration{expected_response:true}": {
            "max": 12510.191,
            "p(90)": 503.153,
            "p(95)": 508.4922,
            "avg": 163.95840104372164,
            "min": 0.325,
            "med": 3.867
        },
        "http_req_waiting": {
            "min": 0.29,
            "med": 3.821,
            "max": 12509.993,
            "p(90)": 503.079,
            "p(95)": 508.39959999999996,
            "avg": 163.97142453584908
        },
        "data_sent": {
            "count": 6170336,
            "rate": 60790.197614919576
        },
        "http_req_tls_handshaking": {
            "p(95)": 0,
            "avg": 0,
            "min": 0,
            "med": 0,
            "max": 0,
            "p(90)": 0
        },
        "data_received": {
            "count": 9054258,
            "rate": 89202.61928628628
        },
        "iterations": {
            "count": 86233,
            "rate": 849.5681776369001
        },
        "vus_max": {
            "max": 1000,
            "value": 1000,
            "min": 1000
        },
        "http_req_duration": {
            "max": 12510.191,
            "p(90)": 503.1538,
            "p(95)": 508.498,
            "avg": 164.13062615240239,
            "min": 0.325,
            "med": 3.867
        },
        "http_req_blocked": {
            "max": 186.121,
            "p(90)": 0.321,
            "p(95)": 0.535,
            "avg": 1.4675228160912492,
            "min": 0.064,
            "med": 0.153
        },
        "http_req_sending": {
            "avg": 0.10254141685896569,
            "min": 0.003,
            "med": 0.011,
            "max": 138.681,
            "p(90)": 0.037,
            "p(95)": 0.055
        },
        "checks": {
            "passes": 86230,
            "fails": 3,
            "value": 0.9999652105342502
        },
        "http_req_connecting": {
            "med": 0.134,
            "max": 184.087,
            "p(90)": 0.28,
            "p(95)": 0.45,
            "avg": 1.4241950645344992,
            "min": 0.049
        },
        "http_reqs": {
            "count": 86233,
            "rate": 849.5681776369001
        },
        "http_req_receiving": {
            "p(90)": 0.072,
            "p(95)": 0.114,
            "avg": 0.05666019969152632,
            "min": 0.005,
            "med": 0.021,
            "max": 184.181
        },
        "vus": {
            "value": 183,
            "min": 183,
            "max": 1000
        },
        "http_req_failed": {
            "fails": 86230,
            "passes": 3,
            "value": 0.000034789465749770967
        }
    }
}