{
    "root_group": {
        "name": "",
        "path": "",
        "id": "d41d8cd98f00b204e9800998ecf8427e",
        "groups": {},
        "checks": {
                "status is 200": {
                    "name": "status is 200",
                    "path": "::status is 200",
                    "id": "6210a8cd14cd70477eba5c5e4cb3fb5f",
                    "passes": 82819,
                    "fails": 0
                }
            }
    },
    "metrics": {
        "http_req_sending": {
            "avg": 0.1449914633115535,
            "min": 0.003,
            "med": 0.011,
            "max": 66.109,
            "p(90)": 0.044,
            "p(95)": 0.086
        },
        "iterations": {
            "count": 82819,
            "rate": 745.1561141152798
        },
        "http_req_tls_handshaking": {
            "avg": 0,
            "min": 0,
            "med": 0,
            "max": 0,
            "p(90)": 0,
            "p(95)": 0
        },
        "http_req_failed": {
            "passes": 0,
            "fails": 82819,
            "value": 0
        },
        "data_sent": {
            "count": 5926239,
            "rate": 53320.77451500769
        },
        "http_req_blocked": {
            "avg": 1.2485924606672354,
            "min": 0.061,
            "med": 0.163,
            "max": 135.773,
            "p(90)": 0.449,
            "p(95)": 1.223
        },
        "checks": {
            "passes": 82819,
            "fails": 0,
            "value": 1
        },
        "vus": {
            "value": 1,
            "min": 1,
            "max": 1000
        },
        "vus_max": {
            "value": 1000,
            "min": 1000,
            "max": 1000
        },
        "data_received": {
            "count": 8695995,
            "rate": 78241.39198210438
        },
        "http_req_connecting": {
            "p(95)": 1.0010999999999963,
            "avg": 1.1163909489368726,
            "min": 0.046,
            "med": 0.143,
            "max": 118.268,
            "p(90)": 0.382
        },
        "http_req_receiving": {
            "min": 0.005,
            "med": 0.022,
            "max": 789.521,
            "p(90)": 0.092,
            "p(95)": 0.165,
            "avg": 0.3048472814209299
        },
        "http_req_duration": {
            "p(90)": 507.8642,
            "p(95)": 606.7675999999992,
            "avg": 212.38739197526968,
            "min": 0.314,
            "med": 4.871,
            "max": 31713.668
        },
        "http_req_waiting": {
            "avg": 211.93755323054015,
            "min": 0.265,
            "med": 4.817,
            "max": 31713.495,
            "p(90)": 507.742,
            "p(95)": 603.2044999999989
        },
        "iteration_duration": {
            "p(95)": 1614.9829082999997,
            "avg": 1214.5608140725467,
            "min": 1000.484417,
            "med": 1005.633125,
            "max": 32715.249959,
            "p(90)": 1509.1507411999999
        },
        "http_reqs": {
            "rate": 745.1561141152798,
            "count": 82819
        },
        "http_req_duration{expected_response:true}": {
            "min": 0.314,
            "med": 4.871,
            "max": 31713.668,
            "p(90)": 507.8642,
            "p(95)": 606.7675999999992,
            "avg": 212.38739197526968
        }
    }
}