{
    "root_group": {
        "groups": {},
        "checks": {
                "status is 200": {
                    "id": "6210a8cd14cd70477eba5c5e4cb3fb5f",
                    "passes": 86867,
                    "fails": 0,
                    "name": "status is 200",
                    "path": "::status is 200"
                }
            },
        "name": "",
        "path": "",
        "id": "d41d8cd98f00b204e9800998ecf8427e"
    },
    "metrics": {
        "http_req_failed": {
            "passes": 0,
            "fails": 86867,
            "value": 0
        },
        "http_req_connecting": {
            "avg": 1.1125401015345886,
            "min": 0.055,
            "med": 0.136,
            "max": 172.48,
            "p(90)": 0.316,
            "p(95)": 0.6526999999999962
        },
        "iterations": {
            "count": 86867,
            "rate": 855.8287685913965
        },
        "http_req_sending": {
            "avg": 0.09408500351112037,
            "min": 0.003,
            "med": 0.011,
            "max": 168.731,
            "p(90)": 0.039,
            "p(95)": 0.06
        },
        "checks": {
            "passes": 86867,
            "fails": 0,
            "value": 1
        },
        "http_req_blocked": {
            "min": 0.066,
            "med": 0.155,
            "max": 187.65,
            "p(90)": 0.362,
            "p(95)": 0.749,
            "avg": 1.1726554848215969
        },
        "iteration_duration": {
            "max": 12214.727791,
            "p(90)": 1504.0856082,
            "p(95)": 1511.7597374,
            "avg": 1157.662698807937,
            "min": 1000.495875,
            "med": 1004.47175
        },
        "http_req_duration{expected_response:true}": {
            "avg": 155.95087572956322,
            "min": 0.321,
            "med": 3.917,
            "max": 11064.182,
            "p(90)": 503.2748,
            "p(95)": 510.31589999999994
        },
        "data_received": {
            "count": 9121035,
            "rate": 89862.02070209663
        },
        "http_reqs": {
            "count": 86867,
            "rate": 855.8287685913965
        },
        "http_req_duration": {
            "avg": 155.95087572956322,
            "min": 0.321,
            "med": 3.917,
            "max": 11064.182,
            "p(90)": 503.2748,
            "p(95)": 510.31589999999994
        },
        "data_sent": {
            "count": 6216447,
            "rate": 61245.51533981467
        },
        "http_req_receiving": {
            "p(90)": 0.077,
            "p(95)": 0.123,
            "avg": 0.08335849056603761,
            "min": 0.004,
            "med": 0.02,
            "max": 292.47
        },
        "vus": {
            "value": 139,
            "min": 139,
            "max": 1000
        },
        "vus_max": {
            "value": 1000,
            "min": 1000,
            "max": 1000
        },
        "http_req_tls_handshaking": {
            "max": 0,
            "p(90)": 0,
            "p(95)": 0,
            "avg": 0,
            "min": 0,
            "med": 0
        },
        "http_req_waiting": {
            "avg": 155.77343223548496,
            "min": 0.249,
            "med": 3.869,
            "max": 11063.952,
            "p(90)": 503.195,
            "p(95)": 510.2057
        }
    }
}