{
    "root_group": {
        "groups": {},
        "checks": {
                "status is 200": {
                    "passes": 85979,
                    "fails": 0,
                    "name": "status is 200",
                    "path": "::status is 200",
                    "id": "6210a8cd14cd70477eba5c5e4cb3fb5f"
                }
            },
        "name": "",
        "path": "",
        "id": "d41d8cd98f00b204e9800998ecf8427e"
    },
    "metrics": {
        "http_req_duration": {
            "max": 5251.658,
            "p(90)": 504.638,
            "p(95)": 525.1919,
            "avg": 169.25437368427131,
            "min": 0.316,
            "med": 4.166
        },
        "iterations": {
            "count": 85979,
            "rate": 839.7347165332035
        },
        "data_received": {
            "count": 9027795,
            "rate": 88172.14523598636
        },
        "http_req_waiting": {
            "p(95)": 524.6698,
            "avg": 169.03044639970125,
            "min": 0.29,
            "med": 4.115,
            "max": 5251.58,
            "p(90)": 504.5246
        },
        "http_req_blocked": {
            "p(90)": 0.352,
            "p(95)": 0.689,
            "avg": 1.6873548192000412,
            "min": 0.069,
            "med": 0.152,
            "max": 364.14
        },
        "http_req_receiving": {
            "avg": 0.12411872666581958,
            "min": 0.004,
            "med": 0.021,
            "max": 537.148,
            "p(90)": 0.078,
            "p(95)": 0.126
        },
        "http_req_failed": {
            "fails": 85979,
            "passes": 0,
            "value": 0
        },
        "checks": {
            "passes": 85979,
            "fails": 0,
            "value": 1
        },
        "http_req_sending": {
            "avg": 0.09980855790368444,
            "min": 0.003,
            "med": 0.011,
            "max": 105.611,
            "p(90)": 0.041,
            "p(95)": 0.066
        },
        "vus_max": {
            "value": 1000,
            "min": 1000,
            "max": 1000
        },
        "http_reqs": {
            "count": 85979,
            "rate": 839.7347165332035
        },
        "http_req_duration{expected_response:true}": {
            "min": 0.316,
            "med": 4.166,
            "max": 5251.658,
            "p(90)": 504.638,
            "p(95)": 525.1919,
            "avg": 169.25437368427131
        },
        "http_req_connecting": {
            "avg": 1.3555852126682226,
            "min": 0.051,
            "med": 0.133,
            "max": 341.458,
            "p(90)": 0.296,
            "p(95)": 0.572
        },
        "http_req_tls_handshaking": {
            "avg": 0,
            "min": 0,
            "med": 0,
            "max": 0,
            "p(90)": 0,
            "p(95)": 0
        },
        "vus": {
            "value": 13,
            "min": 13,
            "max": 1000
        },
        "iteration_duration": {
            "min": 1000.499208,
            "med": 1004.695791,
            "max": 6252.104166,
            "p(90)": 1505.7249006000002,
            "p(95)": 1533.7832791999997,
            "avg": 1171.4715572279993
        },
        "data_sent": {
            "count": 6151366,
            "rate": 60078.80510708412
        }
    }
}