{
    "metrics": {
        "http_req_blocked": {
            "p(95)": 0.576,
            "avg": 1.0842320124478908,
            "min": 0.058,
            "med": 0.183,
            "max": 184.523,
            "p(90)": 0.382
        },
        "data_received": {
            "count": 9244935,
            "rate": 91072.7148779029
        },
        "checks": {
            "passes": 88047,
            "fails": 0,
            "value": 1
        },
        "vus": {
            "value": 204,
            "min": 204,
            "max": 1000
        },
        "http_req_duration{expected_response:true}": {
            "p(90)": 504.343,
            "p(95)": 509.503,
            "avg": 141.1547959385337,
            "min": 0.323,
            "med": 4.234,
            "max": 4048.011
        },
        "http_req_receiving": {
            "med": 0.023,
            "max": 295.337,
            "p(90)": 0.079,
            "p(95)": 0.121,
            "avg": 0.05972161459220682,
            "min": 0.004
        },
        "data_sent": {
            "count": 6298980,
            "rate": 62051.83806718087
        },
        "vus_max": {
            "value": 1000,
            "min": 1000,
            "max": 1000
        },
        "http_req_connecting": {
            "avg": 0.9708334866605548,
            "min": 0.049,
            "med": 0.16,
            "max": 171.789,
            "p(90)": 0.334,
            "p(95)": 0.49
        },
        "http_req_duration": {
            "max": 4048.011,
            "p(90)": 504.343,
            "p(95)": 509.503,
            "avg": 141.1547959385337,
            "min": 0.323,
            "med": 4.234
        },
        "http_req_failed": {
            "passes": 0,
            "fails": 88047,
            "value": 0
        },
        "http_req_sending": {
            "p(90)": 0.04,
            "p(95)": 0.062,
            "avg": 0.14084103944482557,
            "min": 0.003,
            "med": 0.012,
            "max": 55.425
        },
        "http_req_waiting": {
            "avg": 140.9542332844952,
            "min": 0.253,
            "med": 4.176,
            "max": 4047.975,
            "p(90)": 504.2654,
            "p(95)": 509.3968
        },
        "iteration_duration": {
            "p(90)": 1505.0483254,
            "p(95)": 1510.4644293,
            "avg": 1142.5660767443171,
            "min": 1000.496291,
            "med": 1004.821458,
            "max": 5086.22025
        },
        "iterations": {
            "count": 88047,
            "rate": 867.3591893133608
        },
        "http_req_tls_handshaking": {
            "avg": 0,
            "min": 0,
            "med": 0,
            "max": 0,
            "p(90)": 0,
            "p(95)": 0
        },
        "http_reqs": {
            "count": 88047,
            "rate": 867.3591893133608
        }
    },
    "root_group": {
        "groups": {},
        "checks": {
                "status is 200": {
                    "name": "status is 200",
                    "path": "::status is 200",
                    "id": "6210a8cd14cd70477eba5c5e4cb3fb5f",
                    "passes": 88047,
                    "fails": 0
                }
            },
        "name": "",
        "path": "",
        "id": "d41d8cd98f00b204e9800998ecf8427e"
    }
}