{
    "metrics": {
        "http_req_blocked": {
            "avg": 0.9109790005767081,
            "min": 0.049,
            "med": 0.186,
            "max": 97.327,
            "p(90)": 0.386,
            "p(95)": 0.594
        },
        "http_req_receiving": {
            "max": 140.6,
            "p(90)": 0.08,
            "p(95)": 0.123,
            "avg": 0.05894821951577686,
            "min": 0.005,
            "med": 0.023
        },
        "vus": {
            "value": 173,
            "min": 173,
            "max": 1000
        },
        "http_req_waiting": {
            "max": 1578.29,
            "p(90)": 503.864,
            "p(95)": 507.7485,
            "avg": 135.2730845970304,
            "min": 0.249,
            "med": 4.025
        },
        "http_req_duration": {
            "med": 4.081,
            "max": 1592.014,
            "p(90)": 503.94,
            "p(95)": 507.84,
            "avg": 135.38671979283328,
            "min": 0.324
        },
        "http_reqs": {
            "count": 88431,
            "rate": 871.213448979675
        },
        "iterations": {
            "count": 88431,
            "rate": 871.213448979675
        },
        "http_req_duration{expected_response:true}": {
            "max": 1592.014,
            "p(90)": 503.94,
            "p(95)": 507.84,
            "avg": 135.38671979283328,
            "min": 0.324,
            "med": 4.081
        },
        "http_req_failed": {
            "passes": 0,
            "fails": 88431,
            "value": 0
        },
        "http_req_connecting": {
            "med": 0.163,
            "max": 97.3,
            "p(90)": 0.34,
            "p(95)": 0.512,
            "avg": 0.8656289310309793,
            "min": 0.043
        },
        "checks": {
            "passes": 88431,
            "fails": 0,
            "value": 1
        },
        "data_sent": {
            "rate": 62329.61753127639,
            "count": 6326659
        },
        "iteration_duration": {
            "avg": 1136.7864510069298,
            "min": 1000.514875,
            "med": 1004.698708,
            "max": 2662.607542,
            "p(90)": 1504.679333,
            "p(95)": 1508.8016045
        },
        "http_req_tls_handshaking": {
            "avg": 0,
            "min": 0,
            "med": 0,
            "max": 0,
            "p(90)": 0,
            "p(95)": 0
        },
        "http_req_sending": {
            "p(90)": 0.039,
            "p(95)": 0.06,
            "avg": 0.054686976286599756,
            "min": 0.003,
            "med": 0.012,
            "max": 45.268
        },
        "data_received": {
            "count": 9285255,
            "rate": 91477.41214286588
        },
        "vus_max": {
            "value": 1000,
            "min": 1000,
            "max": 1000
        }
    },
    "root_group": {
        "name": "",
        "path": "",
        "id": "d41d8cd98f00b204e9800998ecf8427e",
        "groups": {},
        "checks": {
                "status is 200": {
                    "id": "6210a8cd14cd70477eba5c5e4cb3fb5f",
                    "passes": 88431,
                    "fails": 0,
                    "name": "status is 200",
                    "path": "::status is 200"
                }
            }
    }
}