{
    "metrics": {
        "checks": {
            "passes": 88440,
            "fails": 0,
            "value": 1
        },
        "http_req_tls_handshaking": {
            "avg": 0,
            "min": 0,
            "med": 0,
            "max": 0,
            "p(90)": 0,
            "p(95)": 0
        },
        "data_received": {
            "count": 9286200,
            "rate": 91490.70168181924
        },
        "http_req_receiving": {
            "med": 0.024,
            "max": 67.204,
            "p(90)": 0.077,
            "p(95)": 0.112,
            "avg": 0.04825651289009004,
            "min": 0.005
        },
        "iteration_duration": {
            "avg": 1136.5571387619536,
            "min": 1000.50725,
            "med": 1004.4382915000001,
            "max": 2597.708542,
            "p(90)": 1504.296666,
            "p(95)": 1507.9357441
        },
        "http_req_waiting": {
            "avg": 134.7547502939844,
            "min": 0.253,
            "med": 3.7935,
            "max": 1503.874,
            "p(90)": 503.473,
            "p(95)": 506.728
        },
        "http_req_failed": {
            "passes": 0,
            "fails": 88440,
            "value": 0
        },
        "http_req_sending": {
            "med": 0.012,
            "max": 120.409,
            "p(90)": 0.038,
            "p(95)": 0.057,
            "avg": 0.22788794663036366,
            "min": 0.003
        },
        "http_req_duration{expected_response:true}": {
            "avg": 135.03089475350313,
            "min": 0.331,
            "med": 3.8535000000000004,
            "max": 1503.985,
            "p(90)": 503.567,
            "p(95)": 506.88205
        },
        "http_req_duration": {
            "avg": 135.03089475350313,
            "min": 0.331,
            "med": 3.8535000000000004,
            "max": 1503.985,
            "p(90)": 503.567,
            "p(95)": 506.88205
        },
        "http_req_connecting": {
            "min": 0.044,
            "med": 0.16,
            "max": 182.201,
            "p(90)": 0.33,
            "p(95)": 0.478,
            "avg": 1.0529796132971354
        },
        "iterations": {
            "count": 88440,
            "rate": 871.3400160173261
        },
        "data_sent": {
            "count": 6328471,
            "rate": 62350.18116808213
        },
        "http_reqs": {
            "count": 88440,
            "rate": 871.3400160173261
        },
        "vus": {
            "value": 146,
            "min": 146,
            "max": 1000
        },
        "vus_max": {
            "min": 1000,
            "max": 1000,
            "value": 1000
        },
        "http_req_blocked": {
            "avg": 1.1141655020352572,
            "min": 0.057,
            "med": 0.182,
            "max": 213.667,
            "p(90)": 0.374,
            "p(95)": 0.56
        }
    },
    "root_group": {
        "checks": {
            "status is 200": {
                "name": "status is 200",
                "path": "::status is 200",
                "id": "6210a8cd14cd70477eba5c5e4cb3fb5f",
                "passes": 88440,
                "fails": 0
            }
        },
        "name": "",
        "path": "",
        "id": "d41d8cd98f00b204e9800998ecf8427e",
        "groups": {}
    }
}