{
    "root_group": {
        "name": "",
        "path": "",
        "id": "d41d8cd98f00b204e9800998ecf8427e",
        "groups": {},
        "checks": {
                "status is 200": {
                    "name": "status is 200",
                    "path": "::status is 200",
                    "id": "6210a8cd14cd70477eba5c5e4cb3fb5f",
                    "passes": 84264,
                    "fails": 55
                }
            }
    },
    "metrics": {
        "http_req_duration{expected_response:true}": {
            "avg": 183.30492073720916,
            "min": 0.344,
            "med": 4.647,
            "max": 28834.76,
            "p(90)": 505.4261,
            "p(95)": 523.78495
        },
        "http_req_failed": {
            "fails": 84264,
            "passes": 55,
            "value": 0.0006522847756733358
        },
        "http_reqs": {
            "count": 84319,
            "rate": 830.6903694180629
        },
        "iterations": {
            "count": 84319,
            "rate": 830.6903694180629
        },
        "data_received": {
            "count": 8849196,
            "rate": 87180.13608193699
        },
        "vus": {
            "value": 187,
            "min": 187,
            "max": 1000
        },
        "data_sent": {
            "count": 6032906,
            "rate": 59434.728991146105
        },
        "http_req_connecting": {
            "avg": 0.3536038259467081,
            "min": 0.041,
            "med": 0.142,
            "max": 103.458,
            "p(90)": 0.331,
            "p(95)": 0.598
        },
        "http_req_sending": {
            "min": 0.003,
            "med": 0.011,
            "max": 52.601,
            "p(90)": 0.04,
            "p(95)": 0.063,
            "avg": 0.06528428942469033
        },
        "http_req_receiving": {
            "p(90)": 0.081,
            "p(95)": 0.137,
            "avg": 0.11885403052693616,
            "min": 0,
            "med": 0.021,
            "max": 415.634
        },
        "http_req_waiting": {
            "max": 28833.277,
            "p(90)": 505.3874,
            "p(95)": 524.1183000000001,
            "avg": 190.8783400419819,
            "min": 0.259,
            "med": 4.59
        },
        "http_req_blocked": {
            "med": 0.162,
            "max": 105.738,
            "p(90)": 0.381,
            "p(95)": 0.696,
            "avg": 0.4086051779551575,
            "min": 0.05
        },
        "checks": {
            "passes": 84264,
            "fails": 55,
            "value": 0.9993477152243266
        },
        "vus_max": {
            "value": 1000,
            "min": 1000,
            "max": 1000
        },
        "iteration_duration": {
            "avg": 1191.9219683398653,
            "min": 1000.528375,
            "med": 1005.287416,
            "max": 29837.356375,
            "p(90)": 1506.4063588,
            "p(95)": 1526.0338920000002
        },
        "http_req_duration": {
            "avg": 191.0624783619376,
            "min": 0.344,
            "med": 4.654,
            "max": 28834.76,
            "p(90)": 505.49240000000003,
            "p(95)": 524.4911
        },
        "http_req_tls_handshaking": {
            "avg": 0,
            "min": 0,
            "med": 0,
            "max": 0,
            "p(90)": 0,
            "p(95)": 0
        }
    }
}