{
    "root_group": {
        "checks": {
            "status is 200": {
                "id": "6210a8cd14cd70477eba5c5e4cb3fb5f",
                "passes": 88192,
                "fails": 0,
                "name": "status is 200",
                "path": "::status is 200"
            }
        },
        "name": "",
        "path": "",
        "id": "d41d8cd98f00b204e9800998ecf8427e",
        "groups": {}
    },
    "metrics": {
        "iteration_duration": {
            "avg": 1139.6901637093736,
            "min": 1000.529791,
            "med": 1004.5925835,
            "max": 2711.597041,
            "p(90)": 1504.6009003,
            "p(95)": 1508.9421078500002
        },
        "http_req_tls_handshaking": {
            "p(90)": 0,
            "p(95)": 0,
            "avg": 0,
            "min": 0,
            "med": 0,
            "max": 0
        },
        "vus": {
            "max": 1000,
            "value": 144,
            "min": 144
        },
        "http_req_duration": {
            "avg": 138.3249507324908,
            "min": 0.313,
            "med": 4.025,
            "max": 1607.579,
            "p(90)": 503.89090000000004,
            "p(95)": 507.91
        },
        "http_req_connecting": {
            "min": 0.049,
            "med": 0.158,
            "max": 110.353,
            "p(90)": 0.322,
            "p(95)": 0.461,
            "avg": 0.9679770840892745
        },
        "data_sent": {
            "count": 6311237,
            "rate": 62177.206166100004
        },
        "checks": {
            "passes": 88192,
            "fails": 0,
            "value": 1
        },
        "data_received": {
            "count": 9260160,
            "rate": 91229.48123340521
        },
        "http_req_sending": {
            "avg": 0.09197895500727034,
            "min": 0.003,
            "med": 0.012,
            "max": 38.914,
            "p(90)": 0.038,
            "p(95)": 0.058
        },
        "http_req_duration{expected_response:true}": {
            "avg": 138.3249507324908,
            "min": 0.313,
            "med": 4.025,
            "max": 1607.579,
            "p(90)": 503.89090000000004,
            "p(95)": 507.91
        },
        "http_req_receiving": {
            "avg": 0.04664692942669918,
            "min": 0.004,
            "med": 0.023,
            "max": 82.692,
            "p(90)": 0.075,
            "p(95)": 0.11
        },
        "http_req_failed": {
            "passes": 0,
            "fails": 88192,
            "value": 0
        },
        "http_req_waiting": {
            "avg": 138.1863248480604,
            "min": 0.262,
            "med": 3.97,
            "max": 1598,
            "p(90)": 503.809,
            "p(95)": 507.7729
        },
        "http_req_blocked": {
            "max": 144.836,
            "p(90)": 0.369,
            "p(95)": 0.538,
            "avg": 1.0149041523040694,
            "min": 0.061,
            "med": 0.18
        },
        "vus_max": {
            "value": 1000,
            "min": 1000,
            "max": 1000
        },
        "http_reqs": {
            "count": 88192,
            "rate": 868.8522022229068
        },
        "iterations": {
            "count": 88192,
            "rate": 868.8522022229068
        }
    }
}