{
    "root_group": {
        "name": "",
        "path": "",
        "id": "d41d8cd98f00b204e9800998ecf8427e",
        "groups": {},
        "checks": {
                "status is 200": {
                    "name": "status is 200",
                    "path": "::status is 200",
                    "id": "6210a8cd14cd70477eba5c5e4cb3fb5f",
                    "passes": 88002,
                    "fails": 0
                }
            }
    },
    "metrics": {
        "iterations": {
            "count": 88002,
            "rate": 866.9367710982223
        },
        "http_reqs": {
            "count": 88002,
            "rate": 866.9367710982223
        },
        "http_req_duration": {
            "med": 3.884,
            "max": 1912.664,
            "p(90)": 503.699,
            "p(95)": 508.164,
            "avg": 140.68929282289147,
            "min": 0.305
        },
        "http_req_connecting": {
            "min": 0.041,
            "med": 0.151,
            "max": 132.929,
            "p(90)": 0.312,
            "p(95)": 0.4589499999999961,
            "avg": 1.1006458489579911
        },
        "data_received": {
            "count": 9240210,
            "rate": 91028.36096531333
        },
        "http_req_blocked": {
            "avg": 1.1438888775254934,
            "min": 0.05,
            "med": 0.172,
            "max": 132.942,
            "p(90)": 0.356,
            "p(95)": 0.543
        },
        "checks": {
            "fails": 0,
            "passes": 88002,
            "value": 1
        },
        "vus_max": {
            "value": 1000,
            "min": 1000,
            "max": 1000
        },
        "iteration_duration": {
            "avg": 1142.1148708546339,
            "min": 1000.478417,
            "med": 1004.3631665,
            "max": 2982.232084,
            "p(90)": 1504.2741916999998,
            "p(95)": 1509.1095652000001
        },
        "http_req_receiving": {
            "avg": 0.05342646758028084,
            "min": 0.004,
            "med": 0.022,
            "max": 93.023,
            "p(90)": 0.074,
            "p(95)": 0.11
        },
        "http_req_sending": {
            "p(90)": 0.037,
            "p(95)": 0.055,
            "avg": 0.04281173155155938,
            "min": 0.003,
            "med": 0.012,
            "max": 27.439
        },
        "http_req_tls_handshaking": {
            "p(95)": 0,
            "avg": 0,
            "min": 0,
            "med": 0,
            "max": 0,
            "p(90)": 0
        },
        "http_req_waiting": {
            "max": 1910.856,
            "p(90)": 503.628,
            "p(95)": 508.081,
            "avg": 140.59305462375806,
            "min": 0.263,
            "med": 3.829
        },
        "http_req_failed": {
            "passes": 0,
            "fails": 88002,
            "value": 0
        },
        "data_sent": {
            "count": 6295533,
            "rate": 62019.37514331838
        },
        "http_req_duration{expected_response:true}": {
            "p(95)": 508.164,
            "avg": 140.68929282289147,
            "min": 0.305,
            "med": 3.884,
            "max": 1912.664,
            "p(90)": 503.699
        },
        "vus": {
            "value": 157,
            "min": 157,
            "max": 1000
        }
    }
}