{
    "root_group": {
        "name": "",
        "path": "",
        "id": "d41d8cd98f00b204e9800998ecf8427e",
        "groups": {},
        "checks": {
                "status is 200": {
                    "id": "6210a8cd14cd70477eba5c5e4cb3fb5f",
                    "passes": 88555,
                    "fails": 0,
                    "name": "status is 200",
                    "path": "::status is 200"
                }
            }
    },
    "metrics": {
        "http_reqs": {
            "count": 88555,
            "rate": 872.3727313789748
        },
        "data_sent": {
            "count": 6335708,
            "rate": 62414.3062862585
        },
        "vus": {
            "value": 197,
            "min": 197,
            "max": 1000
        },
        "iteration_duration": {
            "med": 1004.169667,
            "max": 2641.425292,
            "p(90)": 1503.6800166,
            "p(95)": 1507.1593543,
            "avg": 1135.8419463136993,
            "min": 1000.510709
        },
        "http_req_duration": {
            "min": 0.305,
            "med": 3.72,
            "max": 1569.991,
            "p(90)": 503.102,
            "p(95)": 506.24129999999997,
            "avg": 134.28338735249204
        },
        "http_req_connecting": {
            "avg": 1.2293770876856116,
            "min": 0.047,
            "med": 0.149,
            "max": 220.245,
            "p(90)": 0.307,
            "p(95)": 0.445
        },
        "checks": {
            "passes": 88555,
            "fails": 0,
            "value": 1
        },
        "http_req_waiting": {
            "p(90)": 503.0276,
            "p(95)": 506.1613,
            "avg": 134.19345393258595,
            "min": 0.228,
            "med": 3.662,
            "max": 1568.981
        },
        "http_req_failed": {
            "passes": 0,
            "fails": 88555,
            "value": 0
        },
        "http_req_tls_handshaking": {
            "p(95)": 0,
            "avg": 0,
            "min": 0,
            "med": 0,
            "max": 0,
            "p(90)": 0
        },
        "iterations": {
            "count": 88555,
            "rate": 872.3727313789748
        },
        "data_received": {
            "rate": 91599.13679479236,
            "count": 9298275
        },
        "http_req_sending": {
            "avg": 0.044459319067251625,
            "min": 0.003,
            "med": 0.012,
            "max": 77.214,
            "p(90)": 0.037,
            "p(95)": 0.056
        },
        "vus_max": {
            "value": 1000,
            "min": 1000,
            "max": 1000
        },
        "http_req_duration{expected_response:true}": {
            "p(90)": 503.102,
            "p(95)": 506.24129999999997,
            "avg": 134.28338735249204,
            "min": 0.305,
            "med": 3.72,
            "max": 1569.991
        },
        "http_req_receiving": {
            "min": 0.004,
            "med": 0.022,
            "max": 70.656,
            "p(90)": 0.072,
            "p(95)": 0.108,
            "avg": 0.04547410084127862
        },
        "http_req_blocked": {
            "avg": 1.2882728586753842,
            "min": 0.055,
            "med": 0.17,
            "max": 229.055,
            "p(90)": 0.351,
            "p(95)": 0.525
        }
    }
}