{
    "root_group": {
        "path": "",
        "id": "d41d8cd98f00b204e9800998ecf8427e",
        "groups": {},
        "checks": {
                "status is 200": {
                    "name": "status is 200",
                    "path": "::status is 200",
                    "id": "6210a8cd14cd70477eba5c5e4cb3fb5f",
                    "passes": 85698,
                    "fails": 0
                }
            },
        "name": ""
    },
    "metrics": {
        "http_req_duration": {
            "avg": 172.53931847884414,
            "min": 0.329,
            "med": 4.8835,
            "max": 4660.503,
            "p(90)": 506.26250000000005,
            "p(95)": 542.72245
        },
        "http_req_failed": {
            "passes": 0,
            "fails": 85698,
            "value": 0
        },
        "http_req_receiving": {
            "max": 296.065,
            "p(90)": 0.082,
            "p(95)": 0.14,
            "avg": 0.13782859576654008,
            "min": 0.004,
            "med": 0.022
        },
        "vus": {
            "value": 225,
            "min": 225,
            "max": 1000
        },
        "http_req_duration{expected_response:true}": {
            "p(90)": 506.26250000000005,
            "p(95)": 542.72245,
            "avg": 172.53931847884414,
            "min": 0.329,
            "med": 4.8835,
            "max": 4660.503
        },
        "iteration_duration": {
            "avg": 1173.61152867794,
            "min": 1000.453083,
            "med": 1005.4842504999999,
            "max": 5745.428625,
            "p(90)": 1507.1102587,
            "p(95)": 1543.95960625
        },
        "vus_max": {
            "value": 1000,
            "min": 1000,
            "max": 1000
        },
        "checks": {
            "passes": 85698,
            "fails": 0,
            "value": 1
        },
        "http_req_sending": {
            "avg": 0.07167085579593954,
            "min": 0.003,
            "med": 0.011,
            "max": 50.447,
            "p(90)": 0.043,
            "p(95)": 0.073
        },
        "data_received": {
            "rate": 88651.80031048214,
            "count": 8998290
        },
        "http_req_waiting": {
            "avg": 172.32981902728147,
            "min": 0.254,
            "med": 4.8245000000000005,
            "max": 4659.821,
            "p(90)": 506.174,
            "p(95)": 541.5466499999995
        },
        "http_req_tls_handshaking": {
            "avg": 0,
            "min": 0,
            "med": 0,
            "max": 0,
            "p(90)": 0,
            "p(95)": 0
        },
        "http_reqs": {
            "count": 85698,
            "rate": 844.3028600998299
        },
        "data_sent": {
            "count": 6131495,
            "rate": 60407.92976718017
        },
        "iterations": {
            "count": 85698,
            "rate": 844.3028600998299
        },
        "http_req_connecting": {
            "med": 0.139,
            "max": 93.966,
            "p(90)": 0.333,
            "p(95)": 0.5871499999999962,
            "avg": 0.6322160960582508,
            "min": 0.037
        },
        "http_req_blocked": {
            "avg": 0.6851607622115037,
            "min": 0.045,
            "med": 0.16,
            "max": 95.655,
            "p(90)": 0.391,
            "p(95)": 0.722
        }
    }
}