{
    "root_group": {
        "path": "",
        "id": "d41d8cd98f00b204e9800998ecf8427e",
        "groups": {},
        "checks": {
                "status is 200": {
                    "name": "status is 200",
                    "path": "::status is 200",
                    "id": "6210a8cd14cd70477eba5c5e4cb3fb5f",
                    "passes": 82998,
                    "fails": 30
                }
            },
        "name": ""
    },
    "metrics": {
        "checks": {
            "passes": 82998,
            "fails": 30,
            "value": 0.9996386761092644
        },
        "iteration_duration": {
            "avg": 1210.8979783346615,
            "min": 1000.491416,
            "med": 1005.2976665,
            "max": 13751.708166,
            "p(90)": 1508.7818418,
            "p(95)": 1678.5287166499986
        },
        "http_req_receiving": {
            "p(95)": 0.129,
            "avg": 0.15430908850026975,
            "min": 0.005,
            "med": 0.021,
            "max": 1281.696,
            "p(90)": 0.08
        },
        "http_req_failed": {
            "passes": 30,
            "fails": 82998,
            "value": 0.00036132389073565546
        },
        "vus_max": {
            "max": 1000,
            "value": 1000,
            "min": 1000
        },
        "http_req_duration{expected_response:true}": {
            "p(95)": 650.8227999999999,
            "avg": 206.24750585556467,
            "min": 0.313,
            "med": 4.657500000000001,
            "max": 12585.562,
            "p(90)": 507.68330000000003
        },
        "data_received": {
            "count": 8715870,
            "rate": 85872.82824762411
        },
        "http_req_duration": {
            "min": 0.313,
            "med": 4.661,
            "max": 12585.562,
            "p(90)": 507.7453,
            "p(95)": 655.5539499999998,
            "avg": 208.71053506046198
        },
        "http_req_tls_handshaking": {
            "avg": 0,
            "min": 0,
            "med": 0,
            "max": 0,
            "p(90)": 0,
            "p(95)": 0
        },
        "http_req_waiting": {
            "avg": 208.47370450932405,
            "min": 0.244,
            "med": 4.6015,
            "max": 12585.407,
            "p(90)": 507.6342,
            "p(95)": 652.8294999999995
        },
        "http_req_blocked": {
            "avg": 1.7133760659054404,
            "min": 0.048,
            "med": 0.161,
            "max": 233.147,
            "p(90)": 0.372,
            "p(95)": 0.666
        },
        "vus": {
            "value": 135,
            "min": 135,
            "max": 1000
        },
        "http_reqs": {
            "count": 83028,
            "rate": 818.0306938657569
        },
        "http_req_sending": {
            "med": 0.011,
            "max": 63.647,
            "p(90)": 0.041,
            "p(95)": 0.066,
            "avg": 0.08252146263911653,
            "min": 0.003
        },
        "iterations": {
            "count": 83028,
            "rate": 818.0306938657569
        },
        "data_sent": {
            "count": 5939642,
            "rate": 58520.13136019406
        },
        "http_req_connecting": {
            "min": 0.036,
            "med": 0.14,
            "max": 217.58,
            "p(90)": 0.321,
            "p(95)": 0.573,
            "avg": 1.5824418750301046
        }
    }
}