{
    "root_group": {
        "checks": {
            "status is 200": {
                "name": "status is 200",
                "path": "::status is 200",
                "id": "6210a8cd14cd70477eba5c5e4cb3fb5f",
                "passes": 76260,
                "fails": 47
            }
        },
        "name": "",
        "path": "",
        "id": "d41d8cd98f00b204e9800998ecf8427e",
        "groups": {}
    },
    "metrics": {
        "data_sent": {
            "count": 5459931,
            "rate": 49607.56828440869
        },
        "iterations": {
            "count": 76307,
            "rate": 693.3063280613571
        },
        "http_reqs": {
            "count": 76307,
            "rate": 693.3063280613571
        },
        "checks": {
            "passes": 76260,
            "fails": 47,
            "value": 0.9993840669925432
        },
        "vus": {
            "value": 1,
            "min": 1,
            "max": 1000
        },
        "vus_max": {
            "value": 1000,
            "min": 1000,
            "max": 1000
        },
        "http_req_duration{expected_response:true}": {
            "avg": 310.15759662995015,
            "min": 0.342,
            "med": 7.916499999999999,
            "max": 30557.075,
            "p(90)": 617.6236,
            "p(95)": 1058.5269
        },
        "http_req_receiving": {
            "p(95)": 0.205,
            "avg": 0.37073095522036154,
            "min": 0,
            "med": 0.024,
            "max": 1779.507,
            "p(90)": 0.11
        },
        "http_req_duration": {
            "p(95)": 1064.0305999999996,
            "avg": 315.2604607834145,
            "min": 0.342,
            "med": 7.943,
            "max": 30557.075,
            "p(90)": 621.1612
        },
        "http_req_sending": {
            "med": 0.012,
            "max": 110.202,
            "p(90)": 0.054,
            "p(95)": 0.124,
            "avg": 0.33752681929562883,
            "min": 0.003
        },
        "iteration_duration": {
            "avg": 1316.9061606010382,
            "min": 1000.503958,
            "med": 1009.137041,
            "max": 31558.540334,
            "p(90)": 1624.949175,
            "p(95)": 2068.9026872999993
        },
        "http_req_failed": {
            "passes": 47,
            "fails": 76260,
            "value": 0.0006159330074567208
        },
        "data_received": {
            "count": 8008200,
            "rate": 72760.50344504384
        },
        "http_req_connecting": {
            "max": 120.084,
            "p(90)": 0.441,
            "p(95)": 0.9856999999999966,
            "avg": 0.7943634791041482,
            "min": 0.047,
            "med": 0.151
        },
        "http_req_waiting": {
            "p(90)": 618.313,
            "p(95)": 1062.6787000000002,
            "avg": 314.5522030088984,
            "min": 0.282,
            "med": 7.85,
            "max": 30556.89
        },
        "http_req_blocked": {
            "avg": 0.9136788236990062,
            "min": 0.058,
            "med": 0.175,
            "max": 132.644,
            "p(90)": 0.544,
            "p(95)": 1.284
        },
        "http_req_tls_handshaking": {
            "med": 0,
            "max": 0,
            "p(90)": 0,
            "p(95)": 0,
            "avg": 0,
            "min": 0
        }
    }
}