{
    "root_group": {
        "path": "",
        "id": "d41d8cd98f00b204e9800998ecf8427e",
        "groups": {},
        "checks": {
                "status is 200": {
                    "name": "status is 200",
                    "path": "::status is 200",
                    "id": "6210a8cd14cd70477eba5c5e4cb3fb5f",
                    "passes": 88296,
                    "fails": 0
                }
            },
        "name": ""
    },
    "metrics": {
        "data_received": {
            "count": 9271080,
            "rate": 91338.71979844691
        },
        "iteration_duration": {
            "avg": 1138.928915959121,
            "min": 1000.504542,
            "med": 1004.4535209999999,
            "max": 2785.544375,
            "p(90)": 1504.2969170000001,
            "p(95)": 1508.64711425
        },
        "data_sent": {
            "count": 6316754,
            "rate": 62232.687415243825
        },
        "http_req_blocked": {
            "med": 0.174,
            "max": 133.816,
            "p(90)": 0.363,
            "p(95)": 0.542,
            "avg": 0.8590251200507304,
            "min": 0.053
        },
        "vus": {
            "value": 153,
            "min": 153,
            "max": 1000
        },
        "http_req_duration": {
            "min": 0.325,
            "med": 3.962,
            "max": 1658.079,
            "p(90)": 503.688,
            "p(95)": 507.681,
            "avg": 137.74418519525108
        },
        "vus_max": {
            "value": 1000,
            "min": 1000,
            "max": 1000
        },
        "http_req_failed": {
            "fails": 88296,
            "passes": 0,
            "value": 0
        },
        "checks": {
            "passes": 88296,
            "fails": 0,
            "value": 1
        },
        "http_req_duration{expected_response:true}": {
            "max": 1658.079,
            "p(90)": 503.688,
            "p(95)": 507.681,
            "avg": 137.74418519525108,
            "min": 0.325,
            "med": 3.962
        },
        "http_req_waiting": {
            "min": 0.269,
            "med": 3.909,
            "max": 1658.033,
            "p(90)": 503.621,
            "p(95)": 507.587,
            "avg": 137.63984940427733
        },
        "http_reqs": {
            "rate": 869.8925695090181,
            "count": 88296
        },
        "http_req_sending": {
            "max": 27.841,
            "p(90)": 0.038,
            "p(95)": 0.057,
            "avg": 0.04204452070309244,
            "min": 0.003,
            "med": 0.012
        },
        "http_req_tls_handshaking": {
            "avg": 0,
            "min": 0,
            "med": 0,
            "max": 0,
            "p(90)": 0,
            "p(95)": 0
        },
        "iterations": {
            "rate": 869.8925695090181,
            "count": 88296
        },
        "http_req_connecting": {
            "min": 0.045,
            "med": 0.152,
            "max": 128.545,
            "p(90)": 0.316,
            "p(95)": 0.46,
            "avg": 0.8161971890006529
        },
        "http_req_receiving": {
            "p(90)": 0.077,
            "p(95)": 0.117,
            "avg": 0.062291270272715894,
            "min": 0.005,
            "med": 0.023,
            "max": 208.406
        }
    }
}