{
    "root_group": {
        "name": "",
        "path": "",
        "id": "d41d8cd98f00b204e9800998ecf8427e",
        "groups": {},
        "checks": {
                "status is 200": {
                    "name": "status is 200",
                    "path": "::status is 200",
                    "id": "6210a8cd14cd70477eba5c5e4cb3fb5f",
                    "passes": 86828,
                    "fails": 0
                }
            }
    },
    "metrics": {
        "vus_max": {
            "value": 1000,
            "min": 1000,
            "max": 1000
        },
        "http_req_duration{expected_response:true}": {
            "max": 4639.621,
            "p(90)": 503.81260000000003,
            "p(95)": 512.465,
            "avg": 156.9466883263472,
            "min": 0.334,
            "med": 4.186
        },
        "http_req_waiting": {
            "med": 4.138,
            "max": 4633.793,
            "p(90)": 503.72,
            "p(95)": 512.361,
            "avg": 156.6690034435928,
            "min": 0.289
        },
        "http_req_duration": {
            "min": 0.334,
            "med": 4.186,
            "max": 4639.621,
            "p(90)": 503.81260000000003,
            "p(95)": 512.465,
            "avg": 156.9466883263472
        },
        "http_req_blocked": {
            "avg": 1.077198829870509,
            "min": 0.059,
            "med": 0.151,
            "max": 155.119,
            "p(90)": 0.349,
            "p(95)": 0.72
        },
        "http_req_sending": {
            "p(95)": 0.062,
            "avg": 0.17808772515773547,
            "min": 0.003,
            "med": 0.011,
            "max": 81.495,
            "p(90)": 0.039
        },
        "iterations": {
            "count": 86828,
            "rate": 855.4276023260245
        },
        "data_received": {
            "count": 9116940,
            "rate": 89819.89824423258
        },
        "http_req_receiving": {
            "avg": 0.09959715759893112,
            "min": 0.005,
            "med": 0.021,
            "max": 258.108,
            "p(90)": 0.076,
            "p(95)": 0.125
        },
        "http_req_tls_handshaking": {
            "avg": 0,
            "min": 0,
            "med": 0,
            "max": 0,
            "p(90)": 0,
            "p(95)": 0
        },
        "checks": {
            "passes": 86828,
            "fails": 0,
            "value": 1
        },
        "iteration_duration": {
            "avg": 1158.524194632332,
            "min": 1000.490167,
            "med": 1004.6972290000001,
            "max": 5695.979,
            "p(90)": 1504.5295917,
            "p(95)": 1513.7924182
        },
        "data_sent": {
            "count": 6212641,
            "rate": 61206.80649954341
        },
        "http_req_connecting": {
            "p(90)": 0.301,
            "p(95)": 0.6,
            "avg": 1.0060768991569773,
            "min": 0.046,
            "med": 0.132,
            "max": 153.64
        },
        "http_reqs": {
            "count": 86828,
            "rate": 855.4276023260245
        },
        "http_req_failed": {
            "passes": 0,
            "fails": 86828,
            "value": 0
        },
        "vus": {
            "value": 230,
            "min": 230,
            "max": 1000
        }
    }
}