{
    "root_group": {
        "name": "",
        "path": "",
        "id": "d41d8cd98f00b204e9800998ecf8427e",
        "groups": {},
        "checks": {
                "status is 200": {
                    "name": "status is 200",
                    "path": "::status is 200",
                    "id": "6210a8cd14cd70477eba5c5e4cb3fb5f",
                    "passes": 88093,
                    "fails": 0
                }
            }
    },
    "metrics": {
        "http_req_connecting": {
            "p(95)": 0.492,
            "avg": 0.8539729717457593,
            "min": 0.041,
            "med": 0.163,
            "max": 140.251,
            "p(90)": 0.341
        },
        "vus": {
            "value": 153,
            "min": 153,
            "max": 1000
        },
        "http_req_receiving": {
            "avg": 0.05083987376976171,
            "min": 0.005,
            "med": 0.024,
            "max": 94.307,
            "p(90)": 0.08,
            "p(95)": 0.119
        },
        "data_sent": {
            "count": 6302156,
            "rate": 62089.12905373998
        },
        "http_req_tls_handshaking": {
            "avg": 0,
            "min": 0,
            "med": 0,
            "max": 0,
            "p(90)": 0,
            "p(95)": 0
        },
        "iteration_duration": {
            "p(95)": 1509.5292584000001,
            "avg": 1141.0417642910743,
            "min": 1000.535917,
            "med": 1004.686792,
            "max": 2654.939208,
            "p(90)": 1504.9016330000002
        },
        "checks": {
            "passes": 88093,
            "fails": 0,
            "value": 1
        },
        "http_req_waiting": {
            "p(90)": 504.0998,
            "p(95)": 508.45279999999997,
            "avg": 139.57107385376796,
            "min": 0.254,
            "med": 4.019,
            "max": 1536.841
        },
        "iterations": {
            "count": 88093,
            "rate": 867.8962637121512
        },
        "http_reqs": {
            "count": 88093,
            "rate": 867.8962637121512
        },
        "data_received": {
            "count": 9249765,
            "rate": 91129.10768977588
        },
        "http_req_duration{expected_response:true}": {
            "max": 1548.932,
            "p(90)": 504.184,
            "p(95)": 508.567,
            "avg": 139.75540338051536,
            "min": 0.315,
            "med": 4.076
        },
        "http_req_duration": {
            "avg": 139.75540338051536,
            "min": 0.315,
            "med": 4.076,
            "max": 1548.932,
            "p(90)": 504.184,
            "p(95)": 508.567
        },
        "http_req_sending": {
            "min": 0.003,
            "med": 0.012,
            "max": 58.62,
            "p(90)": 0.039,
            "p(95)": 0.06,
            "avg": 0.13348965298035384
        },
        "http_req_failed": {
            "passes": 0,
            "fails": 88093,
            "value": 0
        },
        "vus_max": {
            "max": 1000,
            "value": 1000,
            "min": 1000
        },
        "http_req_blocked": {
            "p(90)": 0.388,
            "p(95)": 0.569,
            "avg": 0.9094809916792391,
            "min": 0.053,
            "med": 0.186,
            "max": 140.297
        }
    }
}