{
    "metrics": {
        "checks": {
            "passes": 88960,
            "fails": 0,
            "value": 1
        },
        "http_req_blocked": {
            "avg": 0.5441751573724081,
            "min": 0,
            "med": 0.002,
            "max": 165.013,
            "p(90)": 0.006,
            "p(95)": 0.009
        },
        "http_req_receiving": {
            "med": 0.012,
            "max": 40.636,
            "p(90)": 0.037,
            "p(95)": 0.051,
            "avg": 0.02478733138489499,
            "min": 0.003
        },
        "vus": {
            "value": 191,
            "min": 191,
            "max": 1000
        },
        "http_req_duration": {
            "max": 789.091,
            "p(90)": 501.473,
            "p(95)": 502.03004999999996,
            "avg": 129.47621925584306,
            "min": 0.165,
            "med": 0.616
        },
        "http_req_waiting": {
            "avg": 129.35600227068306,
            "min": 0.154,
            "med": 0.586,
            "max": 789.03,
            "p(90)": 501.44,
            "p(95)": 501.992
        },
        "http_req_tls_handshaking": {
            "p(95)": 0,
            "avg": 0,
            "min": 0,
            "med": 0,
            "max": 0,
            "p(90)": 0
        },
        "vus_max": {
            "value": 1000,
            "min": 1000,
            "max": 1000
        },
        "http_reqs": {
            "count": 88960,
            "rate": 876.443444521258
        },
        "http_req_duration{expected_response:true}": {
            "p(90)": 501.473,
            "p(95)": 502.03004999999996,
            "avg": 129.47621925584306,
            "min": 0.165,
            "med": 0.616,
            "max": 789.091
        },
        "data_received": {
            "count": 9340800,
            "rate": 92026.56167473209
        },
        "iterations": {
            "count": 88960,
            "rate": 876.443444521258
        },
        "http_req_failed": {
            "passes": 0,
            "fails": 88960,
            "value": 0
        },
        "data_sent": {
            "count": 6364566,
            "rate": 62704.38565560797
        },
        "iteration_duration": {
            "min": 1000.223625,
            "med": 1001.047292,
            "max": 1840.344417,
            "p(90)": 1501.785983,
            "p(95)": 1502.45533815,
            "avg": 1130.3318243695687
        },
        "http_req_connecting": {
            "avg": 0.5321693008093527,
            "min": 0,
            "med": 0,
            "max": 155.822,
            "p(90)": 0,
            "p(95)": 0
        },
        "http_req_sending": {
            "avg": 0.09542965377702137,
            "min": 0.001,
            "med": 0.005,
            "max": 60.516,
            "p(90)": 0.017,
            "p(95)": 0.025
        }
    },
    "root_group": {
        "checks": {
            "status is 200": {
                "id": "6210a8cd14cd70477eba5c5e4cb3fb5f",
                "passes": 88960,
                "fails": 0,
                "name": "status is 200",
                "path": "::status is 200"
            }
        },
        "name": "",
        "path": "",
        "id": "d41d8cd98f00b204e9800998ecf8427e",
        "groups": {}
    }
}