{
    "metrics": {
        "http_req_duration": {
            "p(95)": 507.136,
            "avg": 134.77432201188213,
            "min": 0.309,
            "med": 3.957,
            "max": 1609.056,
            "p(90)": 503.6657
        },
        "http_req_blocked": {
            "p(90)": 0.372,
            "p(95)": 0.528,
            "avg": 0.8367931529129979,
            "min": 0.054,
            "med": 0.184,
            "max": 163.877
        },
        "data_sent": {
            "count": 6335210,
            "rate": 62407.97591429481
        },
        "http_req_sending": {
            "med": 0.012,
            "max": 101.014,
            "p(90)": 0.038,
            "p(95)": 0.057,
            "avg": 0.06938912734091855,
            "min": 0.003
        },
        "http_req_receiving": {
            "max": 94.024,
            "p(90)": 0.078,
            "p(95)": 0.116,
            "avg": 0.05141164976166908,
            "min": 0.005,
            "med": 0.023
        },
        "data_received": {
            "count": 9296070,
            "rate": 91575.32467867657
        },
        "http_reqs": {
            "count": 88534,
            "rate": 872.1459493207292
        },
        "http_req_duration{expected_response:true}": {
            "med": 3.957,
            "max": 1609.056,
            "p(90)": 503.6657,
            "p(95)": 507.136,
            "avg": 134.77432201188213,
            "min": 0.309
        },
        "checks": {
            "passes": 88534,
            "fails": 0,
            "value": 1
        },
        "http_req_failed": {
            "passes": 0,
            "fails": 88534,
            "value": 0
        },
        "http_req_connecting": {
            "avg": 0.738922730250527,
            "min": 0.041,
            "med": 0.162,
            "max": 154.663,
            "p(90)": 0.33,
            "p(95)": 0.454
        },
        "vus": {
            "value": 170,
            "min": 170,
            "max": 1000
        },
        "http_req_waiting": {
            "max": 1606.487,
            "p(90)": 503.597,
            "p(95)": 507.03704999999997,
            "avg": 134.65352123478024,
            "min": 0.268,
            "med": 3.9005
        },
        "http_req_tls_handshaking": {
            "p(90)": 0,
            "p(95)": 0,
            "avg": 0,
            "min": 0,
            "med": 0,
            "max": 0
        },
        "vus_max": {
            "value": 1000,
            "min": 1000,
            "max": 1000
        },
        "iterations": {
            "count": 88534,
            "rate": 872.1459493207292
        },
        "iteration_duration": {
            "min": 1000.522709,
            "med": 1004.553125,
            "max": 2750.885709,
            "p(90)": 1504.3627706,
            "p(95)": 1508.01734135,
            "avg": 1135.966483396624
        }
    },
    "root_group": {
        "name": "",
        "path": "",
        "id": "d41d8cd98f00b204e9800998ecf8427e",
        "groups": {},
        "checks": {
                "status is 200": {
                    "name": "status is 200",
                    "path": "::status is 200",
                    "id": "6210a8cd14cd70477eba5c5e4cb3fb5f",
                    "passes": 88534,
                    "fails": 0
                }
            }
    }
}