{
    "root_group": {
        "name": "",
        "path": "",
        "id": "d41d8cd98f00b204e9800998ecf8427e",
        "groups": {},
        "checks": {
                "status is 200": {
                    "path": "::status is 200",
                    "id": "6210a8cd14cd70477eba5c5e4cb3fb5f",
                    "passes": 88606,
                    "fails": 0,
                    "name": "status is 200"
                }
            }
    },
    "metrics": {
        "vus": {
            "value": 179,
            "min": 179,
            "max": 1000
        },
        "http_req_blocked": {
            "p(95)": 0.009,
            "avg": 0.40119173644947104,
            "min": 0,
            "med": 0.002,
            "max": 117.533,
            "p(90)": 0.005
        },
        "iteration_duration": {
            "max": 1909.568208,
            "p(90)": 1501.900354,
            "p(95)": 1502.8473955,
            "avg": 1133.9366780222629,
            "min": 1000.194667,
            "med": 1001.3641869999999
        },
        "http_req_duration": {
            "avg": 133.18995057896572,
            "min": 0.158,
            "med": 0.9245000000000001,
            "max": 909.2,
            "p(90)": 501.61,
            "p(95)": 502.374
        },
        "http_reqs": {
            "count": 88606,
            "rate": 873.1425802337828
        },
        "data_sent": {
            "rate": 62470.22487328637,
            "count": 6339442
        },
        "http_req_duration{expected_response:true}": {
            "avg": 133.18995057896572,
            "min": 0.158,
            "med": 0.9245000000000001,
            "max": 909.2,
            "p(90)": 501.61,
            "p(95)": 502.374
        },
        "http_req_waiting": {
            "avg": 133.07862163961843,
            "min": 0.146,
            "med": 0.89,
            "max": 909.016,
            "p(90)": 501.58,
            "p(95)": 502.33875
        },
        "http_req_connecting": {
            "p(95)": 0,
            "avg": 0.38561351375753355,
            "min": 0,
            "med": 0,
            "max": 108.899,
            "p(90)": 0
        },
        "http_req_receiving": {
            "avg": 0.018858034444621412,
            "min": 0.003,
            "med": 0.011,
            "max": 18.301,
            "p(90)": 0.036,
            "p(95)": 0.052
        },
        "iterations": {
            "count": 88606,
            "rate": 873.1425802337828
        },
        "vus_max": {
            "value": 1000,
            "min": 1000,
            "max": 1000
        },
        "http_req_sending": {
            "p(90)": 0.015,
            "p(95)": 0.026,
            "avg": 0.09247090490482057,
            "min": 0.001,
            "med": 0.005,
            "max": 89.867
        },
        "checks": {
            "passes": 88606,
            "fails": 0,
            "value": 1
        },
        "data_received": {
            "rate": 91679.97092454719,
            "count": 9303630
        },
        "http_req_tls_handshaking": {
            "avg": 0,
            "min": 0,
            "med": 0,
            "max": 0,
            "p(90)": 0,
            "p(95)": 0
        },
        "http_req_failed": {
            "passes": 0,
            "fails": 88606,
            "value": 0
        }
    }
}