{
    "root_group": {
        "path": "",
        "id": "d41d8cd98f00b204e9800998ecf8427e",
        "groups": {},
        "checks": {
                "status is 200": {
                    "name": "status is 200",
                    "path": "::status is 200",
                    "id": "6210a8cd14cd70477eba5c5e4cb3fb5f",
                    "passes": 88073,
                    "fails": 0
                }
            },
        "name": ""
    },
    "metrics": {
        "iteration_duration": {
            "med": 1004.726875,
            "max": 5775.45675,
            "p(90)": 1504.7715,
            "p(95)": 1508.8241918,
            "avg": 1141.960197518475,
            "min": 1000.497083
        },
        "vus": {
            "value": 156,
            "min": 156,
            "max": 1000
        },
        "data_received": {
            "count": 9247665,
            "rate": 91108.99645460062
        },
        "data_sent": {
            "count": 6302953,
            "rate": 62097.375124478924
        },
        "http_reqs": {
            "rate": 867.7047281390536,
            "count": 88073
        },
        "http_req_tls_handshaking": {
            "avg": 0,
            "min": 0,
            "med": 0,
            "max": 0,
            "p(90)": 0,
            "p(95)": 0
        },
        "http_req_duration{expected_response:true}": {
            "avg": 140.5674379208164,
            "min": 0.315,
            "med": 4.112,
            "max": 4678.955,
            "p(90)": 504.061,
            "p(95)": 507.8234
        },
        "vus_max": {
            "value": 1000,
            "min": 1000,
            "max": 1000
        },
        "http_req_connecting": {
            "max": 128.753,
            "p(90)": 0.338,
            "p(95)": 0.49,
            "avg": 0.9327401473777494,
            "min": 0.041,
            "med": 0.162
        },
        "http_req_duration": {
            "max": 4678.955,
            "p(90)": 504.061,
            "p(95)": 507.8234,
            "avg": 140.5674379208164,
            "min": 0.315,
            "med": 4.112
        },
        "http_req_sending": {
            "avg": 0.0505966641308934,
            "min": 0.003,
            "med": 0.012,
            "max": 14.898,
            "p(90)": 0.038,
            "p(95)": 0.057
        },
        "http_req_waiting": {
            "avg": 140.46227897312383,
            "min": 0.257,
            "med": 4.052,
            "max": 4678.859,
            "p(90)": 503.984,
            "p(95)": 507.7408
        },
        "http_req_failed": {
            "passes": 0,
            "fails": 88073,
            "value": 0
        },
        "iterations": {
            "count": 88073,
            "rate": 867.7047281390536
        },
        "checks": {
            "passes": 88073,
            "fails": 0,
            "value": 1
        },
        "http_req_receiving": {
            "avg": 0.05456228356022624,
            "min": 0.005,
            "med": 0.023,
            "max": 223.804,
            "p(90)": 0.08,
            "p(95)": 0.12039999999999608
        },
        "http_req_blocked": {
            "avg": 0.9809703087211693,
            "min": 0.052,
            "med": 0.185,
            "max": 131.388,
            "p(90)": 0.382,
            "p(95)": 0.568
        }
    }
}