{
    "root_group": {
        "path": "",
        "id": "d41d8cd98f00b204e9800998ecf8427e",
        "groups": {},
        "checks": {
                "status is 200": {
                    "name": "status is 200",
                    "path": "::status is 200",
                    "id": "6210a8cd14cd70477eba5c5e4cb3fb5f",
                    "passes": 87206,
                    "fails": 0
                }
            },
        "name": ""
    },
    "metrics": {
        "http_req_connecting": {
            "max": 216.31,
            "p(90)": 0.311,
            "p(95)": 0.6107499999999961,
            "avg": 1.3643510079581855,
            "min": 0.047,
            "med": 0.137
        },
        "http_req_waiting": {
            "med": 4.032500000000001,
            "max": 4485.621,
            "p(90)": 503.659,
            "p(95)": 511.741,
            "avg": 151.4744067380678,
            "min": 0.274
        },
        "vus": {
            "value": 213,
            "min": 213,
            "max": 1000
        },
        "http_req_duration": {
            "avg": 151.6408968419615,
            "min": 0.312,
            "med": 4.083,
            "max": 4488.058,
            "p(90)": 503.739,
            "p(95)": 511.96375
        },
        "vus_max": {
            "value": 1000,
            "min": 1000,
            "max": 1000
        },
        "http_req_blocked": {
            "avg": 1.424112801871421,
            "min": 0.06,
            "med": 0.157,
            "max": 216.387,
            "p(90)": 0.358,
            "p(95)": 0.688
        },
        "iterations": {
            "count": 87206,
            "rate": 859.2584581573273
        },
        "http_reqs": {
            "rate": 859.2584581573273,
            "count": 87206
        },
        "http_req_sending": {
            "p(95)": 0.059,
            "avg": 0.0988772217507963,
            "min": 0.003,
            "med": 0.011,
            "max": 134.117,
            "p(90)": 0.039
        },
        "http_req_receiving": {
            "med": 0.021,
            "max": 179.226,
            "p(90)": 0.08,
            "p(95)": 0.13,
            "avg": 0.06761288214113576,
            "min": 0.004
        },
        "data_sent": {
            "count": 6239493,
            "rate": 61478.99381766663
        },
        "iteration_duration": {
            "max": 5552.561292,
            "p(90)": 1504.683125,
            "p(95)": 1513.81795825,
            "avg": 1153.5377581824616,
            "min": 1000.476125,
            "med": 1004.6493539999999
        },
        "http_req_duration{expected_response:true}": {
            "avg": 151.6408968419615,
            "min": 0.312,
            "med": 4.083,
            "max": 4488.058,
            "p(90)": 503.739,
            "p(95)": 511.96375
        },
        "http_req_tls_handshaking": {
            "med": 0,
            "max": 0,
            "p(90)": 0,
            "p(95)": 0,
            "avg": 0,
            "min": 0
        },
        "http_req_failed": {
            "passes": 0,
            "fails": 87206,
            "value": 0
        },
        "data_received": {
            "count": 9156630,
            "rate": 90222.13810651936
        },
        "checks": {
            "passes": 87206,
            "fails": 0,
            "value": 1
        }
    }
}