{
    "metrics": {
        "vus_max": {
            "value": 1000,
            "min": 1000,
            "max": 1000
        },
        "http_req_tls_handshaking": {
            "max": 0,
            "p(90)": 0,
            "p(95)": 0,
            "avg": 0,
            "min": 0,
            "med": 0
        },
        "iterations": {
            "count": 35777,
            "rate": 348.2781017532191
        },
        "http_req_blocked": {
            "avg": 2.6221504877431685,
            "min": 0,
            "med": 0.002,
            "max": 179.877,
            "p(90)": 0.006,
            "p(95)": 0.01
        },
        "iteration_duration": {
            "p(90)": 2977.8879496,
            "p(95)": 3203.432492,
            "avg": 2831.692853138451,
            "min": 1139.499458,
            "med": 2788.802792,
            "max": 3898.818292
        },
        "http_req_waiting": {
            "med": 1788.316,
            "max": 2753.17,
            "p(90)": 1977.2216,
            "p(95)": 2202.0188,
            "avg": 1828.4156531011556,
            "min": 38.81
        },
        "vus": {
            "value": 289,
            "min": 289,
            "max": 1000
        },
        "data_sent": {
            "count": 2754829,
            "rate": 26817.41383499787
        },
        "http_req_connecting": {
            "min": 0,
            "med": 0,
            "max": 155.995,
            "p(90)": 0,
            "p(95)": 0,
            "avg": 2.5717335159460006
        },
        "data_received": {
            "count": 3756585,
            "rate": 36569.200684088006
        },
        "http_reqs": {
            "count": 35777,
            "rate": 348.2781017532191
        },
        "http_req_failed": {
            "passes": 0,
            "fails": 35777,
            "value": 0
        },
        "http_req_receiving": {
            "min": 0.006,
            "med": 0.014,
            "max": 37.677,
            "p(90)": 0.038,
            "p(95)": 0.053,
            "avg": 0.025943371439750305
        },
        "http_req_duration{expected_response:true}": {
            "avg": 1828.8213414204633,
            "min": 47.319,
            "med": 1788.347,
            "max": 2758.01,
            "p(90)": 1977.286,
            "p(95)": 2202.3116
        },
        "http_req_sending": {
            "avg": 0.37974494787172786,
            "min": 0.002,
            "med": 0.005,
            "max": 77.227,
            "p(90)": 0.015,
            "p(95)": 0.024
        },
        "http_req_duration": {
            "p(95)": 2202.3116,
            "avg": 1828.8213414204633,
            "min": 47.319,
            "med": 1788.347,
            "max": 2758.01,
            "p(90)": 1977.286
        },
        "checks": {
            "passes": 35777,
            "fails": 0,
            "value": 1
        }
    },
    "root_group": {
        "name": "",
        "path": "",
        "id": "d41d8cd98f00b204e9800998ecf8427e",
        "groups": {},
        "checks": {
                "status is 200": {
                    "passes": 35777,
                    "fails": 0,
                    "name": "status is 200",
                    "path": "::status is 200",
                    "id": "6210a8cd14cd70477eba5c5e4cb3fb5f"
                }
            }
    }
}