{
    "root_group": {
        "name": "",
        "path": "",
        "id": "d41d8cd98f00b204e9800998ecf8427e",
        "groups": {},
        "checks": {
                "status is 200": {
                    "name": "status is 200",
                    "path": "::status is 200",
                    "id": "6210a8cd14cd70477eba5c5e4cb3fb5f",
                    "passes": 60973,
                    "fails": 263
                }
            }
    },
    "metrics": {
        "checks": {
            "passes": 60973,
            "fails": 263,
            "value": 0.9957051407668691
        },
        "http_req_tls_handshaking": {
            "avg": 0,
            "min": 0,
            "med": 0,
            "max": 0,
            "p(90)": 0,
            "p(95)": 0
        },
        "http_req_connecting": {
            "med": 0.177,
            "max": 153.027,
            "p(90)": 0.44,
            "p(95)": 0.8812499999999973,
            "avg": 1.4315244627343366,
            "min": 0
        },
        "http_req_failed": {
            "passes": 263,
            "fails": 60973,
            "value": 0.004294859233130838
        },
        "http_req_duration": {
            "avg": 647.9852502612792,
            "min": 3.145,
            "med": 195.22899999999998,
            "max": 60002.641,
            "p(90)": 1195.0635000000002,
            "p(95)": 1696.1787499999998
        },
        "vus_max": {
            "max": 1000,
            "value": 1000,
            "min": 1000
        },
        "http_req_waiting": {
            "max": 60002.636,
            "p(90)": 1194.0835000000002,
            "p(95)": 1696.1065,
            "avg": 647.3198542034113,
            "min": 3.125,
            "med": 194.437
        },
        "http_req_blocked": {
            "avg": 1.4968040041805712,
            "min": 0.051,
            "med": 0.211,
            "max": 153.049,
            "p(90)": 0.512,
            "p(95)": 1.063
        },
        "http_req_receiving": {
            "avg": 0.5176912763733771,
            "min": 0,
            "med": 0.046,
            "max": 424.794,
            "p(90)": 0.127,
            "p(95)": 0.232
        },
        "iterations": {
            "count": 61236,
            "rate": 538.9731468397291
        },
        "data_received": {
            "count": 6408213,
            "rate": 56402.35688531682
        },
        "vus": {
            "value": 2,
            "min": 2,
            "max": 1000
        },
        "http_req_sending": {
            "med": 0.018,
            "max": 47.433,
            "p(90)": 0.059,
            "p(95)": 0.108,
            "avg": 0.14770478150108182,
            "min": 0.003
        },
        "data_sent": {
            "count": 4715249,
            "rate": 41501.61002780857
        },
        "http_req_duration{expected_response:true}": {
            "p(90)": 1182.835,
            "p(95)": 1627.0734,
            "avg": 603.1580856444635,
            "min": 3.145,
            "med": 193.6,
            "max": 46852.009
        },
        "iteration_duration": {
            "med": 1196.5603125,
            "max": 61002.781041,
            "p(90)": 2198.0088955,
            "p(95)": 2700.597323,
            "avg": 1650.0612656498438,
            "min": 1003.463666
        },
        "http_reqs": {
            "rate": 538.9731468397291,
            "count": 61236
        }
    }
}