{
    "root_group": {
        "id": "d41d8cd98f00b204e9800998ecf8427e",
        "groups": {},
        "checks": {
                "status is 200": {
                    "passes": 58656,
                    "fails": 36,
                    "name": "status is 200",
                    "path": "::status is 200",
                    "id": "6210a8cd14cd70477eba5c5e4cb3fb5f"
                }
            },
        "name": "",
        "path": ""
    },
    "metrics": {
        "http_req_waiting": {
            "avg": 713.7528471171623,
            "min": 8.312,
            "med": 657.14,
            "max": 14983.503,
            "p(90)": 866.4221000000001,
            "p(95)": 1024.4564499999994
        },
        "data_received": {
            "count": 6160032,
            "rate": 60713.787594883404
        },
        "vus": {
            "max": 1000,
            "value": 412,
            "min": 412
        },
        "vus_max": {
            "value": 1000,
            "min": 1000,
            "max": 1000
        },
        "data_sent": {
            "count": 4519284,
            "rate": 44542.43887969333
        },
        "checks": {
            "passes": 58656,
            "fails": 36,
            "value": 0.999386628501329
        },
        "iterations": {
            "count": 58692,
            "rate": 578.4732322038094
        },
        "http_req_blocked": {
            "avg": 0.4675406358617907,
            "min": 0.064,
            "med": 0.218,
            "max": 172.126,
            "p(90)": 0.549,
            "p(95)": 0.936
        },
        "http_req_failed": {
            "passes": 36,
            "fails": 58656,
            "value": 0.0006133714986710284
        },
        "http_req_connecting": {
            "avg": 0.39227453485994734,
            "min": 0.046,
            "med": 0.183,
            "max": 44.979,
            "p(90)": 0.486,
            "p(95)": 0.827
        },
        "http_req_sending": {
            "avg": 0.2819898964083634,
            "min": 0.003,
            "med": 0.02,
            "max": 178.093,
            "p(90)": 0.055,
            "p(95)": 0.088
        },
        "http_req_receiving": {
            "max": 238.747,
            "p(90)": 0.164,
            "p(95)": 0.34,
            "avg": 0.45970452531860373,
            "min": 0,
            "med": 0.049
        },
        "http_req_tls_handshaking": {
            "max": 0,
            "p(90)": 0,
            "p(95)": 0,
            "avg": 0,
            "min": 0,
            "med": 0
        },
        "iteration_duration": {
            "avg": 1715.7408893244453,
            "min": 1025.101041,
            "med": 1659.2714584999999,
            "max": 16005.430375,
            "p(90)": 1868.5708453,
            "p(95)": 2026.90270855
        },
        "http_req_duration{expected_response:true}": {
            "avg": 710.4917692648663,
            "min": 9.758,
            "med": 657.8085,
            "max": 11451.284,
            "p(90)": 866.604,
            "p(95)": 1022.5057499999999
        },
        "http_reqs": {
            "count": 58692,
            "rate": 578.4732322038094
        },
        "http_req_duration": {
            "p(90)": 867.3689,
            "p(95)": 1025.2804999999996,
            "avg": 714.4945415388808,
            "min": 9.758,
            "med": 657.9515,
            "max": 14983.518
        }
    }
}