{
    "metrics": {
        "http_req_duration{expected_response:true}": {
            "avg": 653.4855848461428,
            "min": 3.182,
            "med": 212.056,
            "max": 30438.442,
            "p(90)": 1308.3012000000003,
            "p(95)": 2120.7365999999984
        },
        "http_req_tls_handshaking": {
            "max": 0,
            "p(90)": 0,
            "p(95)": 0,
            "avg": 0,
            "min": 0,
            "med": 0
        },
        "http_req_waiting": {
            "p(95)": 3029.096999999997,
            "avg": 730.2279939897547,
            "min": 3.159,
            "med": 213.169,
            "max": 30438.277,
            "p(90)": 1352.0030000000002
        },
        "iteration_duration": {
            "p(95)": 4030.4483169999976,
            "avg": 1734.44738899676,
            "min": 1003.46625,
            "med": 1216.741333,
            "max": 31438.336958,
            "p(90)": 2365.84775
        },
        "http_req_sending": {
            "med": 0.019,
            "max": 86.632,
            "p(90)": 0.061,
            "p(95)": 0.119,
            "avg": 0.3635871145692443,
            "min": 0.003
        },
        "http_req_failed": {
            "passes": 398,
            "fails": 58335,
            "value": 0.0067764289241142115
        },
        "data_received": {
            "count": 6130215,
            "rate": 49294.70951948053
        },
        "http_req_connecting": {
            "max": 213.731,
            "p(90)": 0.449,
            "p(95)": 1.0013999999999974,
            "avg": 2.5991195750259877,
            "min": 0.036,
            "med": 0.178
        },
        "http_req_duration": {
            "p(90)": 1353.9236,
            "p(95)": 3029.7996,
            "avg": 731.2425927672664,
            "min": 3.182,
            "med": 214.755,
            "max": 30438.442
        },
        "http_req_receiving": {
            "min": 0,
            "med": 0.048,
            "max": 810.648,
            "p(90)": 0.135,
            "p(95)": 0.254,
            "avg": 0.6510116629492797
        },
        "iterations": {
            "count": 58733,
            "rate": 472.28786824077946
        },
        "http_req_blocked": {
            "max": 213.748,
            "p(90)": 0.5248000000000014,
            "p(95)": 1.228,
            "avg": 2.6826538572864265,
            "min": 0.053,
            "med": 0.214
        },
        "data_sent": {
            "count": 4522441,
            "rate": 36366.16585454002
        },
        "checks": {
            "passes": 58335,
            "fails": 398,
            "value": 0.9932235710758858
        },
        "vus": {
            "value": 11,
            "min": 11,
            "max": 1000
        },
        "vus_max": {
            "min": 1000,
            "max": 1000,
            "value": 1000
        },
        "http_reqs": {
            "count": 58733,
            "rate": 472.28786824077946
        }
    },
    "root_group": {
        "groups": {},
        "checks": {
                "status is 200": {
                    "id": "6210a8cd14cd70477eba5c5e4cb3fb5f",
                    "passes": 58335,
                    "fails": 398,
                    "name": "status is 200",
                    "path": "::status is 200"
                }
            },
        "name": "",
        "path": "",
        "id": "d41d8cd98f00b204e9800998ecf8427e"
    }
}