{
    "root_group": {
        "name": "",
        "path": "",
        "id": "d41d8cd98f00b204e9800998ecf8427e",
        "groups": {},
        "checks": {
                "status is 200": {
                    "fails": 25,
                    "name": "status is 200",
                    "path": "::status is 200",
                    "id": "6210a8cd14cd70477eba5c5e4cb3fb5f",
                    "passes": 64196
                }
            }
    },
    "metrics": {
        "vus": {
            "value": 419,
            "min": 419,
            "max": 1000
        },
        "iteration_duration": {
            "avg": 1569.3993830282209,
            "min": 1040.952625,
            "med": 1518.490791,
            "max": 8856.268584,
            "p(90)": 1702.418625,
            "p(95)": 1839.582792
        },
        "http_reqs": {
            "count": 64221,
            "rate": 632.3808226638292
        },
        "http_req_waiting": {
            "max": 7684.063,
            "p(90)": 700.45,
            "p(95)": 825.056,
            "avg": 566.6632383955412,
            "min": 15.681,
            "med": 517.228
        },
        "checks": {
            "passes": 64196,
            "fails": 25,
            "value": 0.9996107192351411
        },
        "http_req_tls_handshaking": {
            "max": 0,
            "p(90)": 0,
            "p(95)": 0,
            "avg": 0,
            "min": 0,
            "med": 0
        },
        "data_received": {
            "rate": 66383.0003950694,
            "count": 6741480
        },
        "iterations": {
            "count": 64221,
            "rate": 632.3808226638292
        },
        "http_req_blocked": {
            "avg": 2.0111073169212625,
            "min": 0.052,
            "med": 0.21,
            "max": 238.288,
            "p(90)": 0.492,
            "p(95)": 0.929
        },
        "data_sent": {
            "count": 4945017,
            "rate": 48693.32334511485
        },
        "http_req_failed": {
            "passes": 25,
            "fails": 64196,
            "value": 0.0003892807648588468
        },
        "http_req_duration": {
            "p(90)": 700.683,
            "p(95)": 825.595,
            "avg": 566.9047803210774,
            "min": 16.588,
            "med": 517.466,
            "max": 7684.248
        },
        "http_req_duration{expected_response:true}": {
            "avg": 564.6375259829259,
            "min": 16.588,
            "med": 517.4445000000001,
            "max": 7684.248,
            "p(90)": 700.5485,
            "p(95)": 822.4744999999996
        },
        "http_req_connecting": {
            "p(95)": 0.805,
            "avg": 1.9600426340293666,
            "min": 0.046,
            "med": 0.176,
            "max": 234.927,
            "p(90)": 0.431
        },
        "http_req_sending": {
            "avg": 0.06014764640849727,
            "min": 0.003,
            "med": 0.019,
            "max": 19.963,
            "p(90)": 0.053,
            "p(95)": 0.081
        },
        "vus_max": {
            "value": 1000,
            "min": 1000,
            "max": 1000
        },
        "http_req_receiving": {
            "avg": 0.18139427912988793,
            "min": 0.005,
            "med": 0.046,
            "max": 179.46,
            "p(90)": 0.131,
            "p(95)": 0.227
        }
    }
}