{
    "root_group": {
        "groups": {},
        "checks": {
                "status is 200": {
                    "name": "status is 200",
                    "path": "::status is 200",
                    "id": "6210a8cd14cd70477eba5c5e4cb3fb5f",
                    "passes": 34864,
                    "fails": 53
                }
            },
        "name": "",
        "path": "",
        "id": "d41d8cd98f00b204e9800998ecf8427e"
    },
    "metrics": {
        "http_req_receiving": {
            "avg": 0.026867772145372344,
            "min": 0.005,
            "med": 0.015,
            "max": 9.739,
            "p(90)": 0.044,
            "p(95)": 0.064
        },
        "vus": {
            "min": 298,
            "max": 1000,
            "value": 298
        },
        "http_req_duration": {
            "max": 3017.426,
            "p(90)": 2219.8146,
            "p(95)": 2748.107,
            "avg": 1901.2713424406443,
            "min": 43.255,
            "med": 1800.409
        },
        "http_req_tls_handshaking": {
            "med": 0,
            "max": 0,
            "p(90)": 0,
            "p(95)": 0,
            "avg": 0,
            "min": 0
        },
        "checks": {
            "passes": 34864,
            "fails": 53,
            "value": 0.998482114729215
        },
        "iteration_duration": {
            "avg": 2903.137182097229,
            "min": 1068.03125,
            "med": 2800.669792,
            "max": 4017.708083,
            "p(90)": 3225.3165914,
            "p(95)": 3752.2429662
        },
        "http_req_failed": {
            "passes": 53,
            "fails": 34864,
            "value": 0.0015178852707850045
        },
        "data_received": {
            "count": 3664907,
            "rate": 35668.00511210909
        },
        "http_req_blocked": {
            "p(95)": 0.015,
            "avg": 1.5224356330710456,
            "min": 0,
            "med": 0.002,
            "max": 143.046,
            "p(90)": 0.007
        },
        "http_req_waiting": {
            "min": 40.672,
            "med": 1800.377,
            "max": 3017.327,
            "p(90)": 2219.224,
            "p(95)": 2748.0573999999997,
            "avg": 1901.1982132485548
        },
        "vus_max": {
            "value": 1000,
            "min": 1000,
            "max": 1000
        },
        "iterations": {
            "count": 34917,
            "rate": 339.82301174341205
        },
        "http_reqs": {
            "count": 34917,
            "rate": 339.82301174341205
        },
        "data_sent": {
            "count": 2688609,
            "rate": 26166.37190424273
        },
        "http_req_duration{expected_response:true}": {
            "max": 3016.022,
            "p(90)": 2216.0697,
            "p(95)": 2716.824599999998,
            "avg": 1899.5957910738869,
            "min": 43.255,
            "med": 1800.3615
        },
        "http_req_sending": {
            "avg": 0.04626141993869527,
            "min": 0.002,
            "med": 0.005,
            "max": 11.295,
            "p(90)": 0.017,
            "p(95)": 0.033
        },
        "http_req_connecting": {
            "avg": 1.3335982472721024,
            "min": 0,
            "med": 0,
            "max": 128.661,
            "p(90)": 0,
            "p(95)": 0
        }
    }
}