{
    "root_group": {
        "name": "",
        "path": "",
        "id": "d41d8cd98f00b204e9800998ecf8427e",
        "groups": {},
        "checks": {
                "status is 200": {
                    "path": "::status is 200",
                    "id": "6210a8cd14cd70477eba5c5e4cb3fb5f",
                    "passes": 59489,
                    "fails": 211,
                    "name": "status is 200"
                }
            }
    },
    "metrics": {
        "http_req_duration{expected_response:true}": {
            "avg": 656.9600491687564,
            "min": 3.229,
            "med": 254.291,
            "max": 30007.971,
            "p(90)": 1266.989,
            "p(95)": 1957.994799999993
        },
        "http_req_blocked": {
            "p(90)": 0.573,
            "p(95)": 1.4100499999999974,
            "avg": 2.8451919765494447,
            "min": 0.05,
            "med": 0.217,
            "max": 269.133
        },
        "http_req_sending": {
            "avg": 0.5021802010049397,
            "min": 0.003,
            "med": 0.02,
            "max": 123.34,
            "p(90)": 0.062,
            "p(95)": 0.12
        },
        "vus_max": {
            "value": 1000,
            "min": 1000,
            "max": 1000
        },
        "http_req_connecting": {
            "avg": 2.750805460636488,
            "min": 0,
            "med": 0.181,
            "max": 262.231,
            "p(90)": 0.494,
            "p(95)": 1.2100499999999974
        },
        "data_received": {
            "rate": 55895.85066544487,
            "count": 6250161
        },
        "http_reqs": {
            "count": 59700,
            "rate": 533.903412204431
        },
        "http_req_duration": {
            "p(90)": 1285.3304000000003,
            "p(95)": 2129.4628999999995,
            "avg": 694.1486462144092,
            "min": 3.229,
            "med": 257.4435,
            "max": 30007.971
        },
        "http_req_tls_handshaking": {
            "med": 0,
            "max": 0,
            "p(90)": 0,
            "p(95)": 0,
            "avg": 0,
            "min": 0
        },
        "http_req_waiting": {
            "p(90)": 1279.0483000000002,
            "p(95)": 2129.3851499999996,
            "avg": 693.0290009882785,
            "min": 3.2,
            "med": 255.41750000000002,
            "max": 30007.734
        },
        "iteration_duration": {
            "avg": 1697.605621106631,
            "min": 1003.493,
            "med": 1260.278917,
            "max": 31007.483042,
            "p(90)": 2293.7605625000006,
            "p(95)": 3129.800508
        },
        "checks": {
            "passes": 59489,
            "fails": 211,
            "value": 0.996465661641541
        },
        "vus": {
            "value": 9,
            "min": 9,
            "max": 1000
        },
        "http_req_failed": {
            "passes": 211,
            "fails": 59489,
            "value": 0.0035343383584589614
        },
        "iterations": {
            "count": 59700,
            "rate": 533.903412204431
        },
        "http_req_receiving": {
            "avg": 0.6174650251256156,
            "min": 0,
            "med": 0.048,
            "max": 663.533,
            "p(90)": 0.138,
            "p(95)": 0.257
        },
        "data_sent": {
            "count": 4596977,
            "rate": 41111.25135888256
        }
    }
}