{
    "metrics": {
        "http_req_duration{expected_response:true}": {
            "avg": 1971.1300560946702,
            "min": 49.685,
            "med": 1893.116,
            "max": 3030.296,
            "p(90)": 2419.199,
            "p(95)": 2591.1196
        },
        "http_req_waiting": {
            "avg": 1998.951273874399,
            "min": 45.376,
            "med": 1904.0075000000002,
            "max": 3367.739,
            "p(90)": 2465.3801000000003,
            "p(95)": 2736.4462000000003
        },
        "data_sent": {
            "count": 2599520,
            "rate": 25284.69329163779
        },
        "iterations": {
            "count": 33760,
            "rate": 328.3726401511401
        },
        "http_req_failed": {
            "passes": 887,
            "fails": 32873,
            "value": 0.026273696682464456
        },
        "data_received": {
            "rate": 34254.81057406978,
            "count": 3521738
        },
        "iteration_duration": {
            "avg": 2999.787095697041,
            "min": 1063.428792,
            "med": 2905.4806664999996,
            "max": 4368.62025,
            "p(90)": 3465.6770500000002,
            "p(95)": 3737.6153881499995
        },
        "http_req_connecting": {
            "max": 15.868,
            "p(90)": 0,
            "p(95)": 0,
            "avg": 0.12124754146919431,
            "min": 0,
            "med": 0
        },
        "vus_max": {
            "value": 1000,
            "min": 1000,
            "max": 1000
        },
        "http_req_blocked": {
            "med": 0.002,
            "max": 51.464,
            "p(90)": 0.01,
            "p(95)": 0.027,
            "avg": 0.1529710900475262,
            "min": 0
        },
        "http_req_sending": {
            "avg": 0.1860152251184521,
            "min": 0.002,
            "med": 0.006,
            "max": 61.142,
            "p(90)": 0.022,
            "p(95)": 0.048
        },
        "http_req_tls_handshaking": {
            "avg": 0,
            "min": 0,
            "med": 0,
            "max": 0,
            "p(90)": 0,
            "p(95)": 0
        },
        "http_reqs": {
            "count": 33760,
            "rate": 328.3726401511401
        },
        "checks": {
            "passes": 32873,
            "fails": 887,
            "value": 0.9737263033175355
        },
        "vus": {
            "value": 307,
            "min": 307,
            "max": 1000
        },
        "http_req_duration": {
            "min": 49.685,
            "med": 1904.029,
            "max": 3367.923,
            "p(90)": 2465.4426,
            "p(95)": 2736.5968999999996,
            "avg": 1999.1691467120895
        },
        "http_req_receiving": {
            "p(95)": 0.085,
            "avg": 0.031857612559240044,
            "min": 0.006,
            "med": 0.018,
            "max": 11.018,
            "p(90)": 0.053
        }
    },
    "root_group": {
        "name": "",
        "path": "",
        "id": "d41d8cd98f00b204e9800998ecf8427e",
        "groups": {},
        "checks": {
                "status is 200": {
                    "fails": 887,
                    "name": "status is 200",
                    "path": "::status is 200",
                    "id": "6210a8cd14cd70477eba5c5e4cb3fb5f",
                    "passes": 32873
                }
            }
    }
}