{
    "metrics": {
        "http_reqs": {
            "rate": 349.98209203328145,
            "count": 36080
        },
        "http_req_duration{expected_response:true}": {
            "p(95)": 1940.9772500000001,
            "avg": 1807.6955148004517,
            "min": 36.385,
            "med": 1797.5935,
            "max": 2853.289,
            "p(90)": 1911.4242
        },
        "http_req_connecting": {
            "avg": 2.9108929323725063,
            "min": 0,
            "med": 0,
            "max": 230.334,
            "p(90)": 0,
            "p(95)": 0
        },
        "http_req_waiting": {
            "avg": 1807.548909700671,
            "min": 33.815,
            "med": 1797.5535,
            "max": 2853.254,
            "p(90)": 1911.3892999999998,
            "p(95)": 1940.91745
        },
        "iteration_duration": {
            "avg": 2811.3108177052154,
            "min": 1055.74025,
            "med": 2798.0584375,
            "max": 4094.742208,
            "p(90)": 2912.8980994,
            "p(95)": 2941.8244774
        },
        "data_received": {
            "count": 3788400,
            "rate": 36748.11966349455
        },
        "vus": {
            "value": 41,
            "min": 41,
            "max": 1000
        },
        "http_req_duration": {
            "min": 36.385,
            "med": 1797.5935,
            "max": 2853.289,
            "p(90)": 1911.4242,
            "p(95)": 1940.9772500000001,
            "avg": 1807.6955148004517
        },
        "http_req_tls_handshaking": {
            "p(90)": 0,
            "p(95)": 0,
            "avg": 0,
            "min": 0,
            "med": 0,
            "max": 0
        },
        "checks": {
            "passes": 36080,
            "fails": 0,
            "value": 1
        },
        "data_sent": {
            "count": 2778160,
            "rate": 26948.62108656267
        },
        "vus_max": {
            "min": 1000,
            "max": 1000,
            "value": 1000
        },
        "http_req_sending": {
            "med": 0.005,
            "max": 41.515,
            "p(90)": 0.015,
            "p(95)": 0.023,
            "avg": 0.12361064301547955,
            "min": 0.002
        },
        "iterations": {
            "count": 36080,
            "rate": 349.98209203328145
        },
        "http_req_blocked": {
            "avg": 3.3100992516627357,
            "min": 0,
            "med": 0.002,
            "max": 245.755,
            "p(90)": 0.005,
            "p(95)": 0.009
        },
        "http_req_failed": {
            "passes": 0,
            "fails": 36080,
            "value": 0
        },
        "http_req_receiving": {
            "med": 0.014,
            "max": 16.683,
            "p(90)": 0.039,
            "p(95)": 0.054,
            "avg": 0.022994456762748028,
            "min": 0.006
        }
    },
    "root_group": {
        "id": "d41d8cd98f00b204e9800998ecf8427e",
        "groups": {},
        "checks": {
                "status is 200": {
                    "fails": 0,
                    "name": "status is 200",
                    "path": "::status is 200",
                    "id": "6210a8cd14cd70477eba5c5e4cb3fb5f",
                    "passes": 36080
                }
            },
        "name": "",
        "path": ""
    }
}