{
    "metrics": {
        "http_req_duration{expected_response:true}": {
            "avg": 656.5776123050704,
            "min": 3.212,
            "med": 242.911,
            "max": 23579.049,
            "p(90)": 1301.843,
            "p(95)": 2416.7412499999987
        },
        "http_req_waiting": {
            "p(90)": 1363.4549000000002,
            "p(95)": 3060.77345,
            "avg": 743.1378120307302,
            "min": 3.189,
            "med": 249.8955,
            "max": 60001.615
        },
        "vus_max": {
            "value": 1000,
            "min": 1000,
            "max": 1000
        },
        "http_req_blocked": {
            "avg": 1.2032808899346037,
            "min": 0.062,
            "med": 0.213,
            "max": 165.256,
            "p(90)": 0.546,
            "p(95)": 1.5288499999999923
        },
        "http_req_connecting": {
            "avg": 1.0986486280751522,
            "min": 0,
            "med": 0.178,
            "max": 123.33,
            "p(90)": 0.472,
            "p(95)": 1.302
        },
        "http_req_tls_handshaking": {
            "min": 0,
            "med": 0,
            "max": 0,
            "p(90)": 0,
            "p(95)": 0,
            "avg": 0
        },
        "iterations": {
            "count": 57802,
            "rate": 541.7250145082154
        },
        "iteration_duration": {
            "max": 61001.027917,
            "p(90)": 2370.0442586000004,
            "p(95)": 4062.5832982499996,
            "avg": 1745.7662055957273,
            "min": 1003.463333,
            "med": 1252.8160830000002
        },
        "http_req_failed": {
            "passes": 476,
            "fails": 57326,
            "value": 0.008235009169232898
        },
        "http_req_duration": {
            "med": 252.123,
            "max": 60001.626,
            "p(90)": 1364.6130000000003,
            "p(95)": 3060.9804999999997,
            "avg": 744.1130739420845,
            "min": 3.212
        },
        "data_sent": {
            "count": 4450908,
            "rate": 41714.26941757607
        },
        "http_req_receiving": {
            "med": 0.047,
            "max": 784.719,
            "p(90)": 0.13,
            "p(95)": 0.24,
            "avg": 0.6184739109373304,
            "min": 0
        },
        "vus": {
            "value": 19,
            "min": 19,
            "max": 1000
        },
        "http_reqs": {
            "count": 57802,
            "rate": 541.7250145082154
        },
        "checks": {
            "passes": 57326,
            "fails": 476,
            "value": 0.9917649908307671
        },
        "http_req_sending": {
            "med": 0.019,
            "max": 124.953,
            "p(90)": 0.06,
            "p(95)": 0.106,
            "avg": 0.3567880004151204,
            "min": 0.002
        },
        "data_received": {
            "count": 6028662,
            "rate": 56501.10739100943
        }
    },
    "root_group": {
        "groups": {},
        "checks": {
                "status is 200": {
                    "id": "6210a8cd14cd70477eba5c5e4cb3fb5f",
                    "passes": 57326,
                    "fails": 476,
                    "name": "status is 200",
                    "path": "::status is 200"
                }
            },
        "name": "",
        "path": "",
        "id": "d41d8cd98f00b204e9800998ecf8427e"
    }
}