{
    "metrics": {
        "iteration_duration": {
            "p(90)": 2193.6366418,
            "p(95)": 2949.002166599998,
            "avg": 1640.034197095645,
            "min": 1003.427583,
            "med": 1144.208583,
            "max": 61001.440916
        },
        "http_req_sending": {
            "avg": 0.19191050885850436,
            "min": 0.003,
            "med": 0.019,
            "max": 123.609,
            "p(90)": 0.059,
            "p(95)": 0.106
        },
        "vus": {
            "min": 7,
            "max": 1000,
            "value": 7
        },
        "http_req_duration": {
            "p(90)": 1191.4334000000001,
            "p(95)": 1948.6703999999986,
            "avg": 638.264497047165,
            "min": 3.181,
            "med": 142.484,
            "max": 60002.428
        },
        "iterations": {
            "count": 61805,
            "rate": 529.4569211173265
        },
        "http_req_blocked": {
            "p(90)": 0.528,
            "p(95)": 1.397,
            "avg": 1.1698102580697112,
            "min": 0.053,
            "med": 0.211,
            "max": 159.732
        },
        "http_req_receiving": {
            "min": 0,
            "med": 0.046,
            "max": 572.101,
            "p(90)": 0.122,
            "p(95)": 0.219,
            "avg": 0.5194588787315024
        },
        "http_req_failed": {
            "passes": 157,
            "fails": 61648,
            "value": 0.0025402475527869913
        },
        "checks": {
            "passes": 61648,
            "fails": 157,
            "value": 0.997459752447213
        },
        "data_received": {
            "count": 6475056,
            "rate": 55469.027001412054
        },
        "http_req_duration{expected_response:true}": {
            "avg": 605.9712630580077,
            "min": 3.181,
            "med": 140.7335,
            "max": 48765.538,
            "p(90)": 1180.9843000000003,
            "p(95)": 1844.3639999999998
        },
        "vus_max": {
            "value": 1000,
            "min": 1000,
            "max": 1000
        },
        "http_reqs": {
            "rate": 529.4569211173265,
            "count": 61805
        },
        "http_req_tls_handshaking": {
            "max": 0,
            "p(90)": 0,
            "p(95)": 0,
            "avg": 0,
            "min": 0,
            "med": 0
        },
        "data_sent": {
            "count": 4758985,
            "rate": 40768.18292603415
        },
        "http_req_connecting": {
            "avg": 1.056102807216261,
            "min": 0.045,
            "med": 0.176,
            "max": 159.719,
            "p(90)": 0.454,
            "p(95)": 1.1635999999999944
        },
        "http_req_waiting": {
            "max": 60002.419,
            "p(90)": 1190.2926,
            "p(95)": 1948.5919999999985,
            "avg": 637.5531276595776,
            "min": 3.15,
            "med": 140.609
        }
    },
    "root_group": {
        "name": "",
        "path": "",
        "id": "d41d8cd98f00b204e9800998ecf8427e",
        "groups": {},
        "checks": {
                "status is 200": {
                    "fails": 157,
                    "name": "status is 200",
                    "path": "::status is 200",
                    "id": "6210a8cd14cd70477eba5c5e4cb3fb5f",
                    "passes": 61648
                }
            }
    }
}