{
    "root_group": {
        "name": "",
        "path": "",
        "id": "d41d8cd98f00b204e9800998ecf8427e",
        "groups": {},
        "checks": {
                "status is 200": {
                    "fails": 30,
                    "name": "status is 200",
                    "path": "::status is 200",
                    "id": "6210a8cd14cd70477eba5c5e4cb3fb5f",
                    "passes": 64813
                }
            }
    },
    "metrics": {
        "http_req_duration": {
            "avg": 550.0761486976264,
            "min": 76.606,
            "med": 488.031,
            "max": 7995.015,
            "p(90)": 784.3012,
            "p(95)": 1235.0915999999986
        },
        "http_reqs": {
            "count": 64843,
            "rate": 639.2571142825959
        },
        "http_req_duration{expected_response:true}": {
            "avg": 547.9505523891843,
            "min": 76.606,
            "med": 487.979,
            "max": 7995.015,
            "p(90)": 783.1356000000001,
            "p(95)": 1231.4163999999998
        },
        "data_sent": {
            "count": 4992911,
            "rate": 49222.79779975989
        },
        "data_received": {
            "count": 6806445,
            "rate": 67101.5898280956
        },
        "iterations": {
            "count": 64843,
            "rate": 639.2571142825959
        },
        "http_req_tls_handshaking": {
            "med": 0,
            "max": 0,
            "p(90)": 0,
            "p(95)": 0,
            "avg": 0,
            "min": 0
        },
        "http_req_waiting": {
            "med": 487.884,
            "max": 7994.923,
            "p(90)": 783.8882000000001,
            "p(95)": 1234.5324,
            "avg": 549.7774970158697,
            "min": 76.496
        },
        "vus_max": {
            "value": 1000,
            "min": 1000,
            "max": 1000
        },
        "iteration_duration": {
            "p(95)": 2263.389736899999,
            "avg": 1552.7686024716506,
            "min": 1077.336875,
            "med": 1489.320833,
            "max": 8996.153375,
            "p(90)": 1789.4823916
        },
        "http_req_failed": {
            "passes": 30,
            "fails": 64813,
            "value": 0.00046265595361102974
        },
        "http_req_blocked": {
            "p(90)": 0.496,
            "p(95)": 1.047,
            "avg": 2.046817497648157,
            "min": 0.067,
            "med": 0.211,
            "max": 189.837
        },
        "checks": {
            "passes": 64813,
            "fails": 30,
            "value": 0.9995373440463889
        },
        "http_req_connecting": {
            "avg": 1.9641458600002895,
            "min": 0.057,
            "med": 0.175,
            "max": 189.767,
            "p(90)": 0.428,
            "p(95)": 0.8648999999999971
        },
        "http_req_receiving": {
            "avg": 0.20481691161729934,
            "min": 0.006,
            "med": 0.05,
            "max": 506.941,
            "p(90)": 0.129,
            "p(95)": 0.222
        },
        "http_req_sending": {
            "med": 0.021,
            "max": 46.824,
            "p(90)": 0.056,
            "p(95)": 0.091,
            "avg": 0.09383477013710917,
            "min": 0.003
        },
        "vus": {
            "min": 378,
            "max": 1000,
            "value": 378
        }
    }
}