{
    "root_group": {
        "id": "d41d8cd98f00b204e9800998ecf8427e",
        "groups": {},
        "checks": {
                "status is 200": {
                    "fails": 0,
                    "name": "status is 200",
                    "path": "::status is 200",
                    "id": "6210a8cd14cd70477eba5c5e4cb3fb5f",
                    "passes": 66657
                }
            },
        "name": "",
        "path": ""
    },
    "metrics": {
        "http_req_connecting": {
            "p(90)": 0.383,
            "p(95)": 0.722,
            "avg": 1.8816167394271994,
            "min": 0.048,
            "med": 0.174,
            "max": 176.036
        },
        "data_received": {
            "count": 6998985,
            "rate": 69006.0038014019
        },
        "http_req_tls_handshaking": {
            "max": 0,
            "p(90)": 0,
            "p(95)": 0,
            "avg": 0,
            "min": 0,
            "med": 0
        },
        "vus": {
            "value": 361,
            "min": 361,
            "max": 1000
        },
        "vus_max": {
            "min": 1000,
            "max": 1000,
            "value": 1000
        },
        "http_reqs": {
            "rate": 657.2000362038275,
            "count": 66657
        },
        "http_req_sending": {
            "p(95)": 0.083,
            "avg": 0.2232761600432148,
            "min": 0.003,
            "med": 0.021,
            "max": 98.155,
            "p(90)": 0.054
        },
        "http_req_failed": {
            "fails": 66657,
            "passes": 0,
            "value": 0
        },
        "http_req_blocked": {
            "p(90)": 0.447,
            "p(95)": 0.873,
            "avg": 1.9453083097048918,
            "min": 0.056,
            "med": 0.209,
            "max": 181.816
        },
        "data_sent": {
            "count": 5132589,
            "rate": 50604.40278769472
        },
        "http_req_receiving": {
            "min": 0.005,
            "med": 0.05,
            "max": 120.759,
            "p(90)": 0.126,
            "p(95)": 0.223,
            "avg": 0.15324519555336014
        },
        "checks": {
            "passes": 66657,
            "fails": 0,
            "value": 1
        },
        "iteration_duration": {
            "avg": 1510.7360404826813,
            "min": 1086.314,
            "med": 1484.782292,
            "max": 4706.433833,
            "p(90)": 1673.467366,
            "p(95)": 1734.461233
        },
        "http_req_waiting": {
            "avg": 507.94282279431053,
            "min": 29.853,
            "med": 483.412,
            "max": 3543.937,
            "p(90)": 670.3636,
            "p(95)": 728.7855999999999
        },
        "iterations": {
            "count": 66657,
            "rate": 657.2000362038275
        },
        "http_req_duration": {
            "p(90)": 670.7442000000001,
            "p(95)": 729.3308,
            "avg": 508.31934414989854,
            "min": 70.263,
            "med": 483.619,
            "max": 3567.399
        },
        "http_req_duration{expected_response:true}": {
            "avg": 508.31934414989854,
            "min": 70.263,
            "med": 483.619,
            "max": 3567.399,
            "p(90)": 670.7442000000001,
            "p(95)": 729.3308
        }
    }
}