{
    "metrics": {
        "http_req_blocked": {
            "min": 0,
            "med": 0.002,
            "max": 241.668,
            "p(90)": 0.006,
            "p(95)": 0.012,
            "avg": 3.4490723452579224
        },
        "http_reqs": {
            "count": 35220,
            "rate": 342.57934427473265
        },
        "http_req_tls_handshaking": {
            "avg": 0,
            "min": 0,
            "med": 0,
            "max": 0,
            "p(90)": 0,
            "p(95)": 0
        },
        "iterations": {
            "count": 35220,
            "rate": 342.57934427473265
        },
        "http_req_failed": {
            "passes": 0,
            "fails": 35220,
            "value": 0
        },
        "vus": {
            "value": 320,
            "min": 320,
            "max": 1000
        },
        "data_sent": {
            "count": 2711940,
            "rate": 26378.609509154416
        },
        "data_received": {
            "count": 3698100,
            "rate": 35970.83114884693
        },
        "http_req_duration": {
            "p(90)": 2080.8198,
            "p(95)": 2201.9301499999992,
            "avg": 1875.1021174332673,
            "min": 139.338,
            "med": 1850.995,
            "max": 2945.746
        },
        "http_req_duration{expected_response:true}": {
            "p(90)": 2080.8198,
            "p(95)": 2201.9301499999992,
            "avg": 1875.1021174332673,
            "min": 139.338,
            "med": 1850.995,
            "max": 2945.746
        },
        "http_req_sending": {
            "p(95)": 0.027,
            "avg": 0.6961853492337594,
            "min": 0.002,
            "med": 0.005,
            "max": 121.965,
            "p(90)": 0.016
        },
        "iteration_duration": {
            "p(95)": 3212.1331291499996,
            "avg": 2878.903464095107,
            "min": 1166.343208,
            "med": 2851.5173955,
            "max": 4076.598041,
            "p(90)": 3083.6604628
        },
        "http_req_connecting": {
            "avg": 3.376988273708118,
            "min": 0,
            "med": 0,
            "max": 233.603,
            "p(90)": 0,
            "p(95)": 0
        },
        "http_req_waiting": {
            "avg": 1874.3808029244774,
            "min": 102.675,
            "med": 1850.9585,
            "max": 2894.107,
            "p(90)": 2079.8473,
            "p(95)": 2198.6321
        },
        "checks": {
            "passes": 35220,
            "fails": 0,
            "value": 1
        },
        "vus_max": {
            "value": 1000,
            "min": 1000,
            "max": 1000
        },
        "http_req_receiving": {
            "avg": 0.025129159568425267,
            "min": 0.006,
            "med": 0.016,
            "max": 4.863,
            "p(90)": 0.045,
            "p(95)": 0.063
        }
    },
    "root_group": {
        "name": "",
        "path": "",
        "id": "d41d8cd98f00b204e9800998ecf8427e",
        "groups": {},
        "checks": {
                "status is 200": {
                    "fails": 0,
                    "name": "status is 200",
                    "path": "::status is 200",
                    "id": "6210a8cd14cd70477eba5c5e4cb3fb5f",
                    "passes": 35220
                }
            }
    }
}