{
    "metrics": {
        "checks": {
            "passes": 58129,
            "fails": 491,
            "value": 0.9916240191061071
        },
        "iteration_duration": {
            "avg": 1728.6415604599129,
            "min": 1003.345208,
            "med": 1202.158271,
            "max": 61000.482083,
            "p(90)": 2448.0988253000005,
            "p(95)": 4068.44924375
        },
        "vus_max": {
            "value": 1000,
            "min": 1000,
            "max": 1000
        },
        "http_req_duration": {
            "p(90)": 1446.6343000000002,
            "p(95)": 3065.4614,
            "avg": 726.6463382292629,
            "min": 3.153,
            "med": 200.919,
            "max": 60001.516
        },
        "http_req_failed": {
            "passes": 491,
            "fails": 58129,
            "value": 0.00837598089389287
        },
        "data_sent": {
            "count": 4513740,
            "rate": 37779.805855351806
        },
        "http_req_blocked": {
            "avg": 1.4525468440805172,
            "min": 0.058,
            "med": 0.216,
            "max": 151.21,
            "p(90)": 0.525,
            "p(95)": 1.124099999999995
        },
        "http_req_receiving": {
            "p(95)": 0.2620499999999974,
            "avg": 0.6316261003070629,
            "min": 0,
            "med": 0.048,
            "max": 594.114,
            "p(90)": 0.137
        },
        "http_req_tls_handshaking": {
            "med": 0,
            "max": 0,
            "p(90)": 0,
            "p(95)": 0,
            "avg": 0,
            "min": 0
        },
        "http_reqs": {
            "count": 58620,
            "rate": 490.64682929028316
        },
        "http_req_duration{expected_response:true}": {
            "p(90)": 1373.2624,
            "p(95)": 2838.6639999999984,
            "avg": 632.3177094221452,
            "min": 3.153,
            "med": 198.161,
            "max": 31006.552
        },
        "http_req_connecting": {
            "min": 0.049,
            "med": 0.18,
            "max": 143.666,
            "p(90)": 0.451,
            "p(95)": 0.9260499999999975,
            "avg": 1.3239786421016795
        },
        "http_req_sending": {
            "med": 0.02,
            "max": 57.258,
            "p(90)": 0.061,
            "p(95)": 0.114,
            "avg": 0.15036444899352824,
            "min": 0.003
        },
        "http_req_waiting": {
            "med": 199.75400000000002,
            "max": 60001.511,
            "p(90)": 1444.4588000000003,
            "p(95)": 3065.0923999999995,
            "avg": 725.864347679974,
            "min": 3.118
        },
        "data_received": {
            "count": 6111210,
            "rate": 51150.559700222984
        },
        "vus": {
            "value": 5,
            "min": 5,
            "max": 1000
        },
        "iterations": {
            "rate": 490.64682929028316,
            "count": 58620
        }
    },
    "root_group": {
        "groups": {},
        "checks": {
                "status is 200": {
                    "fails": 491,
                    "name": "status is 200",
                    "path": "::status is 200",
                    "id": "6210a8cd14cd70477eba5c5e4cb3fb5f",
                    "passes": 58129
                }
            },
        "name": "",
        "path": "",
        "id": "d41d8cd98f00b204e9800998ecf8427e"
    }
}