{
    "metrics": {
        "http_req_duration": {
            "p(90)": 1284.6614,
            "p(95)": 2393.875599999999,
            "avg": 666.6641708982141,
            "min": 3.198,
            "med": 196.77499999999998,
            "max": 60002.027
        },
        "http_req_connecting": {
            "p(95)": 1.055,
            "avg": 1.685668617144343,
            "min": 0.042,
            "med": 0.182,
            "max": 168.831,
            "p(90)": 0.475
        },
        "data_received": {
            "count": 6311190,
            "rate": 58252.145983771596
        },
        "http_req_sending": {
            "min": 0.003,
            "med": 0.019,
            "max": 80.79,
            "p(90)": 0.061,
            "p(95)": 0.123,
            "avg": 0.23503024893384578
        },
        "data_sent": {
            "rate": 42996.43193041541,
            "count": 4658346
        },
        "vus_max": {
            "value": 1000,
            "min": 1000,
            "max": 1000
        },
        "iteration_duration": {
            "p(95)": 3397.383606299999,
            "avg": 1669.0836549235291,
            "min": 1003.417667,
            "med": 1197.919125,
            "max": 61001.58025,
            "p(90)": 2296.9386625000006
        },
        "http_req_receiving": {
            "med": 0.047,
            "max": 576.878,
            "p(90)": 0.135,
            "p(95)": 0.255,
            "avg": 0.6670798373499878,
            "min": 0
        },
        "http_req_blocked": {
            "min": 0.051,
            "med": 0.217,
            "max": 177.946,
            "p(90)": 0.552,
            "p(95)": 1.302,
            "avg": 1.7715753082746433
        },
        "http_req_waiting": {
            "min": 3.176,
            "med": 195.8905,
            "max": 60002.019,
            "p(90)": 1283.7854,
            "p(95)": 2393.7624499999993,
            "avg": 665.7620608119257
        },
        "http_req_duration{expected_response:true}": {
            "p(90)": 1248.5473,
            "p(95)": 1934.1259999999975,
            "avg": 579.0321924178318,
            "min": 3.198,
            "med": 194.43,
            "max": 28063.642
        },
        "http_req_failed": {
            "passes": 436,
            "fails": 60062,
            "value": 0.0072068498132169655
        },
        "checks": {
            "passes": 60062,
            "fails": 436,
            "value": 0.992793150186783
        },
        "http_reqs": {
            "count": 60498,
            "rate": 558.3952198755248
        },
        "http_req_tls_handshaking": {
            "avg": 0,
            "min": 0,
            "med": 0,
            "max": 0,
            "p(90)": 0,
            "p(95)": 0
        },
        "vus": {
            "min": 6,
            "max": 1000,
            "value": 6
        },
        "iterations": {
            "count": 60498,
            "rate": 558.3952198755248
        }
    },
    "root_group": {
        "checks": {
            "status is 200": {
                "id": "6210a8cd14cd70477eba5c5e4cb3fb5f",
                "passes": 60062,
                "fails": 436,
                "name": "status is 200",
                "path": "::status is 200"
            }
        },
        "name": "",
        "path": "",
        "id": "d41d8cd98f00b204e9800998ecf8427e",
        "groups": {}
    }
}