{
    "metrics": {
        "checks": {
            "passes": 58639,
            "fails": 49,
            "value": 0.9991650763358778
        },
        "vus": {
            "max": 1000,
            "value": 12,
            "min": 12
        },
        "iteration_duration": {
            "med": 1617.6393130000001,
            "max": 16030.30975,
            "p(90)": 2000.8205455000002,
            "p(95)": 2188.4727772,
            "avg": 1717.2587350426234,
            "min": 1028.452583
        },
        "http_req_receiving": {
            "avg": 0.28185220147220574,
            "min": 0,
            "med": 0.049,
            "max": 269.581,
            "p(90)": 0.147,
            "p(95)": 0.2666499999999974
        },
        "http_req_duration": {
            "med": 616.797,
            "max": 15029.612,
            "p(90)": 999.7013000000001,
            "p(95)": 1184.81765,
            "avg": 714.9993778455572,
            "min": 27.819
        },
        "http_req_waiting": {
            "p(90)": 999.2623,
            "p(95)": 1184.56005,
            "avg": 714.5604133042566,
            "min": 27.725,
            "med": 616.45,
            "max": 15029.606
        },
        "http_req_duration{expected_response:true}": {
            "avg": 709.3851174474314,
            "min": 27.819,
            "med": 616.617,
            "max": 12913.854,
            "p(90)": 998.5392,
            "p(95)": 1183.3343999999997
        },
        "http_req_tls_handshaking": {
            "min": 0,
            "med": 0,
            "max": 0,
            "p(90)": 0,
            "p(95)": 0,
            "avg": 0
        },
        "vus_max": {
            "value": 1000,
            "min": 1000,
            "max": 1000
        },
        "data_sent": {
            "count": 4518976,
            "rate": 44079.26576799501
        },
        "http_reqs": {
            "count": 58688,
            "rate": 572.4579969869482
        },
        "http_req_blocked": {
            "p(90)": 0.496,
            "p(95)": 0.9206499999999974,
            "avg": 1.7889708628680538,
            "min": 0.052,
            "med": 0.21,
            "max": 175.38
        },
        "http_req_sending": {
            "avg": 0.1571123398309812,
            "min": 0.003,
            "med": 0.02,
            "max": 71.149,
            "p(90)": 0.055,
            "p(95)": 0.092
        },
        "http_req_failed": {
            "passes": 49,
            "fails": 58639,
            "value": 0.0008349236641221374
        },
        "data_received": {
            "count": 6158499,
            "rate": 60071.59899785516
        },
        "iterations": {
            "rate": 572.4579969869482,
            "count": 58688
        },
        "http_req_connecting": {
            "avg": 1.7131372171483104,
            "min": 0.045,
            "med": 0.175,
            "max": 174.999,
            "p(90)": 0.43,
            "p(95)": 0.775
        }
    },
    "root_group": {
        "name": "",
        "path": "",
        "id": "d41d8cd98f00b204e9800998ecf8427e",
        "groups": {},
        "checks": {
                "status is 200": {
                    "name": "status is 200",
                    "path": "::status is 200",
                    "id": "6210a8cd14cd70477eba5c5e4cb3fb5f",
                    "passes": 58639,
                    "fails": 49
                }
            }
    }
}