{
    "root_group": {
        "name": "",
        "path": "",
        "id": "d41d8cd98f00b204e9800998ecf8427e",
        "groups": {},
        "checks": {
                "status is 200": {
                    "name": "status is 200",
                    "path": "::status is 200",
                    "id": "6210a8cd14cd70477eba5c5e4cb3fb5f",
                    "passes": 58606,
                    "fails": 276
                }
            }
    },
    "metrics": {
        "http_req_duration{expected_response:true}": {
            "p(90)": 1178.97,
            "p(95)": 1795.2064999999968,
            "avg": 632.176454390342,
            "min": 3.167,
            "med": 192.4655,
            "max": 32592.322
        },
        "http_req_duration": {
            "avg": 711.762344825252,
            "min": 3.167,
            "med": 193.7505,
            "max": 60001.912,
            "p(90)": 1192.8829,
            "p(95)": 2039.853599999994
        },
        "vus_max": {
            "value": 1000,
            "min": 1000,
            "max": 1000
        },
        "data_sent": {
            "count": 4533914,
            "rate": 40314.80323188585
        },
        "iterations": {
            "count": 58882,
            "rate": 523.5688731413748
        },
        "http_req_waiting": {
            "avg": 711.0465624639039,
            "min": 3.146,
            "med": 192.8955,
            "max": 60001.891,
            "p(90)": 1191.3799000000001,
            "p(95)": 2039.340399999995
        },
        "http_req_failed": {
            "passes": 276,
            "fails": 58606,
            "value": 0.004687340783261438
        },
        "vus": {
            "value": 18,
            "min": 18,
            "max": 1000
        },
        "http_req_blocked": {
            "p(90)": 0.559,
            "p(95)": 1.225,
            "avg": 1.0300467035766443,
            "min": 0.058,
            "med": 0.216,
            "max": 186.451
        },
        "http_req_tls_handshaking": {
            "avg": 0,
            "min": 0,
            "med": 0,
            "max": 0,
            "p(90)": 0,
            "p(95)": 0
        },
        "iteration_duration": {
            "med": 1194.6209585000001,
            "max": 61003.445334,
            "p(90)": 2202.1361589000003,
            "p(95)": 3040.1782458499933,
            "avg": 1713.3963871333535,
            "min": 1003.502875
        },
        "data_received": {
            "count": 6157266,
            "rate": 54749.377080460916
        },
        "http_req_connecting": {
            "max": 100.546,
            "p(90)": 0.488,
            "p(95)": 1.028,
            "avg": 0.9372869467749143,
            "min": 0.043,
            "med": 0.181
        },
        "checks": {
            "passes": 58606,
            "fails": 276,
            "value": 0.9953126592167386
        },
        "http_reqs": {
            "rate": 523.5688731413748,
            "count": 58882
        },
        "http_req_sending": {
            "min": 0.003,
            "med": 0.019,
            "max": 58.249,
            "p(90)": 0.059,
            "p(95)": 0.103,
            "avg": 0.15717319384532633
        },
        "http_req_receiving": {
            "avg": 0.5586091674875185,
            "min": 0,
            "med": 0.047,
            "max": 651.445,
            "p(90)": 0.131,
            "p(95)": 0.247
        }
    }
}