{
    "metrics": {
        "http_req_receiving": {
            "avg": 0.2302979797175844,
            "min": 0,
            "med": 0.048,
            "max": 303.953,
            "p(90)": 0.129,
            "p(95)": 0.226
        },
        "data_sent": {
            "count": 4836601,
            "rate": 46962.10738582832
        },
        "data_received": {
            "count": 6589569,
            "rate": 63982.95972819038
        },
        "http_req_failed": {
            "passes": 72,
            "fails": 62741,
            "value": 0.0011462595322624298
        },
        "iterations": {
            "count": 62813,
            "rate": 609.8974985172508
        },
        "http_req_blocked": {
            "avg": 1.3232995080635928,
            "min": 0.045,
            "med": 0.212,
            "max": 326.007,
            "p(90)": 0.508,
            "p(95)": 0.906
        },
        "http_req_sending": {
            "avg": 0.4085773327176333,
            "min": 0.003,
            "med": 0.021,
            "max": 154.649,
            "p(90)": 0.054,
            "p(95)": 0.087
        },
        "http_req_duration": {
            "avg": 600.086928215489,
            "min": 3.343,
            "med": 486.28,
            "max": 15011.216,
            "p(90)": 909.1654000000001,
            "p(95)": 1175.8517999999988
        },
        "http_req_waiting": {
            "max": 15011.206,
            "p(90)": 908.9822,
            "p(95)": 1175.3837999999996,
            "avg": 599.448052903064,
            "min": 3.316,
            "med": 485.772
        },
        "vus": {
            "max": 1000,
            "value": 1,
            "min": 1
        },
        "http_reqs": {
            "count": 62813,
            "rate": 609.8974985172508
        },
        "http_req_tls_handshaking": {
            "p(95)": 0,
            "avg": 0,
            "min": 0,
            "med": 0,
            "max": 0,
            "p(90)": 0
        },
        "vus_max": {
            "value": 1000,
            "min": 1000,
            "max": 1000
        },
        "http_req_connecting": {
            "avg": 1.2451548564787622,
            "min": 0.037,
            "med": 0.176,
            "max": 172.969,
            "p(90)": 0.44,
            "p(95)": 0.746
        },
        "iteration_duration": {
            "avg": 1601.8847350755618,
            "min": 1003.560125,
            "med": 1487.56325,
            "max": 16114.426458,
            "p(90)": 1910.2217586,
            "p(95)": 2177.2900001999997
        },
        "checks": {
            "fails": 72,
            "passes": 62741,
            "value": 0.9988537404677376
        },
        "http_req_duration{expected_response:true}": {
            "avg": 590.8691786869763,
            "min": 3.343,
            "med": 486.048,
            "max": 7647.732,
            "p(90)": 907.908,
            "p(95)": 1167.366
        }
    },
    "root_group": {
        "path": "",
        "id": "d41d8cd98f00b204e9800998ecf8427e",
        "groups": {},
        "checks": {
                "status is 200": {
                    "path": "::status is 200",
                    "id": "6210a8cd14cd70477eba5c5e4cb3fb5f",
                    "passes": 62741,
                    "fails": 72,
                    "name": "status is 200"
                }
            },
        "name": ""
    }
}