{
    "root_group": {
        "path": "",
        "id": "d41d8cd98f00b204e9800998ecf8427e",
        "groups": {},
        "checks": {
                "status is 200": {
                    "name": "status is 200",
                    "path": "::status is 200",
                    "id": "6210a8cd14cd70477eba5c5e4cb3fb5f",
                    "passes": 36178,
                    "fails": 0
                }
            },
        "name": ""
    },
    "metrics": {
        "vus_max": {
            "value": 1000,
            "min": 1000,
            "max": 1000
        },
        "http_reqs": {
            "rate": 352.1894207060336,
            "count": 36178
        },
        "http_req_connecting": {
            "avg": 1.3925666703521469,
            "min": 0,
            "med": 0,
            "max": 160.715,
            "p(90)": 0,
            "p(95)": 0
        },
        "data_sent": {
            "count": 2785706,
            "rate": 27118.585394364585
        },
        "data_received": {
            "count": 3798690,
            "rate": 36979.889174133525
        },
        "http_req_sending": {
            "p(90)": 0.014,
            "p(95)": 0.021,
            "avg": 0.09615937862792545,
            "min": 0.002,
            "med": 0.004,
            "max": 46.892
        },
        "http_req_waiting": {
            "max": 2831.81,
            "p(90)": 1888.94,
            "p(95)": 2076.0823499999997,
            "avg": 1799.5645432583296,
            "min": 42.51,
            "med": 1778.1565
        },
        "http_req_duration{expected_response:true}": {
            "p(95)": 2076.16315,
            "avg": 1799.682981618669,
            "min": 45.024,
            "med": 1778.1865,
            "max": 2839.495,
            "p(90)": 1889.049
        },
        "http_req_duration": {
            "med": 1778.1865,
            "max": 2839.495,
            "p(90)": 1889.049,
            "p(95)": 2076.16315,
            "avg": 1799.682981618669,
            "min": 45.024
        },
        "http_req_receiving": {
            "p(95)": 0.053,
            "avg": 0.022278981701585324,
            "min": 0.005,
            "med": 0.014,
            "max": 3.483,
            "p(90)": 0.039
        },
        "vus": {
            "value": 292,
            "min": 292,
            "max": 1000
        },
        "iteration_duration": {
            "avg": 2801.405980263271,
            "min": 1054.932584,
            "med": 2778.5690624999997,
            "max": 3970.901042,
            "p(90)": 2889.5664707,
            "p(95)": 3076.76361695
        },
        "checks": {
            "passes": 36178,
            "fails": 0,
            "value": 1
        },
        "http_req_blocked": {
            "max": 160.735,
            "p(90)": 0.005,
            "p(95)": 0.009,
            "avg": 1.4114516004183777,
            "min": 0,
            "med": 0.002
        },
        "http_req_failed": {
            "passes": 0,
            "fails": 36178,
            "value": 0
        },
        "iterations": {
            "count": 36178,
            "rate": 352.1894207060336
        },
        "http_req_tls_handshaking": {
            "avg": 0,
            "min": 0,
            "med": 0,
            "max": 0,
            "p(90)": 0,
            "p(95)": 0
        }
    }
}