{
    "metrics": {
        "http_req_receiving": {
            "avg": 0.12510957392100738,
            "min": 0.006,
            "med": 0.053,
            "max": 265.778,
            "p(90)": 0.112,
            "p(95)": 0.185
        },
        "iteration_duration": {
            "p(90)": 1472.6966502,
            "p(95)": 1687.0382710999997,
            "avg": 1260.5323260251766,
            "min": 1030.472208,
            "med": 1198.811208,
            "max": 6207.565875
        },
        "http_req_duration": {
            "p(90)": 471.96720000000005,
            "p(95)": 685.2923,
            "avg": 259.373967263289,
            "min": 16.262,
            "med": 197.977,
            "max": 5097.221
        },
        "http_req_connecting": {
            "med": 0.168,
            "max": 126.864,
            "p(90)": 0.309,
            "p(95)": 0.59,
            "avg": 0.6993740389077749,
            "min": 0.05
        },
        "vus": {
            "max": 1000,
            "value": 169,
            "min": 169
        },
        "data_sent": {
            "count": 6138979,
            "rate": 60730.890807493015
        },
        "http_req_blocked": {
            "min": 0.062,
            "med": 0.205,
            "max": 126.881,
            "p(90)": 0.367,
            "p(95)": 0.699,
            "avg": 0.7663971803780344
        },
        "vus_max": {
            "max": 1000,
            "value": 1000,
            "min": 1000
        },
        "data_received": {
            "count": 8369955,
            "rate": 82801.19921710601
        },
        "http_req_duration{expected_response:true}": {
            "med": 197.954,
            "max": 3327.641,
            "p(90)": 471.74760000000003,
            "p(95)": 684.5536,
            "avg": 258.1661390843997,
            "min": 16.262
        },
        "iterations": {
            "count": 79727,
            "rate": 788.7128676297795
        },
        "http_req_sending": {
            "p(95)": 0.075,
            "avg": 0.09608973120775963,
            "min": 0.003,
            "med": 0.025,
            "max": 95.871,
            "p(90)": 0.055
        },
        "checks": {
            "passes": 79707,
            "fails": 20,
            "value": 0.9997491439537421
        },
        "http_req_tls_handshaking": {
            "min": 0,
            "med": 0,
            "max": 0,
            "p(90)": 0,
            "p(95)": 0,
            "avg": 0
        },
        "http_req_waiting": {
            "min": 15.844,
            "med": 197.835,
            "max": 5091.431,
            "p(90)": 471.79500000000013,
            "p(95)": 684.7170999999998,
            "avg": 259.1527679581579
        },
        "http_req_failed": {
            "passes": 20,
            "fails": 79707,
            "value": 0.00025085604625785495
        },
        "http_reqs": {
            "count": 79727,
            "rate": 788.7128676297795
        }
    },
    "root_group": {
        "id": "d41d8cd98f00b204e9800998ecf8427e",
        "groups": {},
        "checks": {
                "status is 200": {
                    "name": "status is 200",
                    "path": "::status is 200",
                    "id": "6210a8cd14cd70477eba5c5e4cb3fb5f",
                    "passes": 79707,
                    "fails": 20
                }
            },
        "name": "",
        "path": ""
    }
}