{
    "root_group": {
        "name": "",
        "path": "",
        "id": "d41d8cd98f00b204e9800998ecf8427e",
        "groups": {},
        "checks": {
                "status is 200": {
                    "path": "::status is 200",
                    "id": "6210a8cd14cd70477eba5c5e4cb3fb5f",
                    "passes": 36076,
                    "fails": 0,
                    "name": "status is 200"
                }
            }
    },
    "metrics": {
        "http_req_duration": {
            "min": 30.882,
            "med": 1778.4699999999998,
            "max": 2841.448,
            "p(90)": 1909.359,
            "p(95)": 2037.95275,
            "avg": 1807.7909746368764
        },
        "http_req_connecting": {
            "min": 0,
            "med": 0,
            "max": 157.97,
            "p(90)": 0,
            "p(95)": 0,
            "avg": 1.699981982481429
        },
        "vus_max": {
            "value": 1000,
            "min": 1000,
            "max": 1000
        },
        "iteration_duration": {
            "avg": 2809.877830667116,
            "min": 1062.7875,
            "med": 2778.942104,
            "max": 3993.521917,
            "p(90)": 2910.159063,
            "p(95)": 3038.40362475
        },
        "http_req_waiting": {
            "med": 1778.435,
            "max": 2836.198,
            "p(90)": 1909.3020000000001,
            "p(95)": 2037.8815,
            "avg": 1807.642604778798,
            "min": 30.723
        },
        "data_sent": {
            "rate": 27029.234482149976,
            "count": 2777852
        },
        "iterations": {
            "count": 36076,
            "rate": 351.029019248701
        },
        "data_received": {
            "count": 3787980,
            "rate": 36858.047021113605
        },
        "http_req_tls_handshaking": {
            "max": 0,
            "p(90)": 0,
            "p(95)": 0,
            "avg": 0,
            "min": 0,
            "med": 0
        },
        "http_req_sending": {
            "med": 0.005,
            "max": 36.722,
            "p(90)": 0.015,
            "p(95)": 0.024,
            "avg": 0.12405067080603803,
            "min": 0.002
        },
        "http_req_receiving": {
            "avg": 0.02431918727131479,
            "min": 0.005,
            "med": 0.014,
            "max": 13.893,
            "p(90)": 0.04,
            "p(95)": 0.055
        },
        "http_req_duration{expected_response:true}": {
            "min": 30.882,
            "med": 1778.4699999999998,
            "max": 2841.448,
            "p(90)": 1909.359,
            "p(95)": 2037.95275,
            "avg": 1807.7909746368764
        },
        "http_req_failed": {
            "passes": 0,
            "fails": 36076,
            "value": 0
        },
        "http_req_blocked": {
            "p(90)": 0.006,
            "p(95)": 0.01,
            "avg": 1.7651678401135533,
            "min": 0,
            "med": 0.002,
            "max": 163.403
        },
        "vus": {
            "value": 311,
            "min": 311,
            "max": 1000
        },
        "http_reqs": {
            "count": 36076,
            "rate": 351.029019248701
        },
        "checks": {
            "passes": 36076,
            "fails": 0,
            "value": 1
        }
    }
}