{
    "metrics": {
        "checks": {
            "passes": 56741,
            "fails": 376,
            "value": 0.993417021202094
        },
        "http_req_sending": {
            "avg": 0.10117481660451885,
            "min": 0.003,
            "med": 0.02,
            "max": 133.814,
            "p(90)": 0.065,
            "p(95)": 0.128
        },
        "http_req_receiving": {
            "avg": 0.6215447765113689,
            "min": 0,
            "med": 0.048,
            "max": 535.179,
            "p(90)": 0.141,
            "p(95)": 0.258
        },
        "vus": {
            "value": 1,
            "min": 1,
            "max": 1000
        },
        "http_req_failed": {
            "passes": 376,
            "fails": 56741,
            "value": 0.006582978797906053
        },
        "http_req_blocked": {
            "min": 0.062,
            "med": 0.239,
            "max": 248.622,
            "p(90)": 0.7094000000000013,
            "p(95)": 1.8461999999999976,
            "avg": 1.797700929670689
        },
        "http_reqs": {
            "rate": 529.9116265646516,
            "count": 57117
        },
        "http_req_tls_handshaking": {
            "med": 0,
            "max": 0,
            "p(90)": 0,
            "p(95)": 0,
            "avg": 0,
            "min": 0
        },
        "data_received": {
            "count": 5966481,
            "rate": 55354.93200933328
        },
        "iterations": {
            "count": 57117,
            "rate": 529.9116265646516
        },
        "http_req_duration{expected_response:true}": {
            "avg": 684.1331116476607,
            "min": 3.255,
            "med": 210.387,
            "max": 48525.373,
            "p(90)": 1269.103,
            "p(95)": 2422.185
        },
        "data_sent": {
            "count": 4398009,
            "rate": 40803.19524547817
        },
        "iteration_duration": {
            "avg": 1759.343180027715,
            "min": 1003.479208,
            "med": 1214.709667,
            "max": 61041.125459,
            "p(90)": 2338.8849834,
            "p(95)": 4014.9020084
        },
        "http_req_duration": {
            "med": 213.341,
            "max": 60003.66,
            "p(90)": 1329.5502000000001,
            "p(95)": 3013.2653999999993,
            "avg": 756.7309633909297,
            "min": 3.255
        },
        "vus_max": {
            "value": 1000,
            "min": 1000,
            "max": 1000
        },
        "http_req_connecting": {
            "p(95)": 1.536,
            "avg": 1.5594801022462557,
            "min": 0.048,
            "med": 0.201,
            "max": 246.948,
            "p(90)": 0.616
        },
        "http_req_waiting": {
            "min": 3.23,
            "med": 212.36,
            "max": 60003.596,
            "p(90)": 1327.5362,
            "p(95)": 3013.0127999999995,
            "avg": 756.0082437978214
        }
    },
    "root_group": {
        "groups": {},
        "checks": {
                "status is 200": {
                    "name": "status is 200",
                    "path": "::status is 200",
                    "id": "6210a8cd14cd70477eba5c5e4cb3fb5f",
                    "passes": 56741,
                    "fails": 376
                }
            },
        "name": "",
        "path": "",
        "id": "d41d8cd98f00b204e9800998ecf8427e"
    }
}