{
    "root_group": {
        "checks": {
            "status is 200": {
                "name": "status is 200",
                "path": "::status is 200",
                "id": "6210a8cd14cd70477eba5c5e4cb3fb5f",
                "passes": 35929,
                "fails": 0
            }
        },
        "name": "",
        "path": "",
        "id": "d41d8cd98f00b204e9800998ecf8427e",
        "groups": {}
    },
    "metrics": {
        "http_req_connecting": {
            "p(95)": 0,
            "avg": 2.5397028305825415,
            "min": 0,
            "med": 0,
            "max": 135.597,
            "p(90)": 0
        },
        "iteration_duration": {
            "avg": 2821.472241578929,
            "min": 1192.313,
            "med": 2787.22875,
            "max": 3930.377708,
            "p(90)": 2973.278158,
            "p(95)": 3113.343708
        },
        "http_req_duration{expected_response:true}": {
            "min": 86.896,
            "med": 1786.632,
            "max": 2841.008,
            "p(90)": 1972.5808,
            "p(95)": 2108.6261999999997,
            "avg": 1818.5570517130861
        },
        "http_req_tls_handshaking": {
            "avg": 0,
            "min": 0,
            "med": 0,
            "max": 0,
            "p(90)": 0,
            "p(95)": 0
        },
        "http_req_sending": {
            "min": 0.002,
            "med": 0.005,
            "max": 57.082,
            "p(90)": 0.015,
            "p(95)": 0.026,
            "avg": 0.19092418380691753
        },
        "http_req_blocked": {
            "avg": 2.586639789584675,
            "min": 0,
            "med": 0.002,
            "max": 151.731,
            "p(90)": 0.006,
            "p(95)": 0.012
        },
        "http_req_waiting": {
            "med": 1786.558,
            "max": 2832.506,
            "p(90)": 1972.5023999999999,
            "p(95)": 2108.3314,
            "avg": 1818.3423048512311,
            "min": 86.037
        },
        "http_reqs": {
            "count": 35929,
            "rate": 349.35335305952844
        },
        "data_received": {
            "count": 3772545,
            "rate": 36682.10207125048
        },
        "http_req_receiving": {
            "min": 0.005,
            "med": 0.015,
            "max": 8.539,
            "p(90)": 0.041,
            "p(95)": 0.057,
            "avg": 0.02382267805950497
        },
        "iterations": {
            "count": 35929,
            "rate": 349.35335305952844
        },
        "http_req_duration": {
            "p(95)": 2108.6261999999997,
            "avg": 1818.5570517130861,
            "min": 86.896,
            "med": 1786.632,
            "max": 2841.008,
            "p(90)": 1972.5808
        },
        "vus": {
            "value": 328,
            "min": 328,
            "max": 1000
        },
        "checks": {
            "passes": 35929,
            "fails": 0,
            "value": 1
        },
        "vus_max": {
            "value": 1000,
            "min": 1000,
            "max": 1000
        },
        "http_req_failed": {
            "passes": 0,
            "fails": 35929,
            "value": 0
        },
        "data_sent": {
            "count": 2766533,
            "rate": 26900.208185583688
        }
    }
}