{
    "metrics": {
        "http_req_tls_handshaking": {
            "avg": 0,
            "min": 0,
            "med": 0,
            "max": 0,
            "p(90)": 0,
            "p(95)": 0
        },
        "http_req_failed": {
            "passes": 54,
            "fails": 62722,
            "value": 0.0008602013508347139
        },
        "http_req_receiving": {
            "avg": 0.3671114120045885,
            "min": 0.005,
            "med": 0.047,
            "max": 179.238,
            "p(90)": 0.147,
            "p(95)": 0.292
        },
        "http_req_sending": {
            "avg": 0.2260023575888808,
            "min": 0.003,
            "med": 0.019,
            "max": 53.034,
            "p(90)": 0.056,
            "p(95)": 0.091
        },
        "http_req_duration": {
            "max": 11075.266,
            "p(90)": 785.088,
            "p(95)": 891.76625,
            "avg": 601.5669660698319,
            "min": 65.965,
            "med": 531.4245000000001
        },
        "checks": {
            "passes": 62722,
            "fails": 54,
            "value": 0.9991397986491652
        },
        "data_received": {
            "count": 6587754,
            "rate": 64932.72278129892
        },
        "vus": {
            "value": 372,
            "min": 372,
            "max": 1000
        },
        "vus_max": {
            "min": 1000,
            "max": 1000,
            "value": 1000
        },
        "http_req_duration{expected_response:true}": {
            "avg": 596.6357989859963,
            "min": 65.965,
            "med": 531.31,
            "max": 10668.154,
            "p(90)": 784.2447999999999,
            "p(95)": 890.3754999999999
        },
        "http_req_connecting": {
            "p(95)": 0.811,
            "avg": 2.0582397890913575,
            "min": 0.043,
            "med": 0.179,
            "max": 195.912,
            "p(90)": 0.483
        },
        "http_req_blocked": {
            "p(95)": 0.934,
            "avg": 2.172077800433285,
            "min": 0.057,
            "med": 0.213,
            "max": 202.135,
            "p(90)": 0.545
        },
        "http_req_waiting": {
            "min": 59.553,
            "med": 530.933,
            "max": 11073.98,
            "p(90)": 784.331,
            "p(95)": 891.21375,
            "avg": 600.9738523002442
        },
        "iteration_duration": {
            "p(90)": 1786.8705835,
            "p(95)": 1895.7170835,
            "avg": 1604.2251303453168,
            "min": 1167.18525,
            "med": 1532.3991460000002,
            "max": 12075.5
        },
        "iterations": {
            "count": 62776,
            "rate": 618.756651404837
        },
        "data_sent": {
            "rate": 47644.26215817246,
            "count": 4833752
        },
        "http_reqs": {
            "count": 62776,
            "rate": 618.756651404837
        }
    },
    "root_group": {
        "path": "",
        "id": "d41d8cd98f00b204e9800998ecf8427e",
        "groups": {},
        "checks": {
                "status is 200": {
                    "name": "status is 200",
                    "path": "::status is 200",
                    "id": "6210a8cd14cd70477eba5c5e4cb3fb5f",
                    "passes": 62722,
                    "fails": 54
                }
            },
        "name": ""
    }
}