{
    "root_group": {
        "path": "",
        "id": "d41d8cd98f00b204e9800998ecf8427e",
        "groups": {},
        "checks": {
                "status is 200": {
                    "id": "6210a8cd14cd70477eba5c5e4cb3fb5f",
                    "passes": 60155,
                    "fails": 50,
                    "name": "status is 200",
                    "path": "::status is 200"
                }
            },
        "name": ""
    },
    "metrics": {
        "http_reqs": {
            "count": 60205,
            "rate": 583.5255326513236
        },
        "http_req_blocked": {
            "p(90)": 0.485,
            "p(95)": 1.009,
            "avg": 1.371274678182895,
            "min": 0.06,
            "med": 0.207,
            "max": 137.379
        },
        "http_req_tls_handshaking": {
            "p(90)": 0,
            "p(95)": 0,
            "avg": 0,
            "min": 0,
            "med": 0,
            "max": 0
        },
        "http_req_duration": {
            "p(90)": 882.7800000000001,
            "p(95)": 1135.1404,
            "avg": 671.3043726766942,
            "min": 75.614,
            "med": 601.335,
            "max": 12575.907
        },
        "iteration_duration": {
            "p(90)": 1884.3602164,
            "p(95)": 2144.5870831999996,
            "avg": 1673.1026036811159,
            "min": 1104.104167,
            "med": 1602.244916,
            "max": 13576.097083
        },
        "checks": {
            "passes": 60155,
            "fails": 50,
            "value": 0.9991695041940039
        },
        "http_req_receiving": {
            "p(95)": 0.24,
            "avg": 0.18764117598206978,
            "min": 0.006,
            "med": 0.049,
            "max": 107.785,
            "p(90)": 0.136
        },
        "http_req_sending": {
            "avg": 0.15587839880409396,
            "min": 0.003,
            "med": 0.02,
            "max": 102.511,
            "p(90)": 0.054,
            "p(95)": 0.084
        },
        "http_req_failed": {
            "passes": 50,
            "fails": 60155,
            "value": 0.0008304958059961797
        },
        "vus_max": {
            "value": 1000,
            "min": 1000,
            "max": 1000
        },
        "iterations": {
            "rate": 583.5255326513236,
            "count": 60205
        },
        "data_sent": {
            "count": 4635785,
            "rate": 44931.46601415192
        },
        "http_req_waiting": {
            "avg": 670.9608531018995,
            "min": 64.408,
            "med": 601.151,
            "max": 12575.05,
            "p(90)": 882.469,
            "p(95)": 1134.7507999999996
        },
        "http_req_duration{expected_response:true}": {
            "p(90)": 881.4858,
            "p(95)": 1129.4057999999995,
            "avg": 667.5625548998476,
            "min": 75.614,
            "med": 601.24,
            "max": 12575.907
        },
        "data_received": {
            "count": 6318075,
            "rate": 61236.74245836744
        },
        "http_req_connecting": {
            "med": 0.173,
            "max": 130.658,
            "p(90)": 0.42,
            "p(95)": 0.847,
            "avg": 1.304083797026815,
            "min": 0.046
        },
        "vus": {
            "value": 2,
            "min": 2,
            "max": 1000
        }
    }
}