{
    "root_group": {
        "name": "",
        "path": "",
        "id": "d41d8cd98f00b204e9800998ecf8427e",
        "groups": {},
        "checks": {
                "status is 200": {
                    "name": "status is 200",
                    "path": "::status is 200",
                    "id": "6210a8cd14cd70477eba5c5e4cb3fb5f",
                    "passes": 62344,
                    "fails": 226
                }
            }
    },
    "metrics": {
        "checks": {
            "passes": 62344,
            "fails": 226,
            "value": 0.9963880453891641
        },
        "http_req_connecting": {
            "avg": 2.3059160140642296,
            "min": 0.042,
            "med": 0.176,
            "max": 192.326,
            "p(90)": 0.473,
            "p(95)": 1.145
        },
        "http_req_sending": {
            "avg": 0.13199327153589552,
            "min": 0.003,
            "med": 0.018,
            "max": 30.763,
            "p(90)": 0.06,
            "p(95)": 0.122
        },
        "iterations": {
            "count": 62570,
            "rate": 500.7516997687123
        },
        "http_req_receiving": {
            "p(95)": 0.229,
            "avg": 0.5797598050183687,
            "min": 0,
            "med": 0.045,
            "max": 637.666,
            "p(90)": 0.124
        },
        "iteration_duration": {
            "avg": 1594.691991445498,
            "min": 1003.415417,
            "med": 1199.0899789999999,
            "max": 32186.971958,
            "p(90)": 2209.0347542,
            "p(95)": 2739.552059899999
        },
        "http_req_duration": {
            "avg": 591.8587694901715,
            "min": 3.178,
            "med": 198.1115,
            "max": 31176.285,
            "p(90)": 1199.807,
            "p(95)": 1738.9991999999997
        },
        "http_req_waiting": {
            "max": 31176.23,
            "p(90)": 1198.7239,
            "p(95)": 1738.926,
            "avg": 591.1470164136143,
            "min": 3.154,
            "med": 197.2165
        },
        "data_sent": {
            "count": 4820431,
            "rate": 38578.21666721741
        },
        "http_reqs": {
            "count": 62570,
            "rate": 500.7516997687123
        },
        "data_received": {
            "count": 6550188,
            "rate": 52421.57223596967
        },
        "http_req_blocked": {
            "max": 215.362,
            "p(90)": 0.545,
            "p(95)": 1.313,
            "avg": 2.3829034681157095,
            "min": 0.053,
            "med": 0.21
        },
        "http_req_tls_handshaking": {
            "avg": 0,
            "min": 0,
            "med": 0,
            "max": 0,
            "p(90)": 0,
            "p(95)": 0
        },
        "http_req_duration{expected_response:true}": {
            "avg": 553.288194549596,
            "min": 3.178,
            "med": 196.834,
            "max": 31176.285,
            "p(90)": 1187.9175000000002,
            "p(95)": 1648.4598499999997
        },
        "http_req_failed": {
            "passes": 226,
            "fails": 62344,
            "value": 0.0036119546108358638
        },
        "vus": {
            "value": 33,
            "min": 33,
            "max": 1000
        },
        "vus_max": {
            "min": 1000,
            "max": 1000,
            "value": 1000
        }
    }
}