{
    "root_group": {
        "name": "",
        "path": "",
        "id": "d41d8cd98f00b204e9800998ecf8427e",
        "groups": {},
        "checks": {
                "status is 200": {
                    "name": "status is 200",
                    "path": "::status is 200",
                    "id": "6210a8cd14cd70477eba5c5e4cb3fb5f",
                    "passes": 65990,
                    "fails": 46
                }
            }
    },
    "metrics": {
        "http_req_sending": {
            "max": 57.422,
            "p(90)": 0.056,
            "p(95)": 0.086,
            "avg": 0.21401166030650537,
            "min": 0.003,
            "med": 0.022
        },
        "http_req_failed": {
            "passes": 46,
            "fails": 65990,
            "value": 0.0006965897389302804
        },
        "vus": {
            "value": 334,
            "min": 334,
            "max": 1000
        },
        "http_req_duration": {
            "max": 15000.941,
            "p(90)": 705.6855000000002,
            "p(95)": 1079.8027499999996,
            "avg": 522.1187621751802,
            "min": 53.978,
            "med": 437.395
        },
        "http_req_connecting": {
            "avg": 1.994560133866367,
            "min": 0.043,
            "med": 0.175,
            "max": 184.29,
            "p(90)": 0.382,
            "p(95)": 0.736
        },
        "checks": {
            "passes": 65990,
            "fails": 46,
            "value": 0.9993034102610697
        },
        "data_sent": {
            "count": 5084772,
            "rate": 50125.34757597146
        },
        "http_reqs": {
            "count": 66036,
            "rate": 650.9785399476812
        },
        "http_req_tls_handshaking": {
            "med": 0,
            "max": 0,
            "p(90)": 0,
            "p(95)": 0,
            "avg": 0,
            "min": 0
        },
        "http_req_waiting": {
            "avg": 521.7250576352311,
            "min": 53.099,
            "med": 437.15200000000004,
            "max": 15000.906,
            "p(90)": 705.062,
            "p(95)": 1078.8997499999998
        },
        "vus_max": {
            "min": 1000,
            "max": 1000,
            "value": 1000
        },
        "http_req_duration{expected_response:true}": {
            "avg": 513.6435011668467,
            "min": 53.978,
            "med": 437.32050000000004,
            "max": 10359.352,
            "p(90)": 704.1167,
            "p(95)": 1076.1848999999997
        },
        "iteration_duration": {
            "p(95)": 2091.2806144999995,
            "avg": 1524.6396756046722,
            "min": 1135.526792,
            "med": 1438.9450000000002,
            "max": 16002.620625,
            "p(90)": 1711.057458
        },
        "data_received": {
            "count": 6929490,
            "rate": 68310.45615697585
        },
        "iterations": {
            "count": 66036,
            "rate": 650.9785399476812
        },
        "http_req_receiving": {
            "med": 0.051,
            "max": 157.307,
            "p(90)": 0.127,
            "p(95)": 0.229,
            "avg": 0.17969287964141412,
            "min": 0
        },
        "http_req_blocked": {
            "max": 184.547,
            "p(90)": 0.445,
            "p(95)": 0.8552499999999971,
            "avg": 2.0561433460536422,
            "min": 0.062,
            "med": 0.211
        }
    }
}