{
    "metrics": {
        "vus": {
            "value": 210,
            "min": 210,
            "max": 1000
        },
        "data_received": {
            "count": 8660412,
            "rate": 85323.22471333278
        },
        "checks": {
            "passes": 82476,
            "fails": 12,
            "value": 0.9998545242944429
        },
        "http_reqs": {
            "count": 82488,
            "rate": 812.6798309541617
        },
        "http_req_receiving": {
            "min": 0.005,
            "med": 0.023,
            "max": 607.87,
            "p(90)": 0.109,
            "p(95)": 0.198,
            "avg": 0.1826887183590356
        },
        "http_req_failed": {
            "passes": 12,
            "fails": 82476,
            "value": 0.00014547570555717196
        },
        "http_req_blocked": {
            "avg": 1.701121011541082,
            "min": 0.059,
            "med": 0.18,
            "max": 1076.647,
            "p(90)": 0.547,
            "p(95)": 1.38
        },
        "iteration_duration": {
            "avg": 1218.6124363873826,
            "min": 1000.504041,
            "med": 1007.2608125,
            "max": 8979.897,
            "p(90)": 1515.8780874000001,
            "p(95)": 1694.7281231499994
        },
        "http_req_sending": {
            "avg": 0.19437064785178607,
            "min": 0.003,
            "med": 0.012,
            "max": 159.741,
            "p(90)": 0.052,
            "p(95)": 0.11
        },
        "http_req_waiting": {
            "avg": 215.831186657452,
            "min": 0.306,
            "med": 6.213,
            "max": 7978.257,
            "p(90)": 513.9470000000001,
            "p(95)": 685.0735499999993
        },
        "vus_max": {
            "min": 1000,
            "max": 1000,
            "value": 1000
        },
        "data_sent": {
            "count": 5903126,
            "rate": 58158.17379232273
        },
        "http_req_connecting": {
            "p(95)": 1.1056499999999965,
            "avg": 1.6025080011638169,
            "min": 0.051,
            "med": 0.157,
            "max": 1057.925,
            "p(90)": 0.451
        },
        "http_req_tls_handshaking": {
            "avg": 0,
            "min": 0,
            "med": 0,
            "max": 0,
            "p(90)": 0,
            "p(95)": 0
        },
        "iterations": {
            "count": 82488,
            "rate": 812.6798309541617
        },
        "http_req_duration{expected_response:true}": {
            "min": 0.336,
            "med": 6.2955000000000005,
            "max": 7978.38,
            "p(90)": 514.09,
            "p(95)": 687.1652499999994,
            "avg": 215.75957986565976
        },
        "http_req_duration": {
            "avg": 216.2082460236659,
            "min": 0.336,
            "med": 6.2965,
            "max": 7978.38,
            "p(90)": 514.1302000000001,
            "p(95)": 689.1976499999996
        }
    },
    "root_group": {
        "name": "",
        "path": "",
        "id": "d41d8cd98f00b204e9800998ecf8427e",
        "groups": {},
        "checks": {
                "status is 200": {
                    "name": "status is 200",
                    "path": "::status is 200",
                    "id": "6210a8cd14cd70477eba5c5e4cb3fb5f",
                    "passes": 82476,
                    "fails": 12
                }
            }
    }
}