{
    "root_group": {
        "name": "",
        "path": "",
        "id": "d41d8cd98f00b204e9800998ecf8427e",
        "groups": {},
        "checks": {
                "status is 200": {
                    "passes": 79702,
                    "fails": 158,
                    "name": "status is 200",
                    "path": "::status is 200",
                    "id": "6210a8cd14cd70477eba5c5e4cb3fb5f"
                }
            }
    },
    "metrics": {
        "http_reqs": {
            "count": 79860,
            "rate": 735.9166304690477
        },
        "http_req_tls_handshaking": {
            "avg": 0,
            "min": 0,
            "med": 0,
            "max": 0,
            "p(90)": 0,
            "p(95)": 0
        },
        "data_sent": {
            "count": 5713325,
            "rate": 52648.771384605214
        },
        "http_req_duration{expected_response:true}": {
            "med": 7.596,
            "max": 19451.325,
            "p(90)": 533.7572,
            "p(95)": 920.9013499999993,
            "avg": 247.81117641966162,
            "min": 0.321
        },
        "checks": {
            "passes": 79702,
            "fails": 158,
            "value": 0.9980215376909591
        },
        "data_received": {
            "count": 8372814,
            "rate": 77156.18665695054
        },
        "vus": {
            "value": 4,
            "min": 4,
            "max": 1000
        },
        "iteration_duration": {
            "avg": 1259.723491852899,
            "min": 1000.513666,
            "med": 1008.654729,
            "max": 20452.1915,
            "p(90)": 1539.2389997,
            "p(95)": 1965.1721687499994
        },
        "http_req_connecting": {
            "avg": 1.9657683571249733,
            "min": 0.038,
            "med": 0.162,
            "max": 333.159,
            "p(90)": 0.466,
            "p(95)": 1.215
        },
        "iterations": {
            "count": 79860,
            "rate": 735.9166304690477
        },
        "http_req_failed": {
            "passes": 158,
            "fails": 79702,
            "value": 0.0019784623090408214
        },
        "http_req_duration": {
            "max": 19451.325,
            "p(90)": 536.4607000000001,
            "p(95)": 956.9611999999983,
            "avg": 257.04925202854815,
            "min": 0.321,
            "med": 7.6675
        },
        "http_req_sending": {
            "p(90)": 0.055,
            "p(95)": 0.119,
            "avg": 0.08293958176809953,
            "min": 0.003,
            "med": 0.012,
            "max": 37.753
        },
        "http_req_blocked": {
            "avg": 2.05205716253442,
            "min": 0.05,
            "med": 0.187,
            "max": 335.99,
            "p(90)": 0.574,
            "p(95)": 1.595
        },
        "http_req_receiving": {
            "med": 0.024,
            "max": 2946.079,
            "p(90)": 0.112,
            "p(95)": 0.195,
            "avg": 0.4636464437766023,
            "min": 0
        },
        "http_req_waiting": {
            "min": 0.298,
            "med": 7.576499999999999,
            "max": 19450.338,
            "p(90)": 536.1574,
            "p(95)": 952.8577499999999,
            "avg": 256.5026660030062
        },
        "vus_max": {
            "value": 1000,
            "min": 1000,
            "max": 1000
        }
    }
}