{
    "root_group": {
        "groups": {},
        "checks": {
                "status is 200": {
                    "passes": 87806,
                    "fails": 1,
                    "name": "status is 200",
                    "path": "::status is 200",
                    "id": "6210a8cd14cd70477eba5c5e4cb3fb5f"
                }
            },
        "name": "",
        "path": "",
        "id": "d41d8cd98f00b204e9800998ecf8427e"
    },
    "metrics": {
        "vus": {
            "value": 153,
            "min": 153,
            "max": 1000
        },
        "iteration_duration": {
            "avg": 1145.415433690984,
            "min": 1000.497083,
            "med": 1004.302666,
            "max": 6510.30775,
            "p(90)": 1503.510467,
            "p(95)": 1508.5464795
        },
        "http_req_duration": {
            "p(90)": 502.905,
            "p(95)": 507.6156,
            "avg": 144.10438673454442,
            "min": 0.3,
            "med": 3.824,
            "max": 5477.852
        },
        "http_req_receiving": {
            "p(90)": 0.08,
            "p(95)": 0.123,
            "avg": 0.05890532645460961,
            "min": 0.004,
            "med": 0.022,
            "max": 77.732
        },
        "checks": {
            "fails": 1,
            "passes": 87806,
            "value": 0.999988611386336
        },
        "http_req_sending": {
            "p(90)": 0.039,
            "p(95)": 0.058,
            "avg": 0.04142235812634734,
            "min": 0.002,
            "med": 0.011,
            "max": 29.444
        },
        "data_sent": {
            "count": 6283456,
            "rate": 61903.02349350227
        },
        "http_req_duration{expected_response:true}": {
            "med": 3.824,
            "max": 5477.852,
            "p(90)": 502.9045,
            "p(95)": 507.60975,
            "avg": 144.04496306630702,
            "min": 0.3
        },
        "http_req_blocked": {
            "avg": 1.0233539808898895,
            "min": 0.049,
            "med": 0.168,
            "max": 133.501,
            "p(90)": 0.349,
            "p(95)": 0.542
        },
        "http_req_waiting": {
            "avg": 144.0040590499627,
            "min": 0.242,
            "med": 3.772,
            "max": 5477.723,
            "p(90)": 502.825,
            "p(95)": 507.51
        },
        "iterations": {
            "count": 87807,
            "rate": 865.0524144505752
        },
        "http_req_tls_handshaking": {
            "avg": 0,
            "min": 0,
            "med": 0,
            "max": 0,
            "p(90)": 0,
            "p(95)": 0
        },
        "http_req_failed": {
            "passes": 1,
            "fails": 87806,
            "value": 0.000011388613664058674
        },
        "vus_max": {
            "value": 1000,
            "min": 1000,
            "max": 1000
        },
        "data_received": {
            "count": 9219666,
            "rate": 90829.82374671583
        },
        "http_reqs": {
            "count": 87807,
            "rate": 865.0524144505752
        },
        "http_req_connecting": {
            "med": 0.147,
            "max": 130.245,
            "p(90)": 0.303,
            "p(95)": 0.463,
            "avg": 0.9891867277096479,
            "min": 0.041
        }
    }
}