{
    "metrics": {
        "http_req_duration{expected_response:true}": {
            "p(90)": 504.017,
            "p(95)": 511.622,
            "avg": 146.16526683101083,
            "min": 0.322,
            "med": 4.398,
            "max": 1697.214
        },
        "checks": {
            "passes": 87621,
            "fails": 0,
            "value": 1
        },
        "http_reqs": {
            "rate": 863.3066561287048,
            "count": 87621
        },
        "http_req_blocked": {
            "p(90)": 0.365,
            "p(95)": 0.601,
            "avg": 0.4899455267572924,
            "min": 0.043,
            "med": 0.167,
            "max": 159.19
        },
        "http_req_tls_handshaking": {
            "avg": 0,
            "min": 0,
            "med": 0,
            "max": 0,
            "p(90)": 0,
            "p(95)": 0
        },
        "iteration_duration": {
            "min": 1000.478375,
            "med": 1004.896291,
            "max": 2697.781625,
            "p(90)": 1504.691625,
            "p(95)": 1512.583583,
            "avg": 1146.9437333175667
        },
        "data_received": {
            "count": 9200205,
            "rate": 90647.19889351401
        },
        "http_req_waiting": {
            "min": 0.299,
            "med": 4.347,
            "max": 1697.138,
            "p(90)": 503.931,
            "p(95)": 511.514,
            "avg": 145.7993859234647
        },
        "iterations": {
            "rate": 863.3066561287048,
            "count": 87621
        },
        "http_req_sending": {
            "avg": 0.307677440339538,
            "min": 0.003,
            "med": 0.011,
            "max": 147.588,
            "p(90)": 0.041,
            "p(95)": 0.063
        },
        "http_req_connecting": {
            "avg": 0.4112030563449537,
            "min": 0.032,
            "med": 0.146,
            "max": 42.331,
            "p(90)": 0.314,
            "p(95)": 0.506
        },
        "http_req_receiving": {
            "max": 137.897,
            "p(90)": 0.081,
            "p(95)": 0.133,
            "avg": 0.05820346720534878,
            "min": 0.004,
            "med": 0.021
        },
        "http_req_failed": {
            "fails": 87621,
            "passes": 0,
            "value": 0
        },
        "data_sent": {
            "count": 6270398,
            "rate": 61780.581481335736
        },
        "http_req_duration": {
            "p(90)": 504.017,
            "p(95)": 511.622,
            "avg": 146.16526683101083,
            "min": 0.322,
            "med": 4.398,
            "max": 1697.214
        },
        "vus_max": {
            "value": 1000,
            "min": 1000,
            "max": 1000
        },
        "vus": {
            "max": 1000,
            "value": 192,
            "min": 192
        }
    },
    "root_group": {
        "name": "",
        "path": "",
        "id": "d41d8cd98f00b204e9800998ecf8427e",
        "groups": {},
        "checks": {
                "status is 200": {
                    "passes": 87621,
                    "fails": 0,
                    "name": "status is 200",
                    "path": "::status is 200",
                    "id": "6210a8cd14cd70477eba5c5e4cb3fb5f"
                }
            }
    }
}