{
    "root_group": {
        "checks": {
            "status is 200": {
                "name": "status is 200",
                "path": "::status is 200",
                "id": "6210a8cd14cd70477eba5c5e4cb3fb5f",
                "passes": 88962,
                "fails": 0
            }
        },
        "name": "",
        "path": "",
        "id": "d41d8cd98f00b204e9800998ecf8427e",
        "groups": {}
    },
    "metrics": {
        "http_req_tls_handshaking": {
            "avg": 0,
            "min": 0,
            "med": 0,
            "max": 0,
            "p(90)": 0,
            "p(95)": 0
        },
        "data_received": {
            "count": 9341010,
            "rate": 92026.34766387903
        },
        "iteration_duration": {
            "p(95)": 1502.5036648999999,
            "avg": 1129.9065399673168,
            "min": 1000.2155,
            "med": 1001.0706875,
            "max": 1703.063958,
            "p(90)": 1501.7716083
        },
        "vus_max": {
            "value": 1000,
            "min": 1000,
            "max": 1000
        },
        "http_req_failed": {
            "passes": 0,
            "fails": 88962,
            "value": 0
        },
        "data_sent": {
            "count": 6364581,
            "rate": 62702.97792646822
        },
        "http_req_blocked": {
            "avg": 0.42668598952161285,
            "min": 0,
            "med": 0.001,
            "max": 127.365,
            "p(90)": 0.004,
            "p(95)": 0.006
        },
        "http_req_connecting": {
            "min": 0,
            "med": 0,
            "max": 105.682,
            "p(90)": 0,
            "p(95)": 0,
            "avg": 0.3268403588048827
        },
        "http_req_sending": {
            "med": 0.004,
            "max": 85.715,
            "p(90)": 0.01,
            "p(95)": 0.017,
            "avg": 0.1735515950633149,
            "min": 0.001
        },
        "http_req_duration{expected_response:true}": {
            "avg": 129.18166735235098,
            "min": 0.172,
            "med": 0.658,
            "max": 625.357,
            "p(90)": 501.448,
            "p(95)": 502.068
        },
        "http_req_receiving": {
            "min": 0.003,
            "med": 0.01,
            "max": 5.596,
            "p(90)": 0.031,
            "p(95)": 0.047,
            "avg": 0.016107821316967877
        },
        "vus": {
            "value": 171,
            "min": 171,
            "max": 1000
        },
        "http_reqs": {
            "count": 88962,
            "rate": 876.4414063226575
        },
        "http_req_duration": {
            "avg": 129.18166735235098,
            "min": 0.172,
            "med": 0.658,
            "max": 625.357,
            "p(90)": 501.448,
            "p(95)": 502.068
        },
        "http_req_waiting": {
            "avg": 128.99200793597265,
            "min": 0.16,
            "med": 0.631,
            "max": 625.348,
            "p(90)": 501.4259,
            "p(95)": 502.038
        },
        "checks": {
            "fails": 0,
            "passes": 88962,
            "value": 1
        },
        "iterations": {
            "count": 88962,
            "rate": 876.4414063226575
        }
    }
}