{
    "root_group": {
        "name": "",
        "path": "",
        "id": "d41d8cd98f00b204e9800998ecf8427e",
        "groups": {},
        "checks": {
                "status is 200": {
                    "id": "6210a8cd14cd70477eba5c5e4cb3fb5f",
                    "passes": 77853,
                    "fails": 114,
                    "name": "status is 200",
                    "path": "::status is 200"
                }
            }
    },
    "metrics": {
        "http_req_failed": {
            "passes": 114,
            "fails": 77853,
            "value": 0.0014621570664511909
        },
        "http_req_tls_handshaking": {
            "min": 0,
            "med": 0,
            "max": 0,
            "p(90)": 0,
            "p(95)": 0,
            "avg": 0
        },
        "http_req_blocked": {
            "p(95)": 1.6356999999999964,
            "avg": 1.827476611899884,
            "min": 0.071,
            "med": 0.188,
            "max": 227.785,
            "p(90)": 0.563
        },
        "http_req_connecting": {
            "med": 0.162,
            "max": 224.965,
            "p(90)": 0.449,
            "p(95)": 1.261799999999986,
            "avg": 1.683222004181233,
            "min": 0.06
        },
        "http_req_receiving": {
            "med": 0.025,
            "max": 945.552,
            "p(90)": 0.118,
            "p(95)": 0.218,
            "avg": 0.42473797888849146,
            "min": 0.004
        },
        "checks": {
            "passes": 77853,
            "fails": 114,
            "value": 0.9985378429335489
        },
        "data_sent": {
            "rate": 54916.6845834683,
            "count": 5578216
        },
        "http_reqs": {
            "count": 77967,
            "rate": 767.5732074411018
        },
        "iterations": {
            "count": 77967,
            "rate": 767.5732074411018
        },
        "http_req_sending": {
            "avg": 0.14179933818153767,
            "min": 0.003,
            "med": 0.013,
            "max": 170.386,
            "p(90)": 0.058,
            "p(95)": 0.14
        },
        "vus_max": {
            "value": 1000,
            "min": 1000,
            "max": 1000
        },
        "vus": {
            "value": 198,
            "min": 198,
            "max": 1000
        },
        "http_req_duration": {
            "p(90)": 601.1192000000001,
            "p(95)": 1335.9391999999987,
            "avg": 286.5273709133328,
            "min": 0.329,
            "med": 7.977,
            "max": 15095.337
        },
        "http_req_duration{expected_response:true}": {
            "max": 15095.337,
            "p(90)": 595.017,
            "p(95)": 1302.2061999999992,
            "avg": 280.15789119237337,
            "min": 0.329,
            "med": 7.926
        },
        "data_received": {
            "count": 8178811,
            "rate": 80519.14518096842
        },
        "iteration_duration": {
            "p(95)": 2368.3435786999994,
            "avg": 1289.296990821219,
            "min": 1000.524875,
            "med": 1008.981042,
            "max": 16099.879791,
            "p(90)": 1605.4724502000001
        },
        "http_req_waiting": {
            "p(90)": 599.6070000000001,
            "p(95)": 1329.6519999999998,
            "avg": 285.9608335962647,
            "min": 0.308,
            "med": 7.877,
            "max": 15095.241
        }
    }
}