{
    "metrics": {
        "vus": {
            "max": 1000,
            "value": 202,
            "min": 202
        },
        "http_req_duration{expected_response:true}": {
            "med": 3.971,
            "max": 4606.601,
            "p(90)": 503.274,
            "p(95)": 508.121,
            "avg": 141.43371499193034,
            "min": 0.343
        },
        "http_req_receiving": {
            "avg": 0.06410087051389363,
            "min": 0.005,
            "med": 0.021,
            "max": 161.258,
            "p(90)": 0.074,
            "p(95)": 0.115
        },
        "iterations": {
            "count": 87994,
            "rate": 866.9093981455346
        },
        "http_reqs": {
            "count": 87994,
            "rate": 866.9093981455346
        },
        "http_req_sending": {
            "avg": 0.09299970452531324,
            "min": 0.003,
            "med": 0.011,
            "max": 36.978,
            "p(90)": 0.038,
            "p(95)": 0.056
        },
        "http_req_failed": {
            "passes": 0,
            "fails": 87994,
            "value": 0
        },
        "vus_max": {
            "value": 1000,
            "min": 1000,
            "max": 1000
        },
        "http_req_duration": {
            "avg": 141.43371499193034,
            "min": 0.343,
            "med": 3.971,
            "max": 4606.601,
            "p(90)": 503.274,
            "p(95)": 508.121
        },
        "http_req_waiting": {
            "avg": 141.27661441689187,
            "min": 0.276,
            "med": 3.9215,
            "max": 4600.973,
            "p(90)": 503.196,
            "p(95)": 508.01835
        },
        "data_received": {
            "count": 9239370,
            "rate": 91025.48680528114
        },
        "http_req_tls_handshaking": {
            "med": 0,
            "max": 0,
            "p(90)": 0,
            "p(95)": 0,
            "avg": 0,
            "min": 0
        },
        "http_req_blocked": {
            "min": 0.06,
            "med": 0.16,
            "max": 175.085,
            "p(90)": 0.337,
            "p(95)": 0.531,
            "avg": 1.0117155601518366
        },
        "iteration_duration": {
            "avg": 1142.7073488063627,
            "min": 1000.506459,
            "med": 1004.4077295,
            "max": 5701.080125,
            "p(90)": 1503.8556830999999,
            "p(95)": 1509.08216655
        },
        "http_req_connecting": {
            "min": 0.05,
            "med": 0.14,
            "max": 166.062,
            "p(90)": 0.29,
            "p(95)": 0.44,
            "avg": 0.9624751005750457
        },
        "checks": {
            "passes": 87994,
            "fails": 0,
            "value": 1
        },
        "data_sent": {
            "count": 6295540,
            "rate": 62023.12421757323
        }
    },
    "root_group": {
        "groups": {},
        "checks": {
                "status is 200": {
                    "name": "status is 200",
                    "path": "::status is 200",
                    "id": "6210a8cd14cd70477eba5c5e4cb3fb5f",
                    "passes": 87994,
                    "fails": 0
                }
            },
        "name": "",
        "path": "",
        "id": "d41d8cd98f00b204e9800998ecf8427e"
    }
}