{
    "root_group": {
        "checks": {
            "status is 200": {
                "passes": 81268,
                "fails": 0,
                "name": "status is 200",
                "path": "::status is 200",
                "id": "6210a8cd14cd70477eba5c5e4cb3fb5f"
            }
        },
        "name": "",
        "path": "",
        "id": "d41d8cd98f00b204e9800998ecf8427e",
        "groups": {}
    },
    "metrics": {
        "http_req_duration": {
            "med": 17.674500000000002,
            "max": 4779.284,
            "p(90)": 597.6569000000002,
            "p(95)": 922.5764499999997,
            "avg": 231.73857011370166,
            "min": 0.343
        },
        "http_req_waiting": {
            "min": 0.256,
            "med": 17.512500000000003,
            "max": 4777.668,
            "p(90)": 596.5963,
            "p(95)": 916.1224499999996,
            "avg": 231.1404702219838
        },
        "http_req_blocked": {
            "avg": 3.8314077619727547,
            "min": 0.067,
            "med": 0.207,
            "max": 398.626,
            "p(90)": 0.622,
            "p(95)": 1.4056499999999963
        },
        "iteration_duration": {
            "p(90)": 1605.2879333,
            "p(95)": 1954.2843664499992,
            "avg": 1236.2949850872599,
            "min": 1000.50475,
            "med": 1019.137604,
            "max": 6146.82075
        },
        "http_req_sending": {
            "max": 189.687,
            "p(90)": 0.068,
            "p(95)": 0.164,
            "avg": 0.23969831914154355,
            "min": 0.003,
            "med": 0.014
        },
        "vus": {
            "min": 166,
            "max": 1000,
            "value": 166
        },
        "http_req_failed": {
            "fails": 81268,
            "passes": 0,
            "value": 0
        },
        "data_sent": {
            "count": 5814200,
            "rate": 57279.56055891934
        },
        "http_reqs": {
            "count": 81268,
            "rate": 800.6252498197957
        },
        "http_req_duration{expected_response:true}": {
            "med": 17.674500000000002,
            "max": 4779.284,
            "p(90)": 597.6569000000002,
            "p(95)": 922.5764499999997,
            "avg": 231.73857011370166,
            "min": 0.343
        },
        "http_req_connecting": {
            "med": 0.177,
            "max": 398.616,
            "p(90)": 0.493,
            "p(95)": 1.094,
            "avg": 3.6920546340502627,
            "min": 0.053
        },
        "http_req_receiving": {
            "avg": 0.35840157257470107,
            "min": 0.005,
            "med": 0.029,
            "max": 905.851,
            "p(90)": 0.128,
            "p(95)": 0.234
        },
        "data_received": {
            "count": 8533140,
            "rate": 84065.65123107855
        },
        "checks": {
            "passes": 81268,
            "fails": 0,
            "value": 1
        },
        "http_req_tls_handshaking": {
            "max": 0,
            "p(90)": 0,
            "p(95)": 0,
            "avg": 0,
            "min": 0,
            "med": 0
        },
        "iterations": {
            "count": 81268,
            "rate": 800.6252498197957
        },
        "vus_max": {
            "max": 1000,
            "value": 1000,
            "min": 1000
        }
    }
}