{
    "root_group": {
        "name": "",
        "path": "",
        "id": "d41d8cd98f00b204e9800998ecf8427e",
        "groups": {},
        "checks": {
                "status is 200": {
                    "id": "6210a8cd14cd70477eba5c5e4cb3fb5f",
                    "passes": 84542,
                    "fails": 0,
                    "name": "status is 200",
                    "path": "::status is 200"
                }
            }
    },
    "metrics": {
        "iteration_duration": {
            "med": 1008.994604,
            "max": 6368.4255,
            "p(90)": 1516.3581122,
            "p(95)": 1608.7818271,
            "avg": 1188.108000607893,
            "min": 1000.51025
        },
        "http_req_duration": {
            "p(95)": 604.6654499999987,
            "avg": 186.90840834141454,
            "min": 0.344,
            "med": 8.034500000000001,
            "max": 5366.307,
            "p(90)": 515.3378
        },
        "checks": {
            "passes": 84542,
            "fails": 0,
            "value": 1
        },
        "http_req_blocked": {
            "avg": 0.5627520877197278,
            "min": 0.061,
            "med": 0.187,
            "max": 274.882,
            "p(90)": 0.466,
            "p(95)": 0.844
        },
        "http_req_duration{expected_response:true}": {
            "med": 8.034500000000001,
            "max": 5366.307,
            "p(90)": 515.3378,
            "p(95)": 604.6654499999987,
            "avg": 186.90840834141454,
            "min": 0.344
        },
        "http_req_receiving": {
            "avg": 0.14452058148613586,
            "min": 0.005,
            "med": 0.025,
            "max": 584.318,
            "p(90)": 0.103,
            "p(95)": 0.178
        },
        "http_req_waiting": {
            "med": 7.959,
            "max": 5365.369,
            "p(90)": 515.0811,
            "p(95)": 602.64355,
            "avg": 186.62136017600722,
            "min": 0.308
        },
        "iterations": {
            "count": 84542,
            "rate": 832.8894448271972
        },
        "http_req_tls_handshaking": {
            "p(95)": 0,
            "avg": 0,
            "min": 0,
            "med": 0,
            "max": 0,
            "p(90)": 0
        },
        "http_req_sending": {
            "avg": 0.14252758392277695,
            "min": 0.002,
            "med": 0.012,
            "max": 198.163,
            "p(90)": 0.05,
            "p(95)": 0.093
        },
        "http_req_failed": {
            "passes": 0,
            "fails": 84542,
            "value": 0
        },
        "vus_max": {
            "min": 1000,
            "max": 1000,
            "value": 1000
        },
        "data_sent": {
            "rate": 59598.263201576505,
            "count": 6049490
        },
        "http_req_connecting": {
            "avg": 0.4644543658773173,
            "min": 0.047,
            "med": 0.161,
            "max": 155.018,
            "p(90)": 0.383,
            "p(95)": 0.698
        },
        "http_reqs": {
            "count": 84542,
            "rate": 832.8894448271972
        },
        "vus": {
            "min": 178,
            "max": 1000,
            "value": 178
        },
        "data_received": {
            "count": 8876910,
            "rate": 87453.3917068557
        }
    }
}