{
    "root_group": {
        "name": "",
        "path": "",
        "id": "d41d8cd98f00b204e9800998ecf8427e",
        "groups": {},
        "checks": {
                "status is 200": {
                    "name": "status is 200",
                    "path": "::status is 200",
                    "id": "6210a8cd14cd70477eba5c5e4cb3fb5f",
                    "passes": 87252,
                    "fails": 0
                }
            }
    },
    "metrics": {
        "http_reqs": {
            "count": 87252,
            "rate": 859.7201002730892
        },
        "http_req_connecting": {
            "p(90)": 0.306,
            "p(95)": 0.508,
            "avg": 1.0361713656993417,
            "min": 0.062,
            "med": 0.145,
            "max": 140.489
        },
        "vus_max": {
            "value": 1000,
            "min": 1000,
            "max": 1000
        },
        "http_req_duration{expected_response:true}": {
            "p(90)": 503.19079999999997,
            "p(95)": 509.8442999999999,
            "avg": 150.77471478017725,
            "min": 0.292,
            "med": 3.923,
            "max": 4787.476
        },
        "http_req_tls_handshaking": {
            "avg": 0,
            "min": 0,
            "med": 0,
            "max": 0,
            "p(90)": 0,
            "p(95)": 0
        },
        "http_req_sending": {
            "max": 90.766,
            "p(90)": 0.041,
            "p(95)": 0.065,
            "avg": 0.1178114885618324,
            "min": 0.003,
            "med": 0.011
        },
        "http_req_duration": {
            "avg": 150.77471478017725,
            "min": 0.292,
            "med": 3.923,
            "max": 4787.476,
            "p(90)": 503.19079999999997,
            "p(95)": 509.8442999999999
        },
        "iteration_duration": {
            "med": 1004.4060625,
            "max": 5834.1105,
            "p(90)": 1503.8249625,
            "p(95)": 1510.9847837,
            "avg": 1152.2126965973132,
            "min": 1000.4925
        },
        "http_req_failed": {
            "passes": 0,
            "fails": 87252,
            "value": 0
        },
        "http_req_waiting": {
            "min": 0.229,
            "med": 3.872,
            "max": 4775.366,
            "p(90)": 503.111,
            "p(95)": 509.72014999999993,
            "avg": 150.57081610736623
        },
        "data_received": {
            "count": 9161460,
            "rate": 90270.61052867436
        },
        "vus": {
            "max": 1000,
            "value": 231,
            "min": 231
        },
        "checks": {
            "passes": 87252,
            "fails": 0,
            "value": 1
        },
        "http_req_receiving": {
            "p(90)": 0.08,
            "p(95)": 0.125,
            "avg": 0.08608718424793335,
            "min": 0.004,
            "med": 0.022,
            "max": 432.696
        },
        "iterations": {
            "rate": 859.7201002730892,
            "count": 87252
        },
        "data_sent": {
            "count": 6241522,
            "rate": 61499.58648164732
        },
        "http_req_blocked": {
            "med": 0.167,
            "max": 147.504,
            "p(90)": 0.359,
            "p(95)": 0.603,
            "avg": 1.1037548021821784,
            "min": 0.071
        }
    }
}