{
    "metrics": {
        "http_req_failed": {
            "fails": 88939,
            "passes": 0,
            "value": 0
        },
        "iterations": {
            "count": 88939,
            "rate": 876.192913761856
        },
        "http_req_blocked": {
            "avg": 0.8507519198554913,
            "min": 0,
            "med": 0.001,
            "max": 156.454,
            "p(90)": 0.004,
            "p(95)": 0.006
        },
        "vus_max": {
            "value": 1000,
            "min": 1000,
            "max": 1000
        },
        "http_req_duration{expected_response:true}": {
            "min": 0.17,
            "med": 0.664,
            "max": 605.353,
            "p(90)": 501.499,
            "p(95)": 502.104,
            "avg": 129.4393608878021
        },
        "data_received": {
            "count": 9338595,
            "rate": 92000.25594499487
        },
        "checks": {
            "passes": 88939,
            "fails": 0,
            "value": 1
        },
        "http_req_tls_handshaking": {
            "med": 0,
            "max": 0,
            "p(90)": 0,
            "p(95)": 0,
            "avg": 0,
            "min": 0
        },
        "iteration_duration": {
            "min": 1000.225,
            "med": 1001.113833,
            "max": 1701.352375,
            "p(90)": 1501.8417663999999,
            "p(95)": 1502.5449789,
            "avg": 1130.604203409378
        },
        "data_sent": {
            "count": 6363369,
            "rate": 62689.47059728429
        },
        "http_req_connecting": {
            "avg": 0.8270829332463816,
            "min": 0,
            "med": 0,
            "max": 148.139,
            "p(90)": 0,
            "p(95)": 0
        },
        "http_req_duration": {
            "min": 0.17,
            "med": 0.664,
            "max": 605.353,
            "p(90)": 501.499,
            "p(95)": 502.104,
            "avg": 129.4393608878021
        },
        "http_req_receiving": {
            "avg": 0.016269544294406062,
            "min": 0.003,
            "med": 0.01,
            "max": 9.229,
            "p(90)": 0.03,
            "p(95)": 0.045
        },
        "vus": {
            "value": 282,
            "min": 282,
            "max": 1000
        },
        "http_req_sending": {
            "min": 0.001,
            "med": 0.004,
            "max": 39.416,
            "p(90)": 0.01,
            "p(95)": 0.018,
            "avg": 0.09185130257812626
        },
        "http_req_waiting": {
            "avg": 129.33124004092772,
            "min": 0.157,
            "med": 0.638,
            "max": 605.308,
            "p(90)": 501.475,
            "p(95)": 502.076
        },
        "http_reqs": {
            "count": 88939,
            "rate": 876.192913761856
        }
    },
    "root_group": {
        "name": "",
        "path": "",
        "id": "d41d8cd98f00b204e9800998ecf8427e",
        "groups": {},
        "checks": {
                "status is 200": {
                    "id": "6210a8cd14cd70477eba5c5e4cb3fb5f",
                    "passes": 88939,
                    "fails": 0,
                    "name": "status is 200",
                    "path": "::status is 200"
                }
            }
    }
}