{
    "root_group": {
        "name": "",
        "path": "",
        "id": "d41d8cd98f00b204e9800998ecf8427e",
        "groups": {},
        "checks": {
                "status is 200": {
                    "name": "status is 200",
                    "path": "::status is 200",
                    "id": "6210a8cd14cd70477eba5c5e4cb3fb5f",
                    "passes": 83083,
                    "fails": 0
                }
            }
    },
    "metrics": {
        "data_sent": {
            "count": 5944831,
            "rate": 58577.85537054335
        },
        "vus": {
            "value": 230,
            "min": 230,
            "max": 1000
        },
        "http_req_sending": {
            "p(90)": 0.048,
            "p(95)": 0.097,
            "avg": 0.09971229974845298,
            "min": 0.003,
            "med": 0.012,
            "max": 117.815
        },
        "data_received": {
            "count": 8723715,
            "rate": 85959.80534414512
        },
        "iteration_duration": {
            "avg": 1210.3373611942147,
            "min": 1000.503292,
            "med": 1005.50925,
            "max": 14188.090167,
            "p(90)": 1512.6475828,
            "p(95)": 1837.8266877999988
        },
        "http_req_blocked": {
            "avg": 1.605560812681255,
            "min": 0.058,
            "med": 0.167,
            "max": 255.45,
            "p(90)": 0.453,
            "p(95)": 1.145
        },
        "http_req_waiting": {
            "med": 4.779,
            "max": 13187.498,
            "p(90)": 510.9446,
            "p(95)": 822.1361999999999,
            "avg": 207.52101813848807,
            "min": 0.244
        },
        "http_req_duration": {
            "med": 4.841,
            "max": 13187.568,
            "p(90)": 511.09220000000005,
            "p(95)": 824.8532999999991,
            "avg": 207.83419067679407,
            "min": 0.313
        },
        "vus_max": {
            "value": 1000,
            "min": 1000,
            "max": 1000
        },
        "iterations": {
            "count": 83083,
            "rate": 818.6648128013821
        },
        "http_reqs": {
            "count": 83083,
            "rate": 818.6648128013821
        },
        "http_req_failed": {
            "fails": 83083,
            "passes": 0,
            "value": 0
        },
        "http_req_connecting": {
            "med": 0.145,
            "max": 179.424,
            "p(90)": 0.378,
            "p(95)": 0.9448999999999963,
            "avg": 1.5304743449322105,
            "min": 0.048
        },
        "checks": {
            "passes": 83083,
            "fails": 0,
            "value": 1
        },
        "http_req_receiving": {
            "avg": 0.21346023855661497,
            "min": 0.005,
            "med": 0.022,
            "max": 897.615,
            "p(90)": 0.09,
            "p(95)": 0.155
        },
        "http_req_duration{expected_response:true}": {
            "max": 13187.568,
            "p(90)": 511.09220000000005,
            "p(95)": 824.8532999999991,
            "avg": 207.83419067679407,
            "min": 0.313,
            "med": 4.841
        },
        "http_req_tls_handshaking": {
            "max": 0,
            "p(90)": 0,
            "p(95)": 0,
            "avg": 0,
            "min": 0,
            "med": 0
        }
    }
}