{
    "root_group": {
        "path": "",
        "id": "d41d8cd98f00b204e9800998ecf8427e",
        "groups": {},
        "checks": {
                "status is 200": {
                    "fails": 0,
                    "name": "status is 200",
                    "path": "::status is 200",
                    "id": "6210a8cd14cd70477eba5c5e4cb3fb5f",
                    "passes": 88100
                }
            },
        "name": ""
    },
    "metrics": {
        "vus_max": {
            "value": 1000,
            "min": 1000,
            "max": 1000
        },
        "http_req_tls_handshaking": {
            "p(95)": 0,
            "avg": 0,
            "min": 0,
            "med": 0,
            "max": 0,
            "p(90)": 0
        },
        "http_req_failed": {
            "passes": 0,
            "fails": 88100,
            "value": 0
        },
        "http_req_duration": {
            "avg": 139.10532942111357,
            "min": 0.318,
            "med": 3.879,
            "max": 1610.978,
            "p(90)": 503.0041,
            "p(95)": 507.52305
        },
        "http_reqs": {
            "count": 88100,
            "rate": 868.0719776512358
        },
        "iterations": {
            "count": 88100,
            "rate": 868.0719776512358
        },
        "http_req_waiting": {
            "avg": 138.61224258796915,
            "min": 0.288,
            "med": 3.833,
            "max": 1610.951,
            "p(90)": 502.882,
            "p(95)": 507.175
        },
        "data_received": {
            "rate": 91147.55765337976,
            "count": 9250500
        },
        "data_sent": {
            "rate": 62115.259857986974,
            "count": 6304033
        },
        "http_req_sending": {
            "avg": 0.43697475595917207,
            "min": 0.003,
            "med": 0.011,
            "max": 246.502,
            "p(90)": 0.038,
            "p(95)": 0.056
        },
        "http_req_blocked": {
            "p(95)": 0.52,
            "avg": 0.7177654029512279,
            "min": 0.052,
            "med": 0.154,
            "max": 234.24,
            "p(90)": 0.326
        },
        "http_req_duration{expected_response:true}": {
            "max": 1610.978,
            "p(90)": 503.0041,
            "p(95)": 507.52305,
            "avg": 139.10532942111357,
            "min": 0.318,
            "med": 3.879
        },
        "checks": {
            "passes": 88100,
            "fails": 0,
            "value": 1
        },
        "http_req_receiving": {
            "p(95)": 0.115,
            "avg": 0.05611207718501173,
            "min": 0.004,
            "med": 0.021,
            "max": 126.124,
            "p(90)": 0.073
        },
        "vus": {
            "value": 208,
            "min": 208,
            "max": 1000
        },
        "iteration_duration": {
            "med": 1004.3259375,
            "max": 2612.184875,
            "p(90)": 1503.5588423,
            "p(95)": 1508.4669628,
            "avg": 1140.121069928887,
            "min": 1000.493417
        },
        "http_req_connecting": {
            "max": 199.715,
            "p(90)": 0.281,
            "p(95)": 0.439,
            "avg": 0.6330579001134999,
            "min": 0.04,
            "med": 0.135
        }
    }
}