{
    "root_group": {
        "name": "",
        "path": "",
        "id": "d41d8cd98f00b204e9800998ecf8427e",
        "groups": {},
        "checks": {
                "status is 200": {
                    "name": "status is 200",
                    "path": "::status is 200",
                    "id": "6210a8cd14cd70477eba5c5e4cb3fb5f",
                    "passes": 70611,
                    "fails": 161
                }
            }
    },
    "metrics": {
        "http_req_duration{expected_response:true}": {
            "p(95)": 1514.301,
            "avg": 407.3451973205293,
            "min": 0.317,
            "med": 18.82,
            "max": 36486.165,
            "p(90)": 1003.642
        },
        "vus_max": {
            "value": 1000,
            "min": 1000,
            "max": 1000
        },
        "data_sent": {
            "count": 5063551,
            "rate": 49818.14910758821
        },
        "http_req_blocked": {
            "max": 415.311,
            "p(90)": 0.966,
            "p(95)": 3.121899999999994,
            "avg": 1.5315218165375823,
            "min": 0.053,
            "med": 0.204
        },
        "http_req_sending": {
            "min": 0.003,
            "med": 0.014,
            "max": 84.144,
            "p(90)": 0.076,
            "p(95)": 0.201,
            "avg": 0.16948623749503586
        },
        "http_req_waiting": {
            "p(95)": 1529.0864999999988,
            "avg": 415.0445891736839,
            "min": 0.259,
            "med": 18.96,
            "max": 36486.08,
            "p(90)": 1007.1483000000001
        },
        "iteration_duration": {
            "min": 1000.49525,
            "med": 1021.3301875,
            "max": 37485.794125,
            "p(90)": 2011.0336666,
            "p(95)": 2540.28527675,
            "avg": 1419.95876691954
        },
        "http_req_receiving": {
            "avg": 1.0990285564913915,
            "min": 0,
            "med": 0.028,
            "max": 2433.557,
            "p(90)": 0.145,
            "p(95)": 0.312
        },
        "http_req_tls_handshaking": {
            "avg": 0,
            "min": 0,
            "med": 0,
            "max": 0,
            "p(90)": 0,
            "p(95)": 0
        },
        "http_req_connecting": {
            "avg": 1.3413014045102747,
            "min": 0.038,
            "med": 0.175,
            "max": 390.642,
            "p(90)": 0.742,
            "p(95)": 2.4074499999999968
        },
        "http_req_failed": {
            "passes": 161,
            "fails": 70611,
            "value": 0.0022749109817441927
        },
        "http_req_duration": {
            "avg": 416.31310396766844,
            "min": 0.317,
            "med": 19.1835,
            "max": 36486.165,
            "p(90)": 1008.2689,
            "p(95)": 1533.2658
        },
        "checks": {
            "passes": 70611,
            "fails": 161,
            "value": 0.9977250890182559
        },
        "vus": {
            "value": 175,
            "min": 175,
            "max": 1000
        },
        "http_reqs": {
            "count": 70772,
            "rate": 696.2959489580005
        },
        "data_received": {
            "count": 7418871,
            "rate": 72991.15219496397
        },
        "iterations": {
            "count": 70772,
            "rate": 696.2959489580005
        }
    }
}