{
    "metrics": {
        "http_req_connecting": {
            "p(95)": 0.454,
            "avg": 1.0288377791422194,
            "min": 0.046,
            "med": 0.143,
            "max": 155.156,
            "p(90)": 0.298
        },
        "iterations": {
            "count": 87948,
            "rate": 866.4974848094708
        },
        "http_req_tls_handshaking": {
            "med": 0,
            "max": 0,
            "p(90)": 0,
            "p(95)": 0,
            "avg": 0,
            "min": 0
        },
        "http_req_waiting": {
            "avg": 141.7909249897652,
            "min": 0.224,
            "med": 3.292,
            "max": 4801.733,
            "p(90)": 502.43,
            "p(95)": 505.49095
        },
        "iteration_duration": {
            "max": 5938.15175,
            "p(90)": 1503.1018043,
            "p(95)": 1506.5681456,
            "avg": 1143.3622903174373,
            "min": 1000.508958,
            "med": 1003.9188545
        },
        "http_reqs": {
            "count": 87948,
            "rate": 866.4974848094708
        },
        "http_req_sending": {
            "max": 70.583,
            "p(90)": 0.036,
            "p(95)": 0.053,
            "avg": 0.11338714922449855,
            "min": 0.003,
            "med": 0.011
        },
        "data_sent": {
            "count": 6292618,
            "rate": 61997.29010172833
        },
        "http_req_blocked": {
            "avg": 1.0634621026060516,
            "min": 0.059,
            "med": 0.163,
            "max": 161.999,
            "p(90)": 0.34,
            "p(95)": 0.524
        },
        "vus": {
            "value": 157,
            "min": 157,
            "max": 1000
        },
        "http_req_duration": {
            "min": 0.317,
            "med": 3.3445,
            "max": 4802.282,
            "p(90)": 502.49330000000003,
            "p(95)": 505.60465,
            "avg": 141.96542495565518
        },
        "http_req_duration{expected_response:true}": {
            "min": 0.317,
            "med": 3.3445,
            "max": 4802.282,
            "p(90)": 502.49330000000003,
            "p(95)": 505.60465,
            "avg": 141.96542495565518
        },
        "http_req_receiving": {
            "min": 0.004,
            "med": 0.022,
            "max": 317.847,
            "p(90)": 0.073,
            "p(95)": 0.11,
            "avg": 0.06111281666439098
        },
        "data_received": {
            "count": 9234540,
            "rate": 90982.23590499444
        },
        "http_req_failed": {
            "fails": 87948,
            "passes": 0,
            "value": 0
        },
        "checks": {
            "passes": 87948,
            "fails": 0,
            "value": 1
        },
        "vus_max": {
            "min": 1000,
            "max": 1000,
            "value": 1000
        }
    },
    "root_group": {
        "checks": {
            "status is 200": {
                "name": "status is 200",
                "path": "::status is 200",
                "id": "6210a8cd14cd70477eba5c5e4cb3fb5f",
                "passes": 87948,
                "fails": 0
            }
        },
        "name": "",
        "path": "",
        "id": "d41d8cd98f00b204e9800998ecf8427e",
        "groups": {}
    }
}