{
    "root_group": {
        "groups": {},
        "checks": {
                "status is 200": {
                    "name": "status is 200",
                    "path": "::status is 200",
                    "id": "6210a8cd14cd70477eba5c5e4cb3fb5f",
                    "passes": 88877,
                    "fails": 0
                }
            },
        "name": "",
        "path": "",
        "id": "d41d8cd98f00b204e9800998ecf8427e"
    },
    "metrics": {
        "http_req_failed": {
            "passes": 0,
            "fails": 88877,
            "value": 0
        },
        "data_sent": {
            "count": 6358887,
            "rate": 62647.21964156759
        },
        "iterations": {
            "count": 88877,
            "rate": 875.6087252507558
        },
        "http_reqs": {
            "rate": 875.6087252507558,
            "count": 88877
        },
        "http_req_duration": {
            "avg": 131.08252970959745,
            "min": 0.17,
            "med": 0.7,
            "max": 647.799,
            "p(90)": 501.363,
            "p(95)": 501.926
        },
        "data_received": {
            "count": 9332085,
            "rate": 91938.91615132937
        },
        "vus": {
            "value": 214,
            "min": 214,
            "max": 1000
        },
        "http_req_duration{expected_response:true}": {
            "avg": 131.08252970959745,
            "min": 0.17,
            "med": 0.7,
            "max": 647.799,
            "p(90)": 501.363,
            "p(95)": 501.926
        },
        "http_req_waiting": {
            "min": 0.158,
            "med": 0.673,
            "max": 647.666,
            "p(90)": 501.338,
            "p(95)": 501.897,
            "avg": 130.9487624582289
        },
        "http_req_receiving": {
            "med": 0.01,
            "max": 12.214,
            "p(90)": 0.033,
            "p(95)": 0.048,
            "avg": 0.01702748742644493,
            "min": 0.003
        },
        "http_req_connecting": {
            "avg": 0.5959380604655873,
            "min": 0,
            "med": 0,
            "max": 113.465,
            "p(90)": 0,
            "p(95)": 0
        },
        "http_req_sending": {
            "min": 0.001,
            "med": 0.004,
            "max": 53.299,
            "p(90)": 0.011,
            "p(95)": 0.019,
            "avg": 0.11673976394366693
        },
        "http_req_blocked": {
            "avg": 0.6065693711513119,
            "min": 0,
            "med": 0.001,
            "max": 120.248,
            "p(90)": 0.004,
            "p(95)": 0.006
        },
        "iteration_duration": {
            "min": 1000.209625,
            "med": 1001.001542,
            "max": 1713.657959,
            "p(90)": 1501.5777748,
            "p(95)": 1502.2121162,
            "avg": 1131.9077495255078
        },
        "http_req_tls_handshaking": {
            "avg": 0,
            "min": 0,
            "med": 0,
            "max": 0,
            "p(90)": 0,
            "p(95)": 0
        },
        "vus_max": {
            "min": 1000,
            "max": 1000,
            "value": 1000
        },
        "checks": {
            "passes": 88877,
            "fails": 0,
            "value": 1
        }
    }
}