{
    "metrics": {
        "http_req_receiving": {
            "avg": 0.05441521942215097,
            "min": 0.003,
            "med": 0.01,
            "max": 36.224,
            "p(90)": 0.03,
            "p(95)": 0.047
        },
        "iterations": {
            "rate": 875.3281039522541,
            "count": 88847
        },
        "data_sent": {
            "count": 6357357,
            "rate": 62633.21495331964
        },
        "checks": {
            "passes": 88847,
            "fails": 0,
            "value": 1
        },
        "http_req_tls_handshaking": {
            "med": 0,
            "max": 0,
            "p(90)": 0,
            "p(95)": 0,
            "avg": 0,
            "min": 0
        },
        "iteration_duration": {
            "avg": 1130.9821694534266,
            "min": 1000.211709,
            "med": 1000.913,
            "max": 1789.062958,
            "p(90)": 1501.6639338,
            "p(95)": 1502.2389748
        },
        "http_req_waiting": {
            "med": 0.611,
            "max": 598.388,
            "p(90)": 501.406,
            "p(95)": 501.9207,
            "avg": 129.4073996308258,
            "min": 0.151
        },
        "http_req_failed": {
            "passes": 0,
            "fails": 88847,
            "value": 0
        },
        "data_received": {
            "count": 9328935,
            "rate": 91909.45091498668
        },
        "http_reqs": {
            "count": 88847,
            "rate": 875.3281039522541
        },
        "http_req_duration": {
            "max": 643.34,
            "p(90)": 501.433,
            "p(95)": 501.9487,
            "avg": 129.60558170788087,
            "min": 0.166,
            "med": 0.637
        },
        "http_req_sending": {
            "avg": 0.1437668576318824,
            "min": 0.001,
            "med": 0.004,
            "max": 124.795,
            "p(90)": 0.01,
            "p(95)": 0.017
        },
        "vus": {
            "value": 207,
            "min": 207,
            "max": 1000
        },
        "http_req_duration{expected_response:true}": {
            "avg": 129.60558170788087,
            "min": 0.166,
            "med": 0.637,
            "max": 643.34,
            "p(90)": 501.433,
            "p(95)": 501.9487
        },
        "http_req_blocked": {
            "avg": 1.162599986493496,
            "min": 0,
            "med": 0.001,
            "max": 288.33,
            "p(90)": 0.004,
            "p(95)": 0.007
        },
        "http_req_connecting": {
            "p(95)": 0,
            "avg": 1.1095275248460827,
            "min": 0,
            "med": 0,
            "max": 233.228,
            "p(90)": 0
        },
        "vus_max": {
            "value": 1000,
            "min": 1000,
            "max": 1000
        }
    },
    "root_group": {
        "name": "",
        "path": "",
        "id": "d41d8cd98f00b204e9800998ecf8427e",
        "groups": {},
        "checks": {
                "status is 200": {
                    "name": "status is 200",
                    "path": "::status is 200",
                    "id": "6210a8cd14cd70477eba5c5e4cb3fb5f",
                    "passes": 88847,
                    "fails": 0
                }
            }
    }
}