{
    "metrics": {
        "http_req_waiting": {
            "med": 3.095,
            "max": 5347.859,
            "p(90)": 502.294,
            "p(95)": 504.598,
            "avg": 137.85838264959108,
            "min": 0.213
        },
        "http_req_sending": {
            "avg": 0.11087294877602537,
            "min": 0.003,
            "med": 0.011,
            "max": 119.181,
            "p(90)": 0.035,
            "p(95)": 0.05
        },
        "http_req_blocked": {
            "p(90)": 0.334,
            "p(95)": 0.537,
            "avg": 0.8154926337261941,
            "min": 0.052,
            "med": 0.158,
            "max": 122.028
        },
        "http_req_receiving": {
            "p(95)": 0.107,
            "avg": 0.0531961808703483,
            "min": 0.004,
            "med": 0.021,
            "max": 259.186,
            "p(90)": 0.072
        },
        "data_sent": {
            "count": 6313016,
            "rate": 62172.15363666341
        },
        "iteration_duration": {
            "p(95)": 1505.618375,
            "avg": 1139.146717471669,
            "min": 1000.481917,
            "med": 1003.7736245000001,
            "max": 6395.072833,
            "p(90)": 1502.9094664000002
        },
        "http_req_duration": {
            "avg": 138.0224517792376,
            "min": 0.266,
            "med": 3.163,
            "max": 5348.819,
            "p(90)": 502.356,
            "p(95)": 504.69705
        },
        "http_req_connecting": {
            "avg": 0.7626962715322062,
            "min": 0.045,
            "med": 0.139,
            "max": 109.719,
            "p(90)": 0.292,
            "p(95)": 0.461
        },
        "vus": {
            "value": 140,
            "min": 140,
            "max": 1000
        },
        "data_received": {
            "count": 9265062,
            "rate": 91244.63776382191
        },
        "iterations": {
            "count": 88240,
            "rate": 869.0094935446352
        },
        "http_req_failed": {
            "fails": 88238,
            "passes": 2,
            "value": 0.000022665457842248415
        },
        "checks": {
            "passes": 88238,
            "fails": 2,
            "value": 0.9999773345421578
        },
        "http_reqs": {
            "rate": 869.0094935446352,
            "count": 88240
        },
        "http_req_tls_handshaking": {
            "avg": 0,
            "min": 0,
            "med": 0,
            "max": 0,
            "p(90)": 0,
            "p(95)": 0
        },
        "vus_max": {
            "value": 1000,
            "min": 1000,
            "max": 1000
        },
        "http_req_duration{expected_response:true}": {
            "med": 3.162,
            "max": 5348.819,
            "p(90)": 502.356,
            "p(95)": 504.69415000000004,
            "avg": 137.90865284797857,
            "min": 0.266
        }
    },
    "root_group": {
        "id": "d41d8cd98f00b204e9800998ecf8427e",
        "groups": {},
        "checks": {
                "status is 200": {
                    "name": "status is 200",
                    "path": "::status is 200",
                    "id": "6210a8cd14cd70477eba5c5e4cb3fb5f",
                    "passes": 88238,
                    "fails": 2
                }
            },
        "name": "",
        "path": ""
    }
}