{
    "root_group": {
        "path": "",
        "id": "d41d8cd98f00b204e9800998ecf8427e",
        "groups": {},
        "checks": {
                "status is 200": {
                    "id": "6210a8cd14cd70477eba5c5e4cb3fb5f",
                    "passes": 87590,
                    "fails": 14,
                    "name": "status is 200",
                    "path": "::status is 200"
                }
            },
        "name": ""
    },
    "metrics": {
        "http_reqs": {
            "count": 87604,
            "rate": 862.9937608597043
        },
        "http_req_connecting": {
            "avg": 0.9174320807269288,
            "min": 0.044,
            "med": 0.151,
            "max": 148.562,
            "p(90)": 0.324,
            "p(95)": 0.508
        },
        "http_req_sending": {
            "avg": 0.24271560659319125,
            "min": 0.003,
            "med": 0.012,
            "max": 104.246,
            "p(90)": 0.041,
            "p(95)": 0.065
        },
        "data_sent": {
            "rate": 61742.37459150292,
            "count": 6267576
        },
        "http_req_duration": {
            "min": 0.303,
            "med": 3.7344999999999997,
            "max": 12679.917,
            "p(90)": 502.981,
            "p(95)": 506.8007,
            "avg": 146.87823219259286
        },
        "http_req_failed": {
            "passes": 14,
            "fails": 87590,
            "value": 0.00015981005433541846
        },
        "http_req_waiting": {
            "p(90)": 502.902,
            "p(95)": 506.6617,
            "avg": 146.55979800009194,
            "min": 0.233,
            "med": 3.671,
            "max": 12671.224
        },
        "vus_max": {
            "max": 1000,
            "value": 1000,
            "min": 1000
        },
        "data_received": {
            "rate": 90604.82874976177,
            "count": 9197454
        },
        "vus": {
            "value": 198,
            "min": 198,
            "max": 1000
        },
        "http_req_receiving": {
            "p(95)": 0.131,
            "avg": 0.07571858590932322,
            "min": 0.004,
            "med": 0.023,
            "max": 159.551,
            "p(90)": 0.083
        },
        "checks": {
            "passes": 87590,
            "fails": 14,
            "value": 0.9998401899456646
        },
        "iterations": {
            "count": 87604,
            "rate": 862.9937608597043
        },
        "iteration_duration": {
            "p(90)": 1503.700808,
            "p(95)": 1508.0399768,
            "avg": 1148.2239455466058,
            "min": 1000.482583,
            "med": 1004.2954374999999,
            "max": 13813.01575
        },
        "http_req_blocked": {
            "min": 0.06,
            "med": 0.173,
            "max": 156.658,
            "p(90)": 0.374,
            "p(95)": 0.6,
            "avg": 1.1312386306561248
        },
        "http_req_tls_handshaking": {
            "p(90)": 0,
            "p(95)": 0,
            "avg": 0,
            "min": 0,
            "med": 0,
            "max": 0
        },
        "http_req_duration{expected_response:true}": {
            "avg": 145.74594329261214,
            "min": 0.303,
            "med": 3.733,
            "max": 12679.917,
            "p(90)": 502.976,
            "p(95)": 506.775
        }
    }
}