{
    "root_group": {
        "checks": {
            "status is 200": {
                "name": "status is 200",
                "path": "::status is 200",
                "id": "6210a8cd14cd70477eba5c5e4cb3fb5f",
                "passes": 87392,
                "fails": 0
            }
        },
        "name": "",
        "path": "",
        "id": "d41d8cd98f00b204e9800998ecf8427e",
        "groups": {}
    },
    "metrics": {
        "http_req_sending": {
            "avg": 0.13597782405709458,
            "min": 0.003,
            "med": 0.011,
            "max": 58.859,
            "p(90)": 0.042,
            "p(95)": 0.067
        },
        "http_req_duration": {
            "avg": 150.13993454778557,
            "min": 0.322,
            "med": 4.838,
            "max": 4515.959,
            "p(90)": 505.25190000000003,
            "p(95)": 517.5157
        },
        "http_req_receiving": {
            "avg": 0.09731988053826844,
            "min": 0.004,
            "med": 0.022,
            "max": 323.906,
            "p(90)": 0.085,
            "p(95)": 0.14
        },
        "checks": {
            "fails": 0,
            "passes": 87392,
            "value": 1
        },
        "iteration_duration": {
            "avg": 1151.6467257990282,
            "min": 1000.506334,
            "med": 1005.4662915,
            "max": 5543.264833,
            "p(90)": 1506.0214792000002,
            "p(95)": 1518.77395855
        },
        "http_reqs": {
            "count": 87392,
            "rate": 852.904168362221
        },
        "http_req_duration{expected_response:true}": {
            "max": 4515.959,
            "p(90)": 505.25190000000003,
            "p(95)": 517.5157,
            "avg": 150.13993454778557,
            "min": 0.322,
            "med": 4.838
        },
        "http_req_tls_handshaking": {
            "p(95)": 0,
            "avg": 0,
            "min": 0,
            "med": 0,
            "max": 0,
            "p(90)": 0
        },
        "http_req_blocked": {
            "max": 187.619,
            "p(90)": 0.392,
            "p(95)": 0.699449999999996,
            "avg": 1.1947937911937014,
            "min": 0.058,
            "med": 0.173
        },
        "data_sent": {
            "count": 6252437,
            "rate": 61020.79801036914
        },
        "http_req_failed": {
            "passes": 0,
            "fails": 87392,
            "value": 0
        },
        "vus": {
            "value": 10,
            "min": 10,
            "max": 1000
        },
        "data_received": {
            "count": 9176160,
            "rate": 89554.9376780332
        },
        "iterations": {
            "count": 87392,
            "rate": 852.904168362221
        },
        "http_req_waiting": {
            "avg": 149.90663684318957,
            "min": 0.265,
            "med": 4.7765,
            "max": 4477.707,
            "p(90)": 505.1538,
            "p(95)": 517.3908
        },
        "http_req_connecting": {
            "p(95)": 0.6,
            "avg": 1.0533510161112867,
            "min": 0.048,
            "med": 0.151,
            "max": 168.332,
            "p(90)": 0.339
        },
        "vus_max": {
            "value": 1000,
            "min": 1000,
            "max": 1000
        }
    }
}