{
    "metrics": {
        "http_req_receiving": {
            "avg": 0.019879317524454595,
            "min": 0.003,
            "med": 0.01,
            "max": 29.495,
            "p(90)": 0.03,
            "p(95)": 0.045
        },
        "http_reqs": {
            "count": 88853,
            "rate": 875.3550659170846
        },
        "vus": {
            "max": 1000,
            "value": 200,
            "min": 200
        },
        "http_req_failed": {
            "passes": 0,
            "fails": 88853,
            "value": 0
        },
        "http_req_sending": {
            "max": 97.953,
            "p(90)": 0.01,
            "p(95)": 0.016,
            "avg": 0.26624160129712515,
            "min": 0.001,
            "med": 0.004
        },
        "data_sent": {
            "rate": 62624.57010040166,
            "count": 6356713
        },
        "http_req_tls_handshaking": {
            "avg": 0,
            "min": 0,
            "med": 0,
            "max": 0,
            "p(90)": 0,
            "p(95)": 0
        },
        "iterations": {
            "count": 88853,
            "rate": 875.3550659170846
        },
        "data_received": {
            "count": 9329565,
            "rate": 91912.28192129389
        },
        "vus_max": {
            "min": 1000,
            "max": 1000,
            "value": 1000
        },
        "http_req_duration": {
            "avg": 128.7113850292043,
            "min": 0.171,
            "med": 0.619,
            "max": 645.857,
            "p(90)": 501.356,
            "p(95)": 501.891
        },
        "http_req_waiting": {
            "min": 0.159,
            "med": 0.592,
            "max": 572.575,
            "p(90)": 501.3318,
            "p(95)": 501.86,
            "avg": 128.42526411038614
        },
        "http_req_connecting": {
            "p(95)": 0,
            "avg": 1.5162838733638686,
            "min": 0,
            "med": 0,
            "max": 281.893,
            "p(90)": 0
        },
        "checks": {
            "passes": 88853,
            "fails": 0,
            "value": 1
        },
        "iteration_duration": {
            "p(90)": 1501.577075,
            "p(95)": 1502.1744833999999,
            "avg": 1130.4722485593747,
            "min": 1000.210291,
            "med": 1000.897958,
            "max": 1833.606375
        },
        "http_req_blocked": {
            "avg": 1.5595563458705215,
            "min": 0,
            "med": 0.001,
            "max": 281.907,
            "p(90)": 0.004,
            "p(95)": 0.006
        },
        "http_req_duration{expected_response:true}": {
            "min": 0.171,
            "med": 0.619,
            "max": 645.857,
            "p(90)": 501.356,
            "p(95)": 501.891,
            "avg": 128.7113850292043
        }
    },
    "root_group": {
        "path": "",
        "id": "d41d8cd98f00b204e9800998ecf8427e",
        "groups": {},
        "checks": {
                "status is 200": {
                    "path": "::status is 200",
                    "id": "6210a8cd14cd70477eba5c5e4cb3fb5f",
                    "passes": 88853,
                    "fails": 0,
                    "name": "status is 200"
                }
            },
        "name": ""
    }
}