{
    "root_group": {
        "id": "d41d8cd98f00b204e9800998ecf8427e",
        "groups": {},
        "checks": {
                "status is 200": {
                    "passes": 86902,
                    "fails": 0,
                    "name": "status is 200",
                    "path": "::status is 200",
                    "id": "6210a8cd14cd70477eba5c5e4cb3fb5f"
                }
            },
        "name": "",
        "path": ""
    },
    "metrics": {
        "data_received": {
            "count": 9124710,
            "rate": 89704.86525104711
        },
        "http_req_connecting": {
            "avg": 1.0938559872039868,
            "min": 0.047,
            "med": 0.143,
            "max": 201.711,
            "p(90)": 0.32,
            "p(95)": 0.587
        },
        "http_req_waiting": {
            "med": 4.269,
            "max": 4800.492,
            "p(90)": 504.2479,
            "p(95)": 514.4807999999999,
            "avg": 155.7878933051035,
            "min": 0.296
        },
        "vus_max": {
            "max": 1000,
            "value": 1000,
            "min": 1000
        },
        "http_req_tls_handshaking": {
            "p(90)": 0,
            "p(95)": 0,
            "avg": 0,
            "min": 0,
            "med": 0,
            "max": 0
        },
        "http_req_failed": {
            "passes": 0,
            "fails": 86902,
            "value": 0
        },
        "iteration_duration": {
            "avg": 1157.494564527699,
            "min": 1000.504292,
            "med": 1004.8317915,
            "max": 5863.220583,
            "p(90)": 1505.1598413,
            "p(95)": 1516.64840385
        },
        "http_req_duration": {
            "max": 4800.582,
            "p(90)": 504.342,
            "p(95)": 514.6789,
            "avg": 156.01396906860614,
            "min": 0.33,
            "med": 4.325
        },
        "http_req_sending": {
            "max": 120.045,
            "p(90)": 0.041,
            "p(95)": 0.065,
            "avg": 0.09508698303837274,
            "min": 0.003,
            "med": 0.011
        },
        "data_sent": {
            "count": 6219148,
            "rate": 61140.33578232285
        },
        "http_reqs": {
            "count": 86902,
            "rate": 854.3320500099725
        },
        "vus": {
            "value": 183,
            "min": 183,
            "max": 1000
        },
        "http_req_duration{expected_response:true}": {
            "avg": 156.01396906860614,
            "min": 0.33,
            "med": 4.325,
            "max": 4800.582,
            "p(90)": 504.342,
            "p(95)": 514.6789
        },
        "http_req_receiving": {
            "avg": 0.1309887804653528,
            "min": 0.005,
            "med": 0.021,
            "max": 461.686,
            "p(90)": 0.083,
            "p(95)": 0.144
        },
        "checks": {
            "passes": 86902,
            "fails": 0,
            "value": 1
        },
        "iterations": {
            "count": 86902,
            "rate": 854.3320500099725
        },
        "http_req_blocked": {
            "p(90)": 0.374,
            "p(95)": 0.7019499999999961,
            "avg": 1.1401330579272928,
            "min": 0.06,
            "med": 0.163,
            "max": 203.951
        }
    }
}