{
    "root_group": {
        "name": "",
        "path": "",
        "id": "d41d8cd98f00b204e9800998ecf8427e",
        "groups": {},
        "checks": {
                "status is 200": {
                    "passes": 88153,
                    "fails": 0,
                    "name": "status is 200",
                    "path": "::status is 200",
                    "id": "6210a8cd14cd70477eba5c5e4cb3fb5f"
                }
            }
    },
    "metrics": {
        "http_req_sending": {
            "avg": 0.06710908307148855,
            "min": 0.003,
            "med": 0.011,
            "max": 26.513,
            "p(90)": 0.037,
            "p(95)": 0.054
        },
        "vus": {
            "value": 177,
            "min": 177,
            "max": 1000
        },
        "iterations": {
            "rate": 868.4888581548329,
            "count": 88153
        },
        "http_req_duration": {
            "p(95)": 505.9722,
            "avg": 139.3059218064057,
            "min": 0.303,
            "med": 3.469,
            "max": 4646.492,
            "p(90)": 502.57
        },
        "iteration_duration": {
            "p(95)": 1506.8898252000001,
            "avg": 1140.90118626197,
            "min": 1000.46075,
            "med": 1003.930834,
            "max": 5733.300583,
            "p(90)": 1503.0808172000002
        },
        "http_reqs": {
            "count": 88153,
            "rate": 868.4888581548329
        },
        "http_req_connecting": {
            "p(95)": 0.429,
            "avg": 1.264373078624656,
            "min": 0.034,
            "med": 0.141,
            "max": 131.452,
            "p(90)": 0.286
        },
        "http_req_tls_handshaking": {
            "max": 0,
            "p(90)": 0,
            "p(95)": 0,
            "avg": 0,
            "min": 0,
            "med": 0
        },
        "http_req_failed": {
            "passes": 0,
            "fails": 88153,
            "value": 0
        },
        "http_req_blocked": {
            "p(90)": 0.331,
            "p(95)": 0.514,
            "avg": 1.3251011877077044,
            "min": 0.046,
            "med": 0.161,
            "max": 131.591
        },
        "data_received": {
            "rate": 91191.33010625746,
            "count": 9256065
        },
        "http_req_duration{expected_response:true}": {
            "med": 3.469,
            "max": 4646.492,
            "p(90)": 502.57,
            "p(95)": 505.9722,
            "avg": 139.3059218064057,
            "min": 0.303
        },
        "http_req_waiting": {
            "min": 0.242,
            "med": 3.416,
            "max": 4646.076,
            "p(90)": 502.4988,
            "p(95)": 505.875,
            "avg": 139.18333676675783
        },
        "vus_max": {
            "value": 1000,
            "min": 1000,
            "max": 1000
        },
        "http_req_receiving": {
            "p(95)": 0.114,
            "avg": 0.05547595657549569,
            "min": 0.004,
            "med": 0.022,
            "max": 245.826,
            "p(90)": 0.075
        },
        "checks": {
            "passes": 88153,
            "fails": 0,
            "value": 1
        },
        "data_sent": {
            "count": 6307956,
            "rate": 62146.376229180256
        }
    }
}