{
    "root_group": {
        "groups": {},
        "checks": {
                "status is 200": {
                    "name": "status is 200",
                    "path": "::status is 200",
                    "id": "6210a8cd14cd70477eba5c5e4cb3fb5f",
                    "passes": 97959,
                    "fails": 0
                }
            },
        "name": "",
        "path": "",
        "id": "d41d8cd98f00b204e9800998ecf8427e"
    },
    "metrics": {
        "http_req_duration{expected_response:true}": {
            "avg": 23.665838718239083,
            "min": 0.354,
            "med": 3.662,
            "max": 1539.813,
            "p(90)": 29.4582,
            "p(95)": 85.24119999999995
        },
        "http_req_receiving": {
            "max": 260.705,
            "p(90)": 0.099,
            "p(95)": 0.205,
            "avg": 0.09806530283078554,
            "min": 0.004,
            "med": 0.021
        },
        "http_req_failed": {
            "passes": 0,
            "fails": 97959,
            "value": 0
        },
        "http_req_sending": {
            "max": 152.239,
            "p(90)": 0.041,
            "p(95)": 0.083,
            "avg": 0.18323044334868482,
            "min": 0.003,
            "med": 0.011
        },
        "vus": {
            "max": 1000,
            "value": 61,
            "min": 61
        },
        "http_req_duration": {
            "min": 0.354,
            "med": 3.662,
            "max": 1539.813,
            "p(90)": 29.4582,
            "p(95)": 85.24119999999995,
            "avg": 23.665838718239083
        },
        "iterations": {
            "count": 97959,
            "rate": 969.8566928052117
        },
        "http_req_tls_handshaking": {
            "avg": 0,
            "min": 0,
            "med": 0,
            "max": 0,
            "p(90)": 0,
            "p(95)": 0
        },
        "data_sent": {
            "count": 6857130,
            "rate": 67889.96849636482
        },
        "iteration_duration": {
            "med": 1004.39925,
            "max": 2540.068833,
            "p(90)": 1032.7937,
            "p(95)": 1089.6485618999998,
            "avg": 1025.0944016010199,
            "min": 1000.544667
        },
        "checks": {
            "passes": 97959,
            "fails": 0,
            "value": 1
        },
        "vus_max": {
            "min": 1000,
            "max": 1000,
            "value": 1000
        },
        "http_req_blocked": {
            "avg": 0.7114693800467489,
            "min": 0.049,
            "med": 0.212,
            "max": 175.576,
            "p(90)": 0.634,
            "p(95)": 1.2460999999999958
        },
        "http_req_waiting": {
            "avg": 23.384542972059986,
            "min": 0.313,
            "med": 3.58,
            "max": 1536.051,
            "p(90)": 29.094200000000004,
            "p(95)": 84.20879999999988
        },
        "http_reqs": {
            "count": 97959,
            "rate": 969.8566928052117
        },
        "data_received": {
            "count": 10285695,
            "rate": 101834.95274454722
        },
        "http_req_connecting": {
            "p(90)": 0.571,
            "p(95)": 1.078,
            "avg": 0.6250105248114035,
            "min": 0.04,
            "med": 0.19,
            "max": 154.618
        }
    }
}