{
    "metrics": {
        "http_req_failed": {
            "passes": 0,
            "fails": 98149,
            "value": 0
        },
        "data_received": {
            "count": 10305645,
            "rate": 102266.65383642017
        },
        "http_req_blocked": {
            "p(95)": 0.894,
            "avg": 1.2922052389734051,
            "min": 0.047,
            "med": 0.206,
            "max": 289.054,
            "p(90)": 0.522
        },
        "http_req_receiving": {
            "p(95)": 0.185,
            "avg": 0.06576566241123472,
            "min": 0.004,
            "med": 0.021,
            "max": 27.831,
            "p(90)": 0.091
        },
        "http_req_duration": {
            "avg": 21.313609033204685,
            "min": 0.381,
            "med": 3.155,
            "max": 4026.487,
            "p(90)": 15.099200000000002,
            "p(95)": 36.31919999999986
        },
        "checks": {
            "passes": 98149,
            "fails": 0,
            "value": 1
        },
        "http_req_sending": {
            "max": 193.259,
            "p(90)": 0.038,
            "p(95)": 0.072,
            "avg": 0.21631052787083244,
            "min": 0.003,
            "med": 0.011
        },
        "vus_max": {
            "max": 1000,
            "value": 1000,
            "min": 1000
        },
        "http_req_tls_handshaking": {
            "max": 0,
            "p(90)": 0,
            "p(95)": 0,
            "avg": 0,
            "min": 0,
            "med": 0
        },
        "vus": {
            "min": 1000,
            "max": 1000,
            "value": 1000
        },
        "iterations": {
            "count": 98149,
            "rate": 973.9681317754303
        },
        "iteration_duration": {
            "p(90)": 1016.6838916,
            "p(95)": 1040.2021163999998,
            "avg": 1023.3514771655342,
            "min": 1000.567375,
            "med": 1003.914375,
            "max": 5027.723458
        },
        "http_reqs": {
            "count": 98149,
            "rate": 973.9681317754303
        },
        "http_req_duration{expected_response:true}": {
            "max": 4026.487,
            "p(90)": 15.099200000000002,
            "p(95)": 36.31919999999986,
            "avg": 21.313609033204685,
            "min": 0.381,
            "med": 3.155
        },
        "http_req_connecting": {
            "min": 0.038,
            "med": 0.184,
            "max": 222.522,
            "p(90)": 0.478,
            "p(95)": 0.799,
            "avg": 1.1840284771113423
        },
        "data_sent": {
            "count": 6870430,
            "rate": 68177.76922428011
        },
        "http_req_waiting": {
            "avg": 21.031532842922324,
            "min": 0.353,
            "med": 3.083,
            "max": 4026.396,
            "p(90)": 14.907,
            "p(95)": 35.812599999999954
        }
    },
    "root_group": {
        "name": "",
        "path": "",
        "id": "d41d8cd98f00b204e9800998ecf8427e",
        "groups": {},
        "checks": {
                "status is 200": {
                    "path": "::status is 200",
                    "id": "6210a8cd14cd70477eba5c5e4cb3fb5f",
                    "passes": 98149,
                    "fails": 0,
                    "name": "status is 200"
                }
            }
    }
}