{
    "root_group": {
        "groups": {},
        "checks": {
                "status is 200": {
                    "name": "status is 200",
                    "path": "::status is 200",
                    "id": "6210a8cd14cd70477eba5c5e4cb3fb5f",
                    "passes": 98680,
                    "fails": 0
                }
            },
        "name": "",
        "path": "",
        "id": "d41d8cd98f00b204e9800998ecf8427e"
    },
    "metrics": {
        "iterations": {
            "count": 98680,
            "rate": 977.3913087230995
        },
        "http_reqs": {
            "count": 98680,
            "rate": 977.3913087230995
        },
        "http_req_waiting": {
            "min": 0.281,
            "med": 2.591,
            "max": 1027.738,
            "p(90)": 15.029100000000001,
            "p(95)": 37.18694999999992,
            "avg": 15.924064096067992
        },
        "checks": {
            "passes": 98680,
            "fails": 0,
            "value": 1
        },
        "iteration_duration": {
            "avg": 1017.9747464252137,
            "min": 1000.540458,
            "med": 1003.178625,
            "max": 2055.600458,
            "p(90)": 1016.4991131,
            "p(95)": 1039.9671434
        },
        "http_req_blocked": {
            "avg": 1.5297594041345826,
            "min": 0.053,
            "med": 0.189,
            "max": 188.137,
            "p(90)": 0.453,
            "p(95)": 0.81
        },
        "http_req_tls_handshaking": {
            "max": 0,
            "p(90)": 0,
            "p(95)": 0,
            "avg": 0,
            "min": 0,
            "med": 0
        },
        "data_received": {
            "count": 10361400,
            "rate": 102626.08741592546
        },
        "vus": {
            "max": 1000,
            "value": 27,
            "min": 27
        },
        "http_req_sending": {
            "avg": 0.087062261856507,
            "min": 0.003,
            "med": 0.011,
            "max": 66.155,
            "p(90)": 0.036,
            "p(95)": 0.057
        },
        "http_req_receiving": {
            "med": 0.021,
            "max": 377.651,
            "p(90)": 0.081,
            "p(95)": 0.158,
            "avg": 0.06084458856911438,
            "min": 0.004
        },
        "http_req_duration{expected_response:true}": {
            "max": 1028.102,
            "p(90)": 15.205,
            "p(95)": 37.45305,
            "avg": 16.071970946493632,
            "min": 0.318,
            "med": 2.66
        },
        "vus_max": {
            "value": 1000,
            "min": 1000,
            "max": 1000
        },
        "http_req_connecting": {
            "min": 0.042,
            "med": 0.168,
            "max": 185.366,
            "p(90)": 0.409,
            "p(95)": 0.731,
            "avg": 1.4785211593028154
        },
        "http_req_failed": {
            "passes": 0,
            "fails": 98680,
            "value": 0
        },
        "data_sent": {
            "count": 6907600,
            "rate": 68417.39161061698
        },
        "http_req_duration": {
            "avg": 16.071970946493632,
            "min": 0.318,
            "med": 2.66,
            "max": 1028.102,
            "p(90)": 15.205,
            "p(95)": 37.45305
        }
    }
}