{
    "metrics": {
        "http_req_receiving": {
            "min": 0.005,
            "med": 0.023,
            "max": 589.766,
            "p(90)": 0.116,
            "p(95)": 0.226,
            "avg": 0.13532678628539607
        },
        "data_received": {
            "count": 9521085,
            "rate": 91321.19449127773
        },
        "iterations": {
            "count": 90677,
            "rate": 869.7256618216926
        },
        "checks": {
            "passes": 90677,
            "fails": 0,
            "value": 1
        },
        "vus": {
            "value": 8,
            "min": 8,
            "max": 1000
        },
        "http_req_duration{expected_response:true}": {
            "max": 4367.365,
            "p(90)": 300.0502000000001,
            "p(95)": 693.5173999999976,
            "avg": 102.86025734199356,
            "min": 0.36,
            "med": 4.361
        },
        "http_req_connecting": {
            "avg": 4.443791468619393,
            "min": 0.037,
            "med": 0.183,
            "max": 402.957,
            "p(90)": 0.716,
            "p(95)": 3.95899999999998
        },
        "http_req_waiting": {
            "avg": 102.62004064977798,
            "min": 0.337,
            "med": 4.269,
            "max": 4367.317,
            "p(90)": 298.99960000000004,
            "p(95)": 692.9721999999999
        },
        "http_reqs": {
            "count": 90677,
            "rate": 869.7256618216926
        },
        "http_req_duration": {
            "max": 4367.365,
            "p(90)": 300.0502000000001,
            "p(95)": 693.5173999999976,
            "avg": 102.86025734199356,
            "min": 0.36,
            "med": 4.361
        },
        "data_sent": {
            "count": 6347390,
            "rate": 60880.79632751848
        },
        "http_req_sending": {
            "avg": 0.10488990592984378,
            "min": 0.003,
            "med": 0.013,
            "max": 254.84,
            "p(90)": 0.065,
            "p(95)": 0.19
        },
        "http_req_tls_handshaking": {
            "avg": 0,
            "min": 0,
            "med": 0,
            "max": 0,
            "p(90)": 0,
            "p(95)": 0
        },
        "http_req_failed": {
            "fails": 90677,
            "passes": 0,
            "value": 0
        },
        "vus_max": {
            "value": 1000,
            "min": 1000,
            "max": 1000
        },
        "iteration_duration": {
            "avg": 1110.8800006563579,
            "min": 1000.5515,
            "med": 1005.244875,
            "max": 5617.292916,
            "p(90)": 1311.4363254,
            "p(95)": 1728.644725
        },
        "http_req_blocked": {
            "p(90)": 0.862,
            "p(95)": 4.92399999999994,
            "avg": 4.798157945234201,
            "min": 0.045,
            "med": 0.21,
            "max": 555.695
        }
    },
    "root_group": {
        "groups": {},
        "checks": {
                "status is 200": {
                    "name": "status is 200",
                    "path": "::status is 200",
                    "id": "6210a8cd14cd70477eba5c5e4cb3fb5f",
                    "passes": 90677,
                    "fails": 0
                }
            },
        "name": "",
        "path": "",
        "id": "d41d8cd98f00b204e9800998ecf8427e"
    }
}