{
    "root_group": {
        "name": "",
        "path": "",
        "id": "d41d8cd98f00b204e9800998ecf8427e",
        "groups": {},
        "checks": {
                "status is 200": {
                    "name": "status is 200",
                    "path": "::status is 200",
                    "id": "6210a8cd14cd70477eba5c5e4cb3fb5f",
                    "passes": 100000,
                    "fails": 0
                }
            }
    },
    "metrics": {
        "vus": {
            "value": 739,
            "min": 739,
            "max": 1000
        },
        "vus_max": {
            "value": 1000,
            "min": 1000,
            "max": 1000
        },
        "data_received": {
            "rate": 103953.7851964127,
            "count": 10500000
        },
        "http_req_failed": {
            "passes": 0,
            "fails": 100000,
            "value": 0
        },
        "http_req_waiting": {
            "max": 249.919,
            "p(90)": 17.334100000000003,
            "p(95)": 34.171,
            "avg": 7.0416718000000635,
            "min": 0.163,
            "med": 1.873
        },
        "checks": {
            "passes": 100000,
            "fails": 0,
            "value": 1
        },
        "http_req_duration{expected_response:true}": {
            "avg": 7.298178850000092,
            "min": 0.172,
            "med": 1.92,
            "max": 261.735,
            "p(90)": 18.066500000000012,
            "p(95)": 35.20809999999999
        },
        "http_req_duration": {
            "max": 261.735,
            "p(90)": 18.066500000000012,
            "p(95)": 35.20809999999999,
            "avg": 7.298178850000092,
            "min": 0.172,
            "med": 1.92
        },
        "http_req_connecting": {
            "med": 0,
            "max": 156.768,
            "p(90)": 0,
            "p(95)": 0,
            "avg": 0.6797747299999999,
            "min": 0
        },
        "iteration_duration": {
            "avg": 1009.3695539521185,
            "min": 1000.217583,
            "med": 1002.4500625000001,
            "max": 1396.82,
            "p(90)": 1024.0312244,
            "p(95)": 1040.84898815
        },
        "http_reqs": {
            "count": 100000,
            "rate": 990.0360494896448
        },
        "http_req_receiving": {
            "avg": 0.058389289999996756,
            "min": 0.003,
            "med": 0.01,
            "max": 42.272,
            "p(90)": 0.036,
            "p(95)": 0.058
        },
        "data_sent": {
            "count": 7000000,
            "rate": 69302.52346427515
        },
        "http_req_tls_handshaking": {
            "max": 0,
            "p(90)": 0,
            "p(95)": 0,
            "avg": 0,
            "min": 0,
            "med": 0
        },
        "iterations": {
            "count": 100000,
            "rate": 990.0360494896448
        },
        "http_req_blocked": {
            "avg": 0.7025177099992765,
            "min": 0,
            "med": 0.002,
            "max": 159.961,
            "p(90)": 0.006,
            "p(95)": 0.012
        },
        "http_req_sending": {
            "min": 0.001,
            "med": 0.005,
            "max": 96.252,
            "p(90)": 0.035,
            "p(95)": 0.13,
            "avg": 0.19811776000014572
        }
    }
}