{
    "root_group": {
        "name": "",
        "path": "",
        "id": "d41d8cd98f00b204e9800998ecf8427e",
        "groups": {},
        "checks": {
                "status is 200": {
                    "id": "6210a8cd14cd70477eba5c5e4cb3fb5f",
                    "passes": 97159,
                    "fails": 0,
                    "name": "status is 200",
                    "path": "::status is 200"
                }
            }
    },
    "metrics": {
        "http_req_tls_handshaking": {
            "p(95)": 0,
            "avg": 0,
            "min": 0,
            "med": 0,
            "max": 0,
            "p(90)": 0
        },
        "data_received": {
            "count": 10201695,
            "rate": 101175.02305737826
        },
        "data_sent": {
            "count": 6801130,
            "rate": 67450.0153715855
        },
        "http_req_blocked": {
            "p(90)": 0.008,
            "p(95)": 0.017,
            "avg": 1.8071060015000784,
            "min": 0,
            "med": 0.002,
            "max": 275.183
        },
        "http_req_duration{expected_response:true}": {
            "avg": 25.69200947930694,
            "min": 0.171,
            "med": 2.682,
            "max": 1647.123,
            "p(90)": 33.15600000000001,
            "p(95)": 89.35799999999988
        },
        "http_req_sending": {
            "avg": 0.5660497740815985,
            "min": 0.001,
            "med": 0.006,
            "max": 307.355,
            "p(90)": 0.052,
            "p(95)": 0.272
        },
        "http_req_waiting": {
            "p(90)": 32.4502,
            "p(95)": 84.42979999999966,
            "avg": 25.07264692926001,
            "min": 0.163,
            "med": 2.613,
            "max": 1647.07
        },
        "http_req_failed": {
            "fails": 97159,
            "passes": 0,
            "value": 0
        },
        "vus_max": {
            "value": 1000,
            "min": 1000,
            "max": 1000
        },
        "http_req_connecting": {
            "avg": 1.7535532477691187,
            "min": 0,
            "med": 0,
            "max": 264.288,
            "p(90)": 0,
            "p(95)": 0
        },
        "checks": {
            "fails": 0,
            "passes": 97159,
            "value": 1
        },
        "iterations": {
            "count": 97159,
            "rate": 963.5716481655072
        },
        "http_reqs": {
            "count": 97159,
            "rate": 963.5716481655072
        },
        "vus": {
            "value": 1000,
            "min": 1000,
            "max": 1000
        },
        "http_req_receiving": {
            "avg": 0.05331277596517395,
            "min": 0.003,
            "med": 0.011,
            "max": 111.796,
            "p(90)": 0.039,
            "p(95)": 0.06
        },
        "http_req_duration": {
            "min": 0.171,
            "med": 2.682,
            "max": 1647.123,
            "p(90)": 33.15600000000001,
            "p(95)": 89.35799999999988,
            "avg": 25.69200947930694
        },
        "iteration_duration": {
            "avg": 1031.9943443792229,
            "min": 1000.227417,
            "med": 1003.634166,
            "max": 2650.568458,
            "p(90)": 1048.9808672000001,
            "p(95)": 1127.4325005999997
        }
    }
}