{
    "metrics": {
        "http_req_waiting": {
            "avg": 7.040944936205329,
            "min": 0.172,
            "med": 1.844,
            "max": 206.49,
            "p(90)": 16.339,
            "p(95)": 29.978899999999953
        },
        "vus_max": {
            "value": 1000,
            "min": 1000,
            "max": 1000
        },
        "http_req_blocked": {
            "p(95)": 0.012,
            "avg": 1.2943680352046183,
            "min": 0,
            "med": 0.002,
            "max": 214.057,
            "p(90)": 0.006
        },
        "iteration_duration": {
            "avg": 1010.2214211302659,
            "min": 1000.240584,
            "med": 1002.319209,
            "max": 1388.320208,
            "p(90)": 1020.0212414,
            "p(95)": 1040.3665545
        },
        "http_req_tls_handshaking": {
            "avg": 0,
            "min": 0,
            "med": 0,
            "max": 0,
            "p(90)": 0,
            "p(95)": 0
        },
        "http_req_sending": {
            "max": 107.04,
            "p(90)": 0.028,
            "p(95)": 0.086,
            "avg": 0.24381595722224275,
            "min": 0.001,
            "med": 0.005
        },
        "http_req_receiving": {
            "p(90)": 0.035,
            "p(95)": 0.053,
            "avg": 0.06656570294955638,
            "min": 0.003,
            "med": 0.01,
            "max": 29.95
        },
        "iterations": {
            "count": 99303,
            "rate": 983.1594721632696
        },
        "http_req_connecting": {
            "p(90)": 0,
            "p(95)": 0,
            "avg": 1.279109946325891,
            "min": 0,
            "med": 0,
            "max": 214.048
        },
        "http_req_failed": {
            "passes": 0,
            "fails": 99303,
            "value": 0
        },
        "data_sent": {
            "count": 6951210,
            "rate": 68821.16305142887
        },
        "http_req_duration{expected_response:true}": {
            "avg": 7.351326596376681,
            "min": 0.181,
            "med": 1.884,
            "max": 208.845,
            "p(90)": 16.58,
            "p(95)": 31.269599999999983
        },
        "checks": {
            "passes": 99303,
            "fails": 0,
            "value": 1
        },
        "data_received": {
            "count": 10426815,
            "rate": 103231.74457714331
        },
        "http_reqs": {
            "count": 99303,
            "rate": 983.1594721632696
        },
        "http_req_duration": {
            "avg": 7.351326596376681,
            "min": 0.181,
            "med": 1.884,
            "max": 208.845,
            "p(90)": 16.58,
            "p(95)": 31.269599999999983
        },
        "vus": {
            "value": 303,
            "min": 303,
            "max": 1000
        }
    },
    "root_group": {
        "id": "d41d8cd98f00b204e9800998ecf8427e",
        "groups": {},
        "checks": {
                "status is 200": {
                    "name": "status is 200",
                    "path": "::status is 200",
                    "id": "6210a8cd14cd70477eba5c5e4cb3fb5f",
                    "passes": 99303,
                    "fails": 0
                }
            },
        "name": "",
        "path": ""
    }
}