{
    "metrics": {
        "http_req_duration": {
            "avg": 50.66942020217089,
            "min": 0.32,
            "med": 2.697,
            "max": 7509.964,
            "p(90)": 17.751,
            "p(95)": 49.316999999999936
        },
        "http_req_failed": {
            "passes": 18,
            "fails": 94853,
            "value": 0.00018973131937051365
        },
        "http_req_receiving": {
            "max": 1355.058,
            "p(90)": 0.099,
            "p(95)": 0.187,
            "avg": 0.14787673788619743,
            "min": 0.004,
            "med": 0.023
        },
        "checks": {
            "passes": 94853,
            "fails": 18,
            "value": 0.9998102686806295
        },
        "http_req_blocked": {
            "avg": 2.997657777403005,
            "min": 0.044,
            "med": 0.191,
            "max": 820.478,
            "p(90)": 0.504,
            "p(95)": 1.0314999999999959
        },
        "iteration_duration": {
            "avg": 1054.3499551966434,
            "min": 1000.485584,
            "med": 1003.223791,
            "max": 9257.837958,
            "p(90)": 1019.223875,
            "p(95)": 1053.249417
        },
        "http_req_duration{expected_response:true}": {
            "max": 7460.353,
            "p(90)": 17.725400000000004,
            "p(95)": 48.876399999999954,
            "avg": 49.43604539656233,
            "min": 0.32,
            "med": 2.696
        },
        "http_req_waiting": {
            "max": 7508.617,
            "p(90)": 17.583,
            "p(95)": 49.045999999999985,
            "avg": 49.203224262418715,
            "min": 0.291,
            "med": 2.618
        },
        "data_received": {
            "count": 9960213,
            "rate": 98611.78661875584
        },
        "http_req_connecting": {
            "max": 751.675,
            "p(90)": 0.449,
            "p(95)": 0.881,
            "avg": 2.7627001612716113,
            "min": 0.038,
            "med": 0.168
        },
        "http_reqs": {
            "count": 94871,
            "rate": 939.2769821597174
        },
        "http_req_sending": {
            "med": 0.012,
            "max": 830.537,
            "p(90)": 0.04,
            "p(95)": 0.07,
            "avg": 1.318319201863602,
            "min": 0.003
        },
        "vus": {
            "value": 164,
            "min": 164,
            "max": 1000
        },
        "iterations": {
            "count": 94871,
            "rate": 939.2769821597174
        },
        "http_req_tls_handshaking": {
            "p(90)": 0,
            "p(95)": 0,
            "avg": 0,
            "min": 0,
            "med": 0,
            "max": 0
        },
        "vus_max": {
            "min": 1000,
            "max": 1000,
            "value": 1000
        },
        "data_sent": {
            "count": 6640970,
            "rate": 65749.38875118022
        }
    },
    "root_group": {
        "name": "",
        "path": "",
        "id": "d41d8cd98f00b204e9800998ecf8427e",
        "groups": {},
        "checks": {
                "status is 200": {
                    "fails": 18,
                    "name": "status is 200",
                    "path": "::status is 200",
                    "id": "6210a8cd14cd70477eba5c5e4cb3fb5f",
                    "passes": 94853
                }
            }
    }
}