{
    "root_group": {
        "name": "",
        "path": "",
        "id": "d41d8cd98f00b204e9800998ecf8427e",
        "groups": {},
        "checks": {
                "status is 200": {
                    "passes": 97332,
                    "fails": 0,
                    "name": "status is 200",
                    "path": "::status is 200",
                    "id": "6210a8cd14cd70477eba5c5e4cb3fb5f"
                }
            }
    },
    "metrics": {
        "http_req_duration": {
            "avg": 29.646785045001,
            "min": 0.345,
            "med": 3.672,
            "max": 4116.282,
            "p(90)": 31.199,
            "p(95)": 111.30949999999996
        },
        "http_req_connecting": {
            "p(90)": 0.512,
            "p(95)": 0.9894499999999957,
            "avg": 1.1481747832162117,
            "min": 0.037,
            "med": 0.179,
            "max": 168.356
        },
        "http_req_tls_handshaking": {
            "p(95)": 0,
            "avg": 0,
            "min": 0,
            "med": 0,
            "max": 0,
            "p(90)": 0
        },
        "http_req_sending": {
            "avg": 0.1045507952163761,
            "min": 0.003,
            "med": 0.013,
            "max": 77.129,
            "p(90)": 0.044,
            "p(95)": 0.088
        },
        "http_req_failed": {
            "fails": 97332,
            "passes": 0,
            "value": 0
        },
        "checks": {
            "passes": 97332,
            "fails": 0,
            "value": 1
        },
        "http_req_blocked": {
            "min": 0.041,
            "med": 0.203,
            "max": 172.387,
            "p(90)": 0.577,
            "p(95)": 1.135,
            "avg": 1.2429472527020857
        },
        "http_req_receiving": {
            "min": 0.004,
            "med": 0.023,
            "max": 205.995,
            "p(90)": 0.106,
            "p(95)": 0.21,
            "avg": 0.10470187605311025
        },
        "http_req_waiting": {
            "max": 4099.331,
            "p(90)": 30.888700000000007,
            "p(95)": 110.24739999999987,
            "avg": 29.437532373730857,
            "min": 0.218,
            "med": 3.5755
        },
        "iterations": {
            "count": 97332,
            "rate": 963.7705088264088
        },
        "data_sent": {
            "rate": 67463.93561784862,
            "count": 6813240
        },
        "http_reqs": {
            "count": 97332,
            "rate": 963.7705088264088
        },
        "data_received": {
            "count": 10219860,
            "rate": 101195.90342677291
        },
        "vus_max": {
            "value": 1000,
            "min": 1000,
            "max": 1000
        },
        "vus": {
            "value": 58,
            "min": 58,
            "max": 1000
        },
        "iteration_duration": {
            "med": 1004.3655625,
            "max": 5230.346709,
            "p(90)": 1032.6333286,
            "p(95)": 1118.3000251499998,
            "avg": 1031.3937003726576,
            "min": 1000.499834
        },
        "http_req_duration{expected_response:true}": {
            "p(95)": 111.30949999999996,
            "avg": 29.646785045001,
            "min": 0.345,
            "med": 3.672,
            "max": 4116.282,
            "p(90)": 31.199
        }
    }
}