{
    "root_group": {
        "path": "",
        "id": "d41d8cd98f00b204e9800998ecf8427e",
        "groups": {},
        "checks": {
                "status is 200": {
                    "path": "::status is 200",
                    "id": "6210a8cd14cd70477eba5c5e4cb3fb5f",
                    "passes": 99796,
                    "fails": 0,
                    "name": "status is 200"
                }
            },
        "name": ""
    },
    "metrics": {
        "http_req_receiving": {
            "min": 0.003,
            "med": 0.01,
            "max": 36.67,
            "p(90)": 0.033,
            "p(95)": 0.049,
            "avg": 0.024364142851420762
        },
        "http_req_connecting": {
            "med": 0,
            "max": 179.003,
            "p(90)": 0,
            "p(95)": 0,
            "avg": 0.9079178925006993,
            "min": 0
        },
        "data_received": {
            "count": 10478580,
            "rate": 103747.05851339921
        },
        "http_reqs": {
            "count": 99796,
            "rate": 988.0672239371354
        },
        "iteration_duration": {
            "med": 1002.5796869999999,
            "max": 1315.300084,
            "p(90)": 1013.192146,
            "p(95)": 1022.9618025,
            "avg": 1008.0279564235484,
            "min": 1000.201292
        },
        "http_req_failed": {
            "passes": 0,
            "fails": 99796,
            "value": 0
        },
        "vus_max": {
            "value": 1000,
            "min": 1000,
            "max": 1000
        },
        "checks": {
            "passes": 99796,
            "fails": 0,
            "value": 1
        },
        "iterations": {
            "count": 99796,
            "rate": 988.0672239371354
        },
        "http_req_duration{expected_response:true}": {
            "avg": 6.522456801875763,
            "min": 0.149,
            "med": 2.218,
            "max": 222.057,
            "p(90)": 11.889500000000002,
            "p(95)": 19.73849999999999
        },
        "http_req_sending": {
            "med": 0.004,
            "max": 101.346,
            "p(90)": 0.021,
            "p(95)": 0.056,
            "avg": 0.08981534330036864,
            "min": 0.001
        },
        "data_sent": {
            "count": 6985720,
            "rate": 69164.70567559947
        },
        "http_req_duration": {
            "avg": 6.522456801875763,
            "min": 0.149,
            "med": 2.218,
            "max": 222.057,
            "p(90)": 11.889500000000002,
            "p(95)": 19.73849999999999
        },
        "http_req_blocked": {
            "avg": 0.92729745681095,
            "min": 0,
            "med": 0.002,
            "max": 203.636,
            "p(90)": 0.005,
            "p(95)": 0.008
        },
        "http_req_waiting": {
            "p(90)": 11.761,
            "p(95)": 19.387249999999977,
            "avg": 6.408277315724089,
            "min": 0.14,
            "med": 2.18,
            "max": 221.814
        },
        "vus": {
            "value": 394,
            "min": 394,
            "max": 1000
        },
        "http_req_tls_handshaking": {
            "avg": 0,
            "min": 0,
            "med": 0,
            "max": 0,
            "p(90)": 0,
            "p(95)": 0
        }
    }
}