{
    "metrics": {
        "data_sent": {
            "rate": 66164.86781414882,
            "count": 6683880
        },
        "vus": {
            "min": 92,
            "max": 1000,
            "value": 92
        },
        "iteration_duration": {
            "avg": 1050.8110093376129,
            "min": 1000.522208,
            "med": 1004.3206250000001,
            "max": 7192.03575,
            "p(90)": 1032.7850624,
            "p(95)": 1185.4835373999997
        },
        "http_req_tls_handshaking": {
            "med": 0,
            "max": 0,
            "p(90)": 0,
            "p(95)": 0,
            "avg": 0,
            "min": 0
        },
        "http_reqs": {
            "count": 95484,
            "rate": 945.2123973449832
        },
        "checks": {
            "passes": 95484,
            "fails": 0,
            "value": 1
        },
        "vus_max": {
            "value": 1000,
            "min": 1000,
            "max": 1000
        },
        "http_req_duration{expected_response:true}": {
            "p(95)": 177.09744999999918,
            "avg": 48.293788823259035,
            "min": 0.363,
            "med": 3.4715,
            "max": 6189.482,
            "p(90)": 30.473800000000008
        },
        "http_req_blocked": {
            "med": 0.222,
            "max": 223.617,
            "p(90)": 0.68,
            "p(95)": 1.37,
            "avg": 1.7516872669766823,
            "min": 0.051
        },
        "http_req_failed": {
            "passes": 0,
            "fails": 95484,
            "value": 0
        },
        "data_received": {
            "rate": 99247.30172122322,
            "count": 10025820
        },
        "http_req_duration": {
            "min": 0.363,
            "med": 3.4715,
            "max": 6189.482,
            "p(90)": 30.473800000000008,
            "p(95)": 177.09744999999918,
            "avg": 48.293788823259035
        },
        "http_req_sending": {
            "avg": 0.30094269196921675,
            "min": 0.003,
            "med": 0.012,
            "max": 108.198,
            "p(90)": 0.045,
            "p(95)": 0.112
        },
        "http_req_connecting": {
            "max": 219.671,
            "p(90)": 0.604,
            "p(95)": 1.188,
            "avg": 1.6661526329018104,
            "min": 0.042,
            "med": 0.197
        },
        "iterations": {
            "count": 95484,
            "rate": 945.2123973449832
        },
        "http_req_receiving": {
            "min": 0.005,
            "med": 0.021,
            "max": 1350.335,
            "p(90)": 0.105,
            "p(95)": 0.211,
            "avg": 0.11763220015919341
        },
        "http_req_waiting": {
            "max": 6189.432,
            "p(90)": 30.048400000000004,
            "p(95)": 174.96719999999993,
            "avg": 47.87521393112942,
            "min": 0.285,
            "med": 3.396
        }
    },
    "root_group": {
        "name": "",
        "path": "",
        "id": "d41d8cd98f00b204e9800998ecf8427e",
        "groups": {},
        "checks": {
                "status is 200": {
                    "name": "status is 200",
                    "path": "::status is 200",
                    "id": "6210a8cd14cd70477eba5c5e4cb3fb5f",
                    "passes": 95484,
                    "fails": 0
                }
            }
    }
}