{
    "root_group": {
        "path": "",
        "id": "d41d8cd98f00b204e9800998ecf8427e",
        "groups": {},
        "checks": {
                "status is 200": {
                    "passes": 99110,
                    "fails": 0,
                    "name": "status is 200",
                    "path": "::status is 200",
                    "id": "6210a8cd14cd70477eba5c5e4cb3fb5f"
                }
            },
        "name": ""
    },
    "metrics": {
        "checks": {
            "passes": 99110,
            "fails": 0,
            "value": 1
        },
        "http_req_tls_handshaking": {
            "med": 0,
            "max": 0,
            "p(90)": 0,
            "p(95)": 0,
            "avg": 0,
            "min": 0
        },
        "http_req_sending": {
            "avg": 0.29939306830803525,
            "min": 0.001,
            "med": 0.005,
            "max": 263.568,
            "p(90)": 0.027,
            "p(95)": 0.073
        },
        "http_req_waiting": {
            "avg": 7.372084673594896,
            "min": 0.147,
            "med": 1.898,
            "max": 300.625,
            "p(90)": 12.872100000000001,
            "p(95)": 22.87109999999999
        },
        "data_received": {
            "rate": 103034.0610464448,
            "count": 10406550
        },
        "http_req_connecting": {
            "min": 0,
            "med": 0,
            "max": 66.392,
            "p(90)": 0,
            "p(95)": 0,
            "avg": 0.11951266269801247
        },
        "iterations": {
            "count": 99110,
            "rate": 981.2767718709028
        },
        "http_req_blocked": {
            "avg": 0.17646687518948947,
            "min": 0,
            "med": 0.002,
            "max": 260.88,
            "p(90)": 0.006,
            "p(95)": 0.012
        },
        "vus": {
            "min": 2,
            "max": 1000,
            "value": 2
        },
        "vus_max": {
            "value": 1000,
            "min": 1000,
            "max": 1000
        },
        "http_req_duration": {
            "avg": 7.703539027343451,
            "min": 0.155,
            "med": 1.937,
            "max": 327.08,
            "p(90)": 13.096,
            "p(95)": 23.62709999999999
        },
        "http_reqs": {
            "count": 99110,
            "rate": 981.2767718709028
        },
        "data_sent": {
            "count": 6937700,
            "rate": 68689.3740309632
        },
        "http_req_duration{expected_response:true}": {
            "min": 0.155,
            "med": 1.937,
            "max": 327.08,
            "p(90)": 13.096,
            "p(95)": 23.62709999999999,
            "avg": 7.703539027343451
        },
        "iteration_duration": {
            "max": 1565.348667,
            "p(90)": 1016.2758577,
            "p(95)": 1043.4946912999999,
            "avg": 1011.9319082466637,
            "min": 1000.217583,
            "med": 1002.358833
        },
        "http_req_receiving": {
            "min": 0.003,
            "med": 0.01,
            "max": 154.648,
            "p(90)": 0.034,
            "p(95)": 0.051,
            "avg": 0.0320612854404229
        },
        "http_req_failed": {
            "passes": 0,
            "fails": 99110,
            "value": 0
        }
    }
}