{
    "root_group": {
        "checks": {
            "status is 200": {
                "path": "::status is 200",
                "id": "6210a8cd14cd70477eba5c5e4cb3fb5f",
                "passes": 99639,
                "fails": 0,
                "name": "status is 200"
            }
        },
        "name": "",
        "path": "",
        "id": "d41d8cd98f00b204e9800998ecf8427e",
        "groups": {}
    },
    "metrics": {
        "http_req_waiting": {
            "med": 1.848,
            "max": 287.07,
            "p(90)": 13.184,
            "p(95)": 29.978,
            "avg": 7.869370547677132,
            "min": 0.164
        },
        "http_req_tls_handshaking": {
            "med": 0,
            "max": 0,
            "p(90)": 0,
            "p(95)": 0,
            "avg": 0,
            "min": 0
        },
        "http_req_receiving": {
            "p(90)": 0.036,
            "p(95)": 0.051,
            "avg": 0.028937112977853726,
            "min": 0.003,
            "med": 0.011,
            "max": 126.82
        },
        "iteration_duration": {
            "avg": 1009.9171224771833,
            "min": 1000.226125,
            "med": 1002.333209,
            "max": 1404.911542,
            "p(90)": 1017.226342,
            "p(95)": 1038.5591205
        },
        "http_req_connecting": {
            "avg": 0.6087479099549368,
            "min": 0,
            "med": 0,
            "max": 128.956,
            "p(90)": 0,
            "p(95)": 0
        },
        "http_req_failed": {
            "passes": 0,
            "fails": 99639,
            "value": 0
        },
        "data_received": {
            "count": 10462095,
            "rate": 103574.60515906345
        },
        "http_reqs": {
            "count": 99639,
            "rate": 986.4248110386994
        },
        "data_sent": {
            "count": 6974730,
            "rate": 69049.73677270896
        },
        "http_req_duration": {
            "min": 0.175,
            "med": 1.886,
            "max": 287.373,
            "p(90)": 13.515200000000002,
            "p(95)": 30.923299999999983,
            "avg": 8.068287186744012
        },
        "http_req_blocked": {
            "avg": 0.7281827196168563,
            "min": 0,
            "med": 0.002,
            "max": 146.056,
            "p(90)": 0.007,
            "p(95)": 0.014
        },
        "vus_max": {
            "value": 1000,
            "min": 1000,
            "max": 1000
        },
        "iterations": {
            "count": 99639,
            "rate": 986.4248110386994
        },
        "http_req_sending": {
            "med": 0.005,
            "max": 150.52,
            "p(90)": 0.028,
            "p(95)": 0.075,
            "avg": 0.16997952608936895,
            "min": 0.001
        },
        "checks": {
            "passes": 99639,
            "fails": 0,
            "value": 1
        },
        "vus": {
            "max": 1000,
            "value": 206,
            "min": 206
        },
        "http_req_duration{expected_response:true}": {
            "p(90)": 13.515200000000002,
            "p(95)": 30.923299999999983,
            "avg": 8.068287186744012,
            "min": 0.175,
            "med": 1.886,
            "max": 287.373
        }
    }
}