{
    "metrics": {
        "checks": {
            "passes": 99554,
            "fails": 0,
            "value": 1
        },
        "http_reqs": {
            "count": 99554,
            "rate": 985.6164391563271
        },
        "vus_max": {
            "max": 1000,
            "value": 1000,
            "min": 1000
        },
        "vus": {
            "max": 1000,
            "value": 403,
            "min": 403
        },
        "iterations": {
            "count": 99554,
            "rate": 985.6164391563271
        },
        "data_sent": {
            "count": 6968780,
            "rate": 68993.1507409429
        },
        "http_req_duration{expected_response:true}": {
            "avg": 6.7696002772364,
            "min": 0.176,
            "med": 2.154,
            "max": 228.207,
            "p(90)": 13.448700000000002,
            "p(95)": 24.856349999999996
        },
        "http_req_waiting": {
            "med": 2.112,
            "max": 185.559,
            "p(90)": 12.953,
            "p(95)": 23.083199999999948,
            "avg": 6.469545221688867,
            "min": 0.167
        },
        "http_req_failed": {
            "passes": 0,
            "fails": 99554,
            "value": 0
        },
        "http_req_connecting": {
            "max": 160.139,
            "p(90)": 0,
            "p(95)": 0,
            "avg": 0.7578626674970363,
            "min": 0,
            "med": 0
        },
        "http_req_receiving": {
            "max": 91.263,
            "p(90)": 0.033,
            "p(95)": 0.05,
            "avg": 0.05525910561102695,
            "min": 0.003,
            "med": 0.011
        },
        "iteration_duration": {
            "avg": 1009.5038254407859,
            "min": 1000.216333,
            "med": 1002.667417,
            "max": 1336.85375,
            "p(90)": 1016.2057213,
            "p(95)": 1032.4428835499998
        },
        "http_req_duration": {
            "p(95)": 24.856349999999996,
            "avg": 6.7696002772364,
            "min": 0.176,
            "med": 2.154,
            "max": 228.207,
            "p(90)": 13.448700000000002
        },
        "http_req_blocked": {
            "p(90)": 0.005,
            "p(95)": 0.009,
            "avg": 0.8469419109217913,
            "min": 0,
            "med": 0.002,
            "max": 174.956
        },
        "http_req_sending": {
            "med": 0.005,
            "max": 187.942,
            "p(90)": 0.03170000000000221,
            "p(95)": 0.102,
            "avg": 0.24479594993708814,
            "min": 0.001
        },
        "data_received": {
            "count": 10453170,
            "rate": 103489.72611141436
        },
        "http_req_tls_handshaking": {
            "max": 0,
            "p(90)": 0,
            "p(95)": 0,
            "avg": 0,
            "min": 0,
            "med": 0
        }
    },
    "root_group": {
        "name": "",
        "path": "",
        "id": "d41d8cd98f00b204e9800998ecf8427e",
        "groups": {},
        "checks": {
                "status is 200": {
                    "name": "status is 200",
                    "path": "::status is 200",
                    "id": "6210a8cd14cd70477eba5c5e4cb3fb5f",
                    "passes": 99554,
                    "fails": 0
                }
            }
    }
}