{
    "metrics": {
        "http_req_sending": {
            "avg": 0.103200730234214,
            "min": 0.002,
            "med": 0.012,
            "max": 53.367,
            "p(90)": 0.044,
            "p(95)": 0.098
        },
        "iteration_duration": {
            "avg": 1057.6135201495174,
            "min": 1000.536833,
            "med": 1003.7838125000001,
            "max": 5730.487125,
            "p(90)": 1056.6678411,
            "p(95)": 1384.2122268999992
        },
        "iterations": {
            "count": 95038,
            "rate": 941.8622405715242
        },
        "http_reqs": {
            "count": 95038,
            "rate": 941.8622405715242
        },
        "http_req_receiving": {
            "max": 719.937,
            "p(90)": 0.102,
            "p(95)": 0.2,
            "avg": 0.14773910435826468,
            "min": 0.005,
            "med": 0.023
        },
        "data_sent": {
            "count": 6652660,
            "rate": 65930.35684000669
        },
        "http_req_failed": {
            "passes": 0,
            "fails": 95038,
            "value": 0
        },
        "data_received": {
            "count": 9978990,
            "rate": 98895.53526001005
        },
        "http_req_waiting": {
            "avg": 55.46976417853942,
            "min": 0.273,
            "med": 3.1505,
            "max": 4714.909,
            "p(90)": 54.983200000000004,
            "p(95)": 348.5474999999998
        },
        "checks": {
            "passes": 95038,
            "fails": 0,
            "value": 1
        },
        "vus_max": {
            "value": 1000,
            "min": 1000,
            "max": 1000
        },
        "vus": {
            "value": 1000,
            "min": 1000,
            "max": 1000
        },
        "http_req_duration": {
            "max": 4714.973,
            "p(90)": 55.48870000000004,
            "p(95)": 350.8229999999982,
            "avg": 55.720704013131034,
            "min": 0.349,
            "med": 3.232
        },
        "http_req_tls_handshaking": {
            "p(95)": 0,
            "avg": 0,
            "min": 0,
            "med": 0,
            "max": 0,
            "p(90)": 0
        },
        "http_req_blocked": {
            "max": 149.264,
            "p(90)": 0.502,
            "p(95)": 1.0471499999999958,
            "avg": 1.3598790589027592,
            "min": 0.046,
            "med": 0.19
        },
        "http_req_duration{expected_response:true}": {
            "avg": 55.720704013131034,
            "min": 0.349,
            "med": 3.232,
            "max": 4714.973,
            "p(90)": 55.48870000000004,
            "p(95)": 350.8229999999982
        },
        "http_req_connecting": {
            "med": 0.167,
            "max": 144.502,
            "p(90)": 0.436,
            "p(95)": 0.8641499999999958,
            "avg": 1.2846916391338172,
            "min": 0.037
        }
    },
    "root_group": {
        "name": "",
        "path": "",
        "id": "d41d8cd98f00b204e9800998ecf8427e",
        "groups": {},
        "checks": {
                "status is 200": {
                    "id": "6210a8cd14cd70477eba5c5e4cb3fb5f",
                    "passes": 95038,
                    "fails": 0,
                    "name": "status is 200",
                    "path": "::status is 200"
                }
            }
    }
}