{
    "root_group": {
        "name": "",
        "path": "",
        "id": "d41d8cd98f00b204e9800998ecf8427e",
        "groups": {},
        "checks": {
                "status is 200": {
                    "id": "6210a8cd14cd70477eba5c5e4cb3fb5f",
                    "passes": 99133,
                    "fails": 0,
                    "name": "status is 200",
                    "path": "::status is 200"
                }
            }
    },
    "metrics": {
        "http_reqs": {
            "count": 99133,
            "rate": 980.8762913078606
        },
        "http_req_waiting": {
            "p(90)": 14.475,
            "p(95)": 27.326,
            "avg": 7.328582974387966,
            "min": 0.162,
            "med": 2.094,
            "max": 269.087
        },
        "http_req_receiving": {
            "p(95)": 0.055,
            "avg": 0.04867323696448637,
            "min": 0.003,
            "med": 0.01,
            "max": 25.115,
            "p(90)": 0.034
        },
        "checks": {
            "passes": 99133,
            "fails": 0,
            "value": 1
        },
        "http_req_duration{expected_response:true}": {
            "med": 2.137,
            "max": 296.269,
            "p(90)": 14.887800000000002,
            "p(95)": 28.33279999999999,
            "avg": 7.692138995087451,
            "min": 0.175
        },
        "iteration_duration": {
            "max": 1442.161958,
            "p(90)": 1018.180167,
            "p(95)": 1032.6909918000001,
            "avg": 1010.0444960269259,
            "min": 1000.21775,
            "med": 1002.54725
        },
        "iterations": {
            "count": 99133,
            "rate": 980.8762913078606
        },
        "data_sent": {
            "count": 6939310,
            "rate": 68661.34039155024
        },
        "data_received": {
            "count": 10408965,
            "rate": 102992.01058732536
        },
        "http_req_connecting": {
            "p(95)": 0,
            "avg": 1.3708191621357175,
            "min": 0,
            "med": 0,
            "max": 271.104,
            "p(90)": 0
        },
        "vus_max": {
            "value": 1000,
            "min": 1000,
            "max": 1000
        },
        "http_req_tls_handshaking": {
            "p(95)": 0,
            "avg": 0,
            "min": 0,
            "med": 0,
            "max": 0,
            "p(90)": 0
        },
        "http_req_duration": {
            "med": 2.137,
            "max": 296.269,
            "p(90)": 14.887800000000002,
            "p(95)": 28.33279999999999,
            "avg": 7.692138995087451,
            "min": 0.175
        },
        "http_req_failed": {
            "passes": 0,
            "fails": 99133,
            "value": 0
        },
        "http_req_sending": {
            "p(90)": 0.032,
            "p(95)": 0.106,
            "avg": 0.3148827837354575,
            "min": 0.001,
            "med": 0.005,
            "max": 114.555
        },
        "vus": {
            "min": 126,
            "max": 1000,
            "value": 126
        },
        "http_req_blocked": {
            "min": 0,
            "med": 0.002,
            "max": 277.651,
            "p(90)": 0.005,
            "p(95)": 0.01,
            "avg": 1.4305183440399956
        }
    }
}