{
    "root_group": {
        "name": "",
        "path": "",
        "id": "d41d8cd98f00b204e9800998ecf8427e",
        "groups": {},
        "checks": {
                "status is 200": {
                    "id": "6210a8cd14cd70477eba5c5e4cb3fb5f",
                    "passes": 94451,
                    "fails": 0,
                    "name": "status is 200",
                    "path": "::status is 200"
                }
            }
    },
    "metrics": {
        "vus_max": {
            "min": 1000,
            "max": 1000,
            "value": 1000
        },
        "checks": {
            "passes": 94451,
            "fails": 0,
            "value": 1
        },
        "http_req_tls_handshaking": {
            "avg": 0,
            "min": 0,
            "med": 0,
            "max": 0,
            "p(90)": 0,
            "p(95)": 0
        },
        "vus": {
            "value": 85,
            "min": 85,
            "max": 1000
        },
        "data_received": {
            "rate": 98178.98023974473,
            "count": 9917355
        },
        "iterations": {
            "count": 94451,
            "rate": 935.037907045188
        },
        "http_req_sending": {
            "avg": 0.14792654392221707,
            "min": 0.002,
            "med": 0.013,
            "max": 59.032,
            "p(90)": 0.053,
            "p(95)": 0.14
        },
        "http_req_waiting": {
            "avg": 60.67172314745175,
            "min": 0.237,
            "med": 4.219,
            "max": 4112.792,
            "p(90)": 104.383,
            "p(95)": 313.0169999999998
        },
        "http_req_connecting": {
            "max": 128.571,
            "p(90)": 0.532,
            "p(95)": 1.1294999999999957,
            "avg": 1.193500778181284,
            "min": 0.052,
            "med": 0.176
        },
        "data_sent": {
            "count": 6611570,
            "rate": 65452.65349316316
        },
        "http_req_receiving": {
            "max": 584.738,
            "p(90)": 0.107,
            "p(95)": 0.211,
            "avg": 0.12311790240442642,
            "min": 0.004,
            "med": 0.022
        },
        "http_reqs": {
            "count": 94451,
            "rate": 935.037907045188
        },
        "http_req_duration": {
            "avg": 60.942767593778896,
            "min": 0.316,
            "med": 4.316,
            "max": 4112.874,
            "p(90)": 105.298,
            "p(95)": 314.03799999999995
        },
        "iteration_duration": {
            "avg": 1062.7717794820408,
            "min": 1000.442291,
            "med": 1005.079125,
            "max": 5186.902208,
            "p(90)": 1112.509291,
            "p(95)": 1330.9864999999988
        },
        "http_req_blocked": {
            "min": 0.059,
            "med": 0.202,
            "max": 131.521,
            "p(90)": 0.632,
            "p(95)": 1.394,
            "avg": 1.2681311897174314
        },
        "http_req_failed": {
            "passes": 0,
            "fails": 94451,
            "value": 0
        },
        "http_req_duration{expected_response:true}": {
            "avg": 60.942767593778896,
            "min": 0.316,
            "med": 4.316,
            "max": 4112.874,
            "p(90)": 105.298,
            "p(95)": 314.03799999999995
        }
    }
}