{
    "root_group": {
        "name": "",
        "path": "",
        "id": "d41d8cd98f00b204e9800998ecf8427e",
        "groups": {},
        "checks": {
                "status is 200": {
                    "path": "::status is 200",
                    "id": "6210a8cd14cd70477eba5c5e4cb3fb5f",
                    "passes": 97273,
                    "fails": 0,
                    "name": "status is 200"
                }
            }
    },
    "metrics": {
        "http_reqs": {
            "count": 97273,
            "rate": 962.5241066410175
        },
        "checks": {
            "passes": 97273,
            "fails": 0,
            "value": 1
        },
        "data_received": {
            "count": 10213665,
            "rate": 101065.03119730685
        },
        "vus_max": {
            "max": 1000,
            "value": 1000,
            "min": 1000
        },
        "http_req_waiting": {
            "avg": 31.90982456591236,
            "min": 0.286,
            "med": 2.722,
            "max": 4090.997,
            "p(90)": 36.129800000000024,
            "p(95)": 123.79539999999999
        },
        "http_req_duration{expected_response:true}": {
            "avg": 32.276262652534136,
            "min": 0.321,
            "med": 2.795,
            "max": 4091.054,
            "p(90)": 36.44400000000001,
            "p(95)": 125.11999999999992
        },
        "http_req_blocked": {
            "avg": 0.8764023315822543,
            "min": 0.041,
            "med": 0.187,
            "max": 260.925,
            "p(90)": 0.524,
            "p(95)": 1.117
        },
        "http_req_connecting": {
            "max": 252.94,
            "p(90)": 0.462,
            "p(95)": 0.965,
            "avg": 0.7520812250059264,
            "min": 0.035,
            "med": 0.164
        },
        "http_req_sending": {
            "p(95)": 0.085,
            "avg": 0.28518992937395843,
            "min": 0.003,
            "med": 0.012,
            "max": 156.251,
            "p(90)": 0.042
        },
        "iteration_duration": {
            "avg": 1034.1185164632109,
            "min": 1000.501584,
            "med": 1003.319875,
            "max": 5090.83025,
            "p(90)": 1039.6424834,
            "p(95)": 1135.0076166000001
        },
        "iterations": {
            "count": 97273,
            "rate": 962.5241066410175
        },
        "http_req_tls_handshaking": {
            "avg": 0,
            "min": 0,
            "med": 0,
            "max": 0,
            "p(90)": 0,
            "p(95)": 0
        },
        "data_sent": {
            "count": 6809110,
            "rate": 67376.68746487123
        },
        "http_req_duration": {
            "med": 2.795,
            "max": 4091.054,
            "p(90)": 36.44400000000001,
            "p(95)": 125.11999999999992,
            "avg": 32.276262652534136,
            "min": 0.321
        },
        "http_req_failed": {
            "passes": 0,
            "fails": 97273,
            "value": 0
        },
        "vus": {
            "max": 1000,
            "value": 220,
            "min": 220
        },
        "http_req_receiving": {
            "avg": 0.0812481572481626,
            "min": 0.004,
            "med": 0.022,
            "max": 490.401,
            "p(90)": 0.097,
            "p(95)": 0.183
        }
    }
}