{
    "root_group": {
        "name": "",
        "path": "",
        "id": "d41d8cd98f00b204e9800998ecf8427e",
        "groups": {},
        "checks": {
                "status is 200": {
                    "name": "status is 200",
                    "path": "::status is 200",
                    "id": "6210a8cd14cd70477eba5c5e4cb3fb5f",
                    "passes": 98385,
                    "fails": 0
                }
            }
    },
    "metrics": {
        "vus_max": {
            "min": 1000,
            "max": 1000,
            "value": 1000
        },
        "http_req_duration": {
            "med": 2.924,
            "max": 4063.122,
            "p(90)": 23.525,
            "p(95)": 50.262199999999915,
            "avg": 19.585105371753688,
            "min": 0.327
        },
        "http_req_duration{expected_response:true}": {
            "max": 4063.122,
            "p(90)": 23.525,
            "p(95)": 50.262199999999915,
            "avg": 19.585105371753688,
            "min": 0.327,
            "med": 2.924
        },
        "iteration_duration": {
            "min": 1000.502,
            "med": 1003.374708,
            "max": 5063.5725,
            "p(90)": 1024.8021168,
            "p(95)": 1051.2187000000001,
            "avg": 1020.2628307911145
        },
        "checks": {
            "passes": 98385,
            "fails": 0,
            "value": 1
        },
        "vus": {
            "value": 1000,
            "min": 1000,
            "max": 1000
        },
        "data_received": {
            "count": 10330425,
            "rate": 102491.80768962512
        },
        "iterations": {
            "count": 98385,
            "rate": 976.1124541869059
        },
        "http_reqs": {
            "count": 98385,
            "rate": 976.1124541869059
        },
        "http_req_sending": {
            "avg": 0.16788354932146865,
            "min": 0.003,
            "med": 0.011,
            "max": 208.507,
            "p(90)": 0.035,
            "p(95)": 0.054
        },
        "http_req_receiving": {
            "avg": 0.07512919652386203,
            "min": 0.004,
            "med": 0.021,
            "max": 284.046,
            "p(90)": 0.09,
            "p(95)": 0.179
        },
        "http_req_blocked": {
            "avg": 0.38833589469939267,
            "min": 0.044,
            "med": 0.181,
            "max": 190.376,
            "p(90)": 0.425,
            "p(95)": 0.703
        },
        "http_req_tls_handshaking": {
            "max": 0,
            "p(90)": 0,
            "p(95)": 0,
            "avg": 0,
            "min": 0,
            "med": 0
        },
        "data_sent": {
            "count": 6886950,
            "rate": 68327.87179308341
        },
        "http_req_failed": {
            "passes": 0,
            "fails": 98385,
            "value": 0
        },
        "http_req_waiting": {
            "avg": 19.342092625908474,
            "min": 0.296,
            "med": 2.858,
            "max": 4062.969,
            "p(90)": 23.273,
            "p(95)": 49.73159999999999
        },
        "http_req_connecting": {
            "max": 43.012,
            "p(90)": 0.388,
            "p(95)": 0.629,
            "avg": 0.3335568633429878,
            "min": 0.038,
            "med": 0.16
        }
    }
}