{
    "root_group": {
        "name": "",
        "path": "",
        "id": "d41d8cd98f00b204e9800998ecf8427e",
        "groups": {},
        "checks": {
                "status is 200": {
                    "name": "status is 200",
                    "path": "::status is 200",
                    "id": "6210a8cd14cd70477eba5c5e4cb3fb5f",
                    "passes": 83233,
                    "fails": 26
                }
            }
    },
    "metrics": {
        "http_reqs": {
            "count": 83259,
            "rate": 824.3241881225042
        },
        "vus_max": {
            "value": 1000,
            "min": 1000,
            "max": 1000
        },
        "data_sent": {
            "count": 5828130,
            "rate": 57702.69316857529
        },
        "iteration_duration": {
            "p(95)": 2204.801132999999,
            "avg": 1207.2543073441384,
            "min": 1000.542667,
            "med": 1006.947375,
            "max": 28500.355333,
            "p(90)": 1491.9275578000002
        },
        "http_req_duration": {
            "avg": 198.23085166768638,
            "min": 0.356,
            "med": 5.592,
            "max": 27366.868,
            "p(90)": 476.002,
            "p(95)": 1090.7584999999997
        },
        "data_received": {
            "count": 8740329,
            "rate": 86535.56500616846
        },
        "iterations": {
            "count": 83259,
            "rate": 824.3241881225042
        },
        "checks": {
            "passes": 83233,
            "fails": 26,
            "value": 0.9996877214475312
        },
        "http_req_tls_handshaking": {
            "max": 0,
            "p(90)": 0,
            "p(95)": 0,
            "avg": 0,
            "min": 0,
            "med": 0
        },
        "vus": {
            "value": 52,
            "min": 52,
            "max": 1000
        },
        "http_req_connecting": {
            "min": 0.047,
            "med": 0.203,
            "max": 608.708,
            "p(90)": 1.271,
            "p(95)": 6.610499999999981,
            "avg": 5.751955440252729
        },
        "http_req_duration{expected_response:true}": {
            "avg": 196.90795579878042,
            "min": 0.356,
            "med": 5.588,
            "max": 27366.868,
            "p(90)": 473.4290000000003,
            "p(95)": 1082.31
        },
        "http_req_sending": {
            "min": 0.003,
            "med": 0.014,
            "max": 279.311,
            "p(90)": 0.12,
            "p(95)": 0.435,
            "avg": 0.34249264343788
        },
        "http_req_waiting": {
            "avg": 197.4379352502415,
            "min": 0.295,
            "med": 5.465,
            "max": 27366.679,
            "p(90)": 474.3900000000002,
            "p(95)": 1087.5675999999985
        },
        "http_req_receiving": {
            "med": 0.024,
            "max": 1404.383,
            "p(90)": 0.178,
            "p(95)": 0.416,
            "avg": 0.4504237740063555,
            "min": 0
        },
        "http_req_failed": {
            "passes": 26,
            "fails": 83233,
            "value": 0.0003122785524688022
        },
        "http_req_blocked": {
            "p(95)": 7.927199999999992,
            "avg": 6.410798616365828,
            "min": 0.057,
            "med": 0.232,
            "max": 707.496,
            "p(90)": 1.597200000000002
        }
    }
}