{
    "metrics": {
        "data_received": {
            "rate": 102239.74868791533,
            "count": 10304490
        },
        "http_reqs": {
            "count": 98138,
            "rate": 973.7118922658603
        },
        "http_req_duration{expected_response:true}": {
            "avg": 21.870838951272713,
            "min": 0.287,
            "med": 2.874,
            "max": 4000.736,
            "p(90)": 25.00520000000001,
            "p(95)": 59.158599999999986
        },
        "http_req_sending": {
            "min": 0.003,
            "med": 0.012,
            "max": 192.722,
            "p(90)": 0.039,
            "p(95)": 0.067,
            "avg": 0.12261531720636566
        },
        "http_req_receiving": {
            "p(90)": 0.092,
            "p(95)": 0.18,
            "avg": 0.07058342334264157,
            "min": 0.004,
            "med": 0.022,
            "max": 52.787
        },
        "iteration_duration": {
            "avg": 1023.5123490416522,
            "min": 1000.479833,
            "med": 1003.3511455,
            "max": 5131.548333,
            "p(90)": 1026.7698499,
            "p(95)": 1062.55873305
        },
        "http_req_duration": {
            "avg": 21.870838951272713,
            "min": 0.287,
            "med": 2.874,
            "max": 4000.736,
            "p(90)": 25.00520000000001,
            "p(95)": 59.158599999999986
        },
        "checks": {
            "passes": 98138,
            "fails": 0,
            "value": 1
        },
        "data_sent": {
            "count": 6869660,
            "rate": 68159.83245861022
        },
        "http_req_blocked": {
            "med": 0.185,
            "max": 226.769,
            "p(90)": 0.468,
            "p(95)": 0.929,
            "avg": 1.222475554830937,
            "min": 0.047
        },
        "http_req_waiting": {
            "p(90)": 24.81320000000001,
            "p(95)": 58.75844999999999,
            "avg": 21.677640210723805,
            "min": 0.257,
            "med": 2.803,
            "max": 4000.622
        },
        "vus": {
            "min": 1000,
            "max": 1000,
            "value": 1000
        },
        "vus_max": {
            "value": 1000,
            "min": 1000,
            "max": 1000
        },
        "http_req_tls_handshaking": {
            "p(95)": 0,
            "avg": 0,
            "min": 0,
            "med": 0,
            "max": 0,
            "p(90)": 0
        },
        "iterations": {
            "count": 98138,
            "rate": 973.7118922658603
        },
        "http_req_connecting": {
            "max": 170.765,
            "p(90)": 0.416,
            "p(95)": 0.819,
            "avg": 1.1263101041390708,
            "min": 0.04,
            "med": 0.162
        },
        "http_req_failed": {
            "passes": 0,
            "fails": 98138,
            "value": 0
        }
    },
    "root_group": {
        "checks": {
            "status is 200": {
                "path": "::status is 200",
                "id": "6210a8cd14cd70477eba5c5e4cb3fb5f",
                "passes": 98138,
                "fails": 0,
                "name": "status is 200"
            }
        },
        "name": "",
        "path": "",
        "id": "d41d8cd98f00b204e9800998ecf8427e",
        "groups": {}
    }
}