{
    "root_group": {
        "name": "",
        "path": "",
        "id": "d41d8cd98f00b204e9800998ecf8427e",
        "groups": {},
        "checks": {
                "status is 200": {
                    "fails": 0,
                    "name": "status is 200",
                    "path": "::status is 200",
                    "id": "6210a8cd14cd70477eba5c5e4cb3fb5f",
                    "passes": 99428
                }
            }
    },
    "metrics": {
        "data_sent": {
            "count": 6959960,
            "rate": 68951.75004212916
        },
        "iterations": {
            "rate": 985.0250006018452,
            "count": 99428
        },
        "http_req_connecting": {
            "med": 0,
            "max": 84.58,
            "p(90)": 0,
            "p(95)": 0,
            "avg": 0.2942024379450457,
            "min": 0
        },
        "data_received": {
            "count": 10439940,
            "rate": 103427.62506319374
        },
        "vus": {
            "value": 324,
            "min": 324,
            "max": 1000
        },
        "http_req_duration{expected_response:true}": {
            "p(90)": 18.393900000000006,
            "p(95)": 40.04419999999996,
            "avg": 8.607314770487063,
            "min": 0.172,
            "med": 2.532,
            "max": 253.802
        },
        "http_req_waiting": {
            "med": 2.474,
            "max": 218.589,
            "p(90)": 17.890200000000007,
            "p(95)": 37.65354999999997,
            "avg": 8.311965351812402,
            "min": 0.166
        },
        "checks": {
            "passes": 99428,
            "fails": 0,
            "value": 1
        },
        "iteration_duration": {
            "avg": 1011.4405280546671,
            "min": 1000.2105,
            "med": 1003.097667,
            "max": 1331.827833,
            "p(90)": 1020.9268955,
            "p(95)": 1053.9942620499999
        },
        "vus_max": {
            "value": 1000,
            "min": 1000,
            "max": 1000
        },
        "http_req_blocked": {
            "min": 0,
            "med": 0.002,
            "max": 145.186,
            "p(90)": 0.007,
            "p(95)": 0.016,
            "avg": 0.809641680411118
        },
        "http_req_failed": {
            "passes": 0,
            "fails": 99428,
            "value": 0
        },
        "http_req_receiving": {
            "avg": 0.05347196966648971,
            "min": 0.003,
            "med": 0.011,
            "max": 58.703,
            "p(90)": 0.037,
            "p(95)": 0.06
        },
        "http_req_sending": {
            "med": 0.006,
            "max": 158.02,
            "p(90)": 0.04,
            "p(95)": 0.164,
            "avg": 0.241877449008618,
            "min": 0.001
        },
        "http_reqs": {
            "count": 99428,
            "rate": 985.0250006018452
        },
        "http_req_duration": {
            "avg": 8.607314770487063,
            "min": 0.172,
            "med": 2.532,
            "max": 253.802,
            "p(90)": 18.393900000000006,
            "p(95)": 40.04419999999996
        },
        "http_req_tls_handshaking": {
            "max": 0,
            "p(90)": 0,
            "p(95)": 0,
            "avg": 0,
            "min": 0,
            "med": 0
        }
    }
}