{
    "metrics": {
        "http_req_connecting": {
            "max": 146.164,
            "p(90)": 0,
            "p(95)": 0,
            "avg": 0.637247038271555,
            "min": 0,
            "med": 0
        },
        "http_req_waiting": {
            "min": 0.17,
            "med": 2.167,
            "max": 290.133,
            "p(90)": 12.669700000000002,
            "p(95)": 26.420549999999984,
            "avg": 7.123268101682738
        },
        "http_reqs": {
            "count": 99604,
            "rate": 986.181352120931
        },
        "http_req_duration{expected_response:true}": {
            "p(95)": 27.124,
            "avg": 7.3055879281955205,
            "min": 0.181,
            "med": 2.207,
            "max": 290.305,
            "p(90)": 12.889
        },
        "http_req_tls_handshaking": {
            "med": 0,
            "max": 0,
            "p(90)": 0,
            "p(95)": 0,
            "avg": 0,
            "min": 0
        },
        "iteration_duration": {
            "max": 1416.875958,
            "p(90)": 1016.1767464,
            "p(95)": 1032.2397750500002,
            "avg": 1009.2790402902168,
            "min": 1000.233709,
            "med": 1002.6894165
        },
        "http_req_duration": {
            "avg": 7.3055879281955205,
            "min": 0.181,
            "med": 2.207,
            "max": 290.305,
            "p(90)": 12.889,
            "p(95)": 27.124
        },
        "checks": {
            "passes": 99604,
            "fails": 0,
            "value": 1
        },
        "vus_max": {
            "max": 1000,
            "value": 1000,
            "min": 1000
        },
        "data_sent": {
            "count": 6972280,
            "rate": 69032.69464846517
        },
        "http_req_sending": {
            "max": 123.979,
            "p(90)": 0.03,
            "p(95)": 0.09484999999999558,
            "avg": 0.15489902011977974,
            "min": 0.001,
            "med": 0.005
        },
        "http_req_receiving": {
            "avg": 0.027420806393322974,
            "min": 0.003,
            "med": 0.01,
            "max": 22.238,
            "p(90)": 0.034,
            "p(95)": 0.05184999999999557
        },
        "http_req_failed": {
            "passes": 0,
            "fails": 99604,
            "value": 0
        },
        "data_received": {
            "count": 10458420,
            "rate": 103549.04197269776
        },
        "iterations": {
            "count": 99604,
            "rate": 986.181352120931
        },
        "http_req_blocked": {
            "avg": 0.6706981747711424,
            "min": 0,
            "med": 0.002,
            "max": 156.754,
            "p(90)": 0.007,
            "p(95)": 0.013
        },
        "vus": {
            "value": 61,
            "min": 61,
            "max": 1000
        }
    },
    "root_group": {
        "name": "",
        "path": "",
        "id": "d41d8cd98f00b204e9800998ecf8427e",
        "groups": {},
        "checks": {
                "status is 200": {
                    "fails": 0,
                    "name": "status is 200",
                    "path": "::status is 200",
                    "id": "6210a8cd14cd70477eba5c5e4cb3fb5f",
                    "passes": 99604
                }
            }
    }
}