{
    "root_group": {
        "checks": {
            "status is 200": {
                "fails": 0,
                "name": "status is 200",
                "path": "::status is 200",
                "id": "6210a8cd14cd70477eba5c5e4cb3fb5f",
                "passes": 93265
            }
        },
        "name": "",
        "path": "",
        "id": "d41d8cd98f00b204e9800998ecf8427e",
        "groups": {}
    },
    "metrics": {
        "vus": {
            "value": 42,
            "min": 42,
            "max": 1000
        },
        "http_req_duration": {
            "max": 4164.003,
            "p(90)": 191.93500000000012,
            "p(95)": 476.7733999999999,
            "avg": 72.46001265212045,
            "min": 0.32,
            "med": 4.331
        },
        "http_reqs": {
            "count": 93265,
            "rate": 923.4166918589342
        },
        "http_req_failed": {
            "fails": 93265,
            "passes": 0,
            "value": 0
        },
        "http_req_receiving": {
            "p(95)": 0.232,
            "avg": 0.1421292982362135,
            "min": 0.005,
            "med": 0.024,
            "max": 1019.078,
            "p(90)": 0.115
        },
        "http_req_blocked": {
            "med": 0.216,
            "max": 270.073,
            "p(90)": 0.8,
            "p(95)": 2.078,
            "avg": 1.8302654693614968,
            "min": 0.049
        },
        "http_req_tls_handshaking": {
            "p(90)": 0,
            "p(95)": 0,
            "avg": 0,
            "min": 0,
            "med": 0,
            "max": 0
        },
        "http_req_waiting": {
            "avg": 72.16697323754855,
            "min": 0.283,
            "med": 4.243,
            "max": 4163.606,
            "p(90)": 190.83700000000013,
            "p(95)": 475.70619999999974
        },
        "iteration_duration": {
            "min": 1000.503875,
            "med": 1005.075375,
            "max": 5212.3275,
            "p(90)": 1201.8356248000002,
            "p(95)": 1484.9342663999998,
            "avg": 1075.1012920862843
        },
        "http_req_duration{expected_response:true}": {
            "avg": 72.46001265212045,
            "min": 0.32,
            "med": 4.331,
            "max": 4164.003,
            "p(90)": 191.93500000000012,
            "p(95)": 476.7733999999999
        },
        "checks": {
            "passes": 93265,
            "fails": 0,
            "value": 1
        },
        "data_sent": {
            "count": 6528550,
            "rate": 64639.16843012539
        },
        "iterations": {
            "count": 93265,
            "rate": 923.4166918589342
        },
        "http_req_connecting": {
            "avg": 1.7103139012491382,
            "min": 0.037,
            "med": 0.188,
            "max": 212.578,
            "p(90)": 0.661,
            "p(95)": 1.541
        },
        "http_req_sending": {
            "p(95)": 0.18379999999999586,
            "avg": 0.15091011633517656,
            "min": 0.002,
            "med": 0.014,
            "max": 118.867,
            "p(90)": 0.061
        },
        "data_received": {
            "count": 9792825,
            "rate": 96958.75264518808
        },
        "vus_max": {
            "value": 1000,
            "min": 1000,
            "max": 1000
        }
    }
}