{
    "root_group": {
        "name": "",
        "path": "",
        "id": "d41d8cd98f00b204e9800998ecf8427e",
        "groups": {},
        "checks": {
                "status is 200": {
                    "name": "status is 200",
                    "path": "::status is 200",
                    "id": "6210a8cd14cd70477eba5c5e4cb3fb5f",
                    "passes": 96047,
                    "fails": 0
                }
            }
    },
    "metrics": {
        "http_req_tls_handshaking": {
            "p(90)": 0,
            "p(95)": 0,
            "avg": 0,
            "min": 0,
            "med": 0,
            "max": 0
        },
        "http_reqs": {
            "rate": 951.3325837199318,
            "count": 96047
        },
        "http_req_receiving": {
            "avg": 0.11921714369007275,
            "min": 0.004,
            "med": 0.022,
            "max": 713.389,
            "p(90)": 0.105,
            "p(95)": 0.21
        },
        "http_req_connecting": {
            "max": 139.99,
            "p(90)": 0.54,
            "p(95)": 1.209,
            "avg": 0.9934661571938678,
            "min": 0.046,
            "med": 0.182
        },
        "vus": {
            "value": 164,
            "min": 164,
            "max": 1000
        },
        "data_received": {
            "count": 10084935,
            "rate": 99889.92129059283
        },
        "http_req_blocked": {
            "p(95)": 1.4116999999999957,
            "avg": 1.1313197913521413,
            "min": 0.055,
            "med": 0.206,
            "max": 157.879,
            "p(90)": 0.626
        },
        "data_sent": {
            "count": 6723290,
            "rate": 66593.28086039523
        },
        "vus_max": {
            "value": 1000,
            "min": 1000,
            "max": 1000
        },
        "iteration_duration": {
            "p(90)": 1051.3689998,
            "p(95)": 1244.8106329999998,
            "avg": 1045.3280051557092,
            "min": 1000.526042,
            "med": 1003.986833,
            "max": 5254.843917
        },
        "http_req_sending": {
            "max": 137.317,
            "p(90)": 0.046,
            "p(95)": 0.119,
            "avg": 0.18829105542071237,
            "min": 0.003,
            "med": 0.012
        },
        "http_req_failed": {
            "passes": 0,
            "fails": 96047,
            "value": 0
        },
        "http_req_duration": {
            "min": 0.354,
            "med": 3.357,
            "max": 4156.424,
            "p(90)": 47.65440000000002,
            "p(95)": 230.46699999999953,
            "avg": 43.479961529251284
        },
        "http_req_duration{expected_response:true}": {
            "p(90)": 47.65440000000002,
            "p(95)": 230.46699999999953,
            "avg": 43.479961529251284,
            "min": 0.354,
            "med": 3.357,
            "max": 4156.424
        },
        "http_req_waiting": {
            "p(90)": 46.88420000000004,
            "p(95)": 228.60689999999977,
            "avg": 43.1724533301401,
            "min": 0.304,
            "med": 3.287,
            "max": 4156.294
        },
        "checks": {
            "fails": 0,
            "passes": 96047,
            "value": 1
        },
        "iterations": {
            "rate": 951.3325837199318,
            "count": 96047
        }
    }
}