{
    "metrics": {
        "iteration_duration": {
            "p(90)": 1685.3645336000006,
            "p(95)": 2069.9730503999995,
            "avg": 1178.9049163896366,
            "min": 1000.563,
            "med": 1007.706583,
            "max": 34592.97775
        },
        "http_req_failed": {
            "passes": 0,
            "fails": 85053,
            "value": 0
        },
        "http_req_sending": {
            "p(95)": 0.429,
            "avg": 0.30827424076747,
            "min": 0.003,
            "med": 0.014,
            "max": 278.805,
            "p(90)": 0.11680000000000189
        },
        "http_req_connecting": {
            "p(90)": 0.899,
            "p(95)": 5.2247999999999735,
            "avg": 8.98248195830833,
            "min": 0,
            "med": 0.199,
            "max": 1163.689
        },
        "checks": {
            "fails": 0,
            "passes": 85053,
            "value": 1
        },
        "http_req_waiting": {
            "avg": 162.19314770789978,
            "min": 0.295,
            "med": 6.059,
            "max": 33592.891,
            "p(90)": 557.2408000000004,
            "p(95)": 1049.0759999999998
        },
        "http_req_receiving": {
            "min": 0.004,
            "med": 0.025,
            "max": 951.529,
            "p(90)": 0.146,
            "p(95)": 0.305,
            "avg": 0.24739583553783565
        },
        "http_req_blocked": {
            "min": 0.049,
            "med": 0.231,
            "max": 1675.92,
            "p(90)": 1.3058000000000018,
            "p(95)": 6.600399999999996,
            "avg": 9.812988230867878
        },
        "data_sent": {
            "count": 5953780,
            "rate": 58884.83082180349
        },
        "http_req_tls_handshaking": {
            "p(95)": 0,
            "avg": 0,
            "min": 0,
            "med": 0,
            "max": 0,
            "p(90)": 0
        },
        "vus": {
            "value": 148,
            "min": 148,
            "max": 1000
        },
        "http_reqs": {
            "count": 85053,
            "rate": 841.2019785559513
        },
        "http_req_duration{expected_response:true}": {
            "p(95)": 1049.7941999999996,
            "avg": 162.74881778420556,
            "min": 0.365,
            "med": 6.213,
            "max": 33593.017,
            "p(90)": 559.3864000000001
        },
        "http_req_duration": {
            "med": 6.213,
            "max": 33593.017,
            "p(90)": 559.3864000000001,
            "p(95)": 1049.7941999999996,
            "avg": 162.74881778420556,
            "min": 0.365
        },
        "vus_max": {
            "value": 1000,
            "min": 1000,
            "max": 1000
        },
        "iterations": {
            "count": 85053,
            "rate": 841.2019785559513
        },
        "data_received": {
            "count": 8930565,
            "rate": 88326.20774837489
        }
    },
    "root_group": {
        "id": "d41d8cd98f00b204e9800998ecf8427e",
        "groups": {},
        "checks": {
                "status is 200": {
                    "name": "status is 200",
                    "path": "::status is 200",
                    "id": "6210a8cd14cd70477eba5c5e4cb3fb5f",
                    "passes": 85053,
                    "fails": 0
                }
            },
        "name": "",
        "path": ""
    }
}