{
    "root_group": {
        "name": "",
        "path": "",
        "id": "d41d8cd98f00b204e9800998ecf8427e",
        "groups": {},
        "checks": {
                "status is 200": {
                    "passes": 97846,
                    "fails": 0,
                    "name": "status is 200",
                    "path": "::status is 200",
                    "id": "6210a8cd14cd70477eba5c5e4cb3fb5f"
                }
            }
    },
    "metrics": {
        "http_reqs": {
            "count": 97846,
            "rate": 969.0889102379986
        },
        "http_req_blocked": {
            "avg": 1.2567651002595654,
            "min": 0.048,
            "med": 0.207,
            "max": 161.664,
            "p(90)": 0.538,
            "p(95)": 0.901
        },
        "http_req_connecting": {
            "max": 136.942,
            "p(90)": 0.489,
            "p(95)": 0.809,
            "avg": 1.1657617684933543,
            "min": 0.041,
            "med": 0.185
        },
        "http_req_receiving": {
            "avg": 0.06663498763363335,
            "min": 0.005,
            "med": 0.021,
            "max": 162.145,
            "p(90)": 0.088,
            "p(95)": 0.178
        },
        "vus_max": {
            "value": 1000,
            "min": 1000,
            "max": 1000
        },
        "http_req_sending": {
            "min": 0.003,
            "med": 0.011,
            "max": 94.546,
            "p(90)": 0.039,
            "p(95)": 0.074,
            "avg": 0.16046231833693608
        },
        "http_req_waiting": {
            "p(95)": 62.63649999999994,
            "avg": 24.00272181795878,
            "min": 0.274,
            "med": 3.154,
            "max": 3082.179,
            "p(90)": 18.151000000000007
        },
        "data_sent": {
            "count": 6849220,
            "rate": 67836.2237166599
        },
        "iterations": {
            "rate": 969.0889102379986,
            "count": 97846
        },
        "http_req_duration": {
            "max": 3082.226,
            "p(90)": 18.38650000000001,
            "p(95)": 63.18649999999973,
            "avg": 24.22981912392965,
            "min": 0.377,
            "med": 3.228
        },
        "http_req_tls_handshaking": {
            "avg": 0,
            "min": 0,
            "med": 0,
            "max": 0,
            "p(90)": 0,
            "p(95)": 0
        },
        "vus": {
            "value": 23,
            "min": 23,
            "max": 1000
        },
        "iteration_duration": {
            "avg": 1026.2090539821954,
            "min": 1000.55075,
            "med": 1003.9702084999999,
            "max": 4084.359042,
            "p(90)": 1020.3365835,
            "p(95)": 1067.506958
        },
        "http_req_duration{expected_response:true}": {
            "p(95)": 63.18649999999973,
            "avg": 24.22981912392965,
            "min": 0.377,
            "med": 3.228,
            "max": 3082.226,
            "p(90)": 18.38650000000001
        },
        "checks": {
            "passes": 97846,
            "fails": 0,
            "value": 1
        },
        "data_received": {
            "count": 10273830,
            "rate": 101754.33557498985
        },
        "http_req_failed": {
            "passes": 0,
            "fails": 97846,
            "value": 0
        }
    }
}