{
    "root_group": {
        "checks": {
            "status is 200": {
                "name": "status is 200",
                "path": "::status is 200",
                "id": "6210a8cd14cd70477eba5c5e4cb3fb5f",
                "passes": 96784,
                "fails": 0
            }
        },
        "name": "",
        "path": "",
        "id": "d41d8cd98f00b204e9800998ecf8427e",
        "groups": {}
    },
    "metrics": {
        "http_req_duration{expected_response:true}": {
            "med": 3.566,
            "max": 1342.758,
            "p(90)": 29.559400000000004,
            "p(95)": 205.9099999999999,
            "avg": 36.55762020581918,
            "min": 0.374
        },
        "iterations": {
            "rate": 958.3593629171863,
            "count": 96784
        },
        "http_req_blocked": {
            "avg": 0.8636710406678714,
            "min": 0.046,
            "med": 0.201,
            "max": 170.13,
            "p(90)": 0.52,
            "p(95)": 0.923
        },
        "http_req_receiving": {
            "avg": 0.07796668870888157,
            "min": 0.005,
            "med": 0.021,
            "max": 190.19,
            "p(90)": 0.089,
            "p(95)": 0.176
        },
        "checks": {
            "passes": 96784,
            "fails": 0,
            "value": 1
        },
        "vus": {
            "max": 1000,
            "value": 145,
            "min": 145
        },
        "http_reqs": {
            "count": 96784,
            "rate": 958.3593629171863
        },
        "iteration_duration": {
            "avg": 1037.8930185788913,
            "min": 1000.539541,
            "med": 1004.2268955,
            "max": 2344.878541,
            "p(90)": 1031.9297373,
            "p(95)": 1207.8403418499995
        },
        "data_received": {
            "count": 10162320,
            "rate": 100627.73310630457
        },
        "http_req_failed": {
            "passes": 0,
            "fails": 96784,
            "value": 0
        },
        "http_req_connecting": {
            "min": 0.037,
            "med": 0.178,
            "max": 96.786,
            "p(90)": 0.462,
            "p(95)": 0.787,
            "avg": 0.7954667816994425
        },
        "http_req_sending": {
            "min": 0.003,
            "med": 0.012,
            "max": 180.547,
            "p(90)": 0.039,
            "p(95)": 0.073,
            "avg": 0.2652487187963808
        },
        "http_req_tls_handshaking": {
            "min": 0,
            "med": 0,
            "max": 0,
            "p(90)": 0,
            "p(95)": 0,
            "avg": 0
        },
        "data_sent": {
            "count": 6774880,
            "rate": 67085.15540420305
        },
        "vus_max": {
            "value": 1000,
            "min": 1000,
            "max": 1000
        },
        "http_req_waiting": {
            "max": 1342.63,
            "p(90)": 29.1947,
            "p(95)": 205.66049999999927,
            "avg": 36.21440479831359,
            "min": 0.319,
            "med": 3.501
        },
        "http_req_duration": {
            "avg": 36.55762020581918,
            "min": 0.374,
            "med": 3.566,
            "max": 1342.758,
            "p(90)": 29.559400000000004,
            "p(95)": 205.9099999999999
        }
    }
}