{
    "metrics": {
        "http_req_blocked": {
            "avg": 0.823768848892208,
            "min": 0.053,
            "med": 0.182,
            "max": 171.691,
            "p(90)": 0.432,
            "p(95)": 0.735
        },
        "http_reqs": {
            "count": 97897,
            "rate": 969.3141672299968
        },
        "http_req_connecting": {
            "avg": 0.7085563500413623,
            "min": 0.046,
            "med": 0.16,
            "max": 160.403,
            "p(90)": 0.387,
            "p(95)": 0.64
        },
        "http_req_failed": {
            "passes": 0,
            "fails": 97897,
            "value": 0
        },
        "vus": {
            "value": 327,
            "min": 327,
            "max": 1000
        },
        "http_req_duration{expected_response:true}": {
            "avg": 26.268280549965844,
            "min": 0.333,
            "med": 3.035,
            "max": 4098.363,
            "p(90)": 25.24,
            "p(95)": 73.59759999999997
        },
        "http_req_receiving": {
            "avg": 0.06107779605095381,
            "min": 0.005,
            "med": 0.021,
            "max": 269.227,
            "p(90)": 0.09,
            "p(95)": 0.171
        },
        "http_req_duration": {
            "avg": 26.268280549965844,
            "min": 0.333,
            "med": 3.035,
            "max": 4098.363,
            "p(90)": 25.24,
            "p(95)": 73.59759999999997
        },
        "iterations": {
            "count": 97897,
            "rate": 969.3141672299968
        },
        "http_req_sending": {
            "avg": 0.31255730001933113,
            "min": 0.003,
            "med": 0.012,
            "max": 110.651,
            "p(90)": 0.038,
            "p(95)": 0.059
        },
        "http_req_tls_handshaking": {
            "med": 0,
            "max": 0,
            "p(90)": 0,
            "p(95)": 0,
            "avg": 0,
            "min": 0
        },
        "data_sent": {
            "count": 6852790,
            "rate": 67851.99170609977
        },
        "http_req_waiting": {
            "max": 4098.303,
            "p(90)": 25.035400000000003,
            "p(95)": 72.94179999999993,
            "avg": 25.89464545389542,
            "min": 0.311,
            "med": 2.962
        },
        "data_received": {
            "count": 10279185,
            "rate": 101777.98755914965
        },
        "vus_max": {
            "value": 1000,
            "min": 1000,
            "max": 1000
        },
        "checks": {
            "passes": 97897,
            "fails": 0,
            "value": 1
        },
        "iteration_duration": {
            "avg": 1027.3966369859143,
            "min": 1000.510625,
            "med": 1003.503458,
            "max": 5153.853958,
            "p(90)": 1026.3708336,
            "p(95)": 1074.5174829999996
        }
    },
    "root_group": {
        "checks": {
            "status is 200": {
                "id": "6210a8cd14cd70477eba5c5e4cb3fb5f",
                "passes": 97897,
                "fails": 0,
                "name": "status is 200",
                "path": "::status is 200"
            }
        },
        "name": "",
        "path": "",
        "id": "d41d8cd98f00b204e9800998ecf8427e",
        "groups": {}
    }
}