{
    "root_group": {
        "path": "",
        "id": "d41d8cd98f00b204e9800998ecf8427e",
        "groups": {},
        "checks": {
                "status is 200": {
                    "name": "status is 200",
                    "path": "::status is 200",
                    "id": "6210a8cd14cd70477eba5c5e4cb3fb5f",
                    "passes": 92690,
                    "fails": 0
                }
            },
        "name": ""
    },
    "metrics": {
        "http_req_duration": {
            "min": 0.338,
            "med": 4.432,
            "max": 13852.588,
            "p(90)": 88.09600000000002,
            "p(95)": 331.08359999999936,
            "avg": 81.20832043370385
        },
        "http_req_tls_handshaking": {
            "p(90)": 0,
            "p(95)": 0,
            "avg": 0,
            "min": 0,
            "med": 0,
            "max": 0
        },
        "http_req_blocked": {
            "avg": 1.9730203797605224,
            "min": 0.053,
            "med": 0.212,
            "max": 347.937,
            "p(90)": 0.74,
            "p(95)": 2.357549999999996
        },
        "iterations": {
            "rate": 917.6269665706685,
            "count": 92690
        },
        "http_reqs": {
            "count": 92690,
            "rate": 917.6269665706685
        },
        "http_req_waiting": {
            "avg": 80.87662082209513,
            "min": 0.241,
            "med": 4.331,
            "max": 13852.519,
            "p(90)": 87.48000000000002,
            "p(95)": 328.5152999999994
        },
        "http_req_sending": {
            "min": 0.002,
            "med": 0.014,
            "max": 123.906,
            "p(90)": 0.064,
            "p(95)": 0.192,
            "avg": 0.1295817887582151
        },
        "http_req_receiving": {
            "p(90)": 0.12,
            "p(95)": 0.247,
            "avg": 0.20211782285033206,
            "min": 0.004,
            "med": 0.023,
            "max": 975.174
        },
        "checks": {
            "fails": 0,
            "passes": 92690,
            "value": 1
        },
        "vus": {
            "value": 131,
            "min": 131,
            "max": 1000
        },
        "iteration_duration": {
            "med": 1005.2201875000001,
            "max": 14916.078833,
            "p(90)": 1093.4425247,
            "p(95)": 1360.7814711999997,
            "avg": 1084.336586512,
            "min": 1000.507375
        },
        "vus_max": {
            "value": 1000,
            "min": 1000,
            "max": 1000
        },
        "data_sent": {
            "count": 6488370,
            "rate": 64234.580656900725
        },
        "http_req_duration{expected_response:true}": {
            "min": 0.338,
            "med": 4.432,
            "max": 13852.588,
            "p(90)": 88.09600000000002,
            "p(95)": 331.08359999999936,
            "avg": 81.20832043370385
        },
        "http_req_failed": {
            "passes": 0,
            "fails": 92690,
            "value": 0
        },
        "http_req_connecting": {
            "min": 0,
            "med": 0.185,
            "max": 347.863,
            "p(90)": 0.612,
            "p(95)": 1.901,
            "avg": 1.568938666522814
        },
        "data_received": {
            "count": 9732450,
            "rate": 96350.8314899202
        }
    }
}