{
    "root_group": {
        "name": "",
        "path": "",
        "id": "d41d8cd98f00b204e9800998ecf8427e",
        "groups": {},
        "checks": {
                "status is 200": {
                    "name": "status is 200",
                    "path": "::status is 200",
                    "id": "6210a8cd14cd70477eba5c5e4cb3fb5f",
                    "passes": 92702,
                    "fails": 0
                }
            }
    },
    "metrics": {
        "http_req_blocked": {
            "max": 260.15,
            "p(90)": 0.918,
            "p(95)": 2.633,
            "avg": 2.3869530538715664,
            "min": 0.041,
            "med": 0.238
        },
        "http_req_receiving": {
            "max": 1400.979,
            "p(90)": 0.121,
            "p(95)": 0.237,
            "avg": 0.21192870703977087,
            "min": 0.004,
            "med": 0.027
        },
        "checks": {
            "passes": 92702,
            "fails": 0,
            "value": 1
        },
        "vus_max": {
            "value": 1000,
            "min": 1000,
            "max": 1000
        },
        "http_req_tls_handshaking": {
            "avg": 0,
            "min": 0,
            "med": 0,
            "max": 0,
            "p(90)": 0,
            "p(95)": 0
        },
        "http_req_sending": {
            "min": 0.003,
            "med": 0.016,
            "max": 125.536,
            "p(90)": 0.085,
            "p(95)": 0.243,
            "avg": 0.19596636534270023
        },
        "http_req_duration{expected_response:true}": {
            "p(95)": 436.7751499999992,
            "avg": 85.2612253888802,
            "min": 0.373,
            "med": 4.677,
            "max": 10872.319,
            "p(90)": 153.29670000000002
        },
        "data_sent": {
            "count": 6489140,
            "rate": 60841.01127861504
        },
        "data_received": {
            "count": 9733710,
            "rate": 91261.51691792256
        },
        "http_req_waiting": {
            "min": 0.28,
            "med": 4.5755,
            "max": 10872.115,
            "p(90)": 151.82070000000002,
            "p(95)": 434.76814999999954,
            "avg": 84.85333031649732
        },
        "iterations": {
            "rate": 869.1573039802149,
            "count": 92702
        },
        "http_req_connecting": {
            "avg": 2.2394744881447943,
            "min": 0.034,
            "med": 0.208,
            "max": 258.555,
            "p(90)": 0.769,
            "p(95)": 2.042949999999996
        },
        "http_req_failed": {
            "passes": 0,
            "fails": 92702,
            "value": 0
        },
        "http_reqs": {
            "count": 92702,
            "rate": 869.1573039802149
        },
        "http_req_duration": {
            "avg": 85.2612253888802,
            "min": 0.373,
            "med": 4.677,
            "max": 10872.319,
            "p(90)": 153.29670000000002,
            "p(95)": 436.7751499999992
        },
        "iteration_duration": {
            "avg": 1089.2622144765974,
            "min": 1000.563166,
            "med": 1005.6852085,
            "max": 11875.815666,
            "p(90)": 1173.5755913,
            "p(95)": 1469.2747309499998
        },
        "vus": {
            "value": 6,
            "min": 6,
            "max": 1000
        }
    }
}