{
    "root_group": {
        "name": "",
        "path": "",
        "id": "d41d8cd98f00b204e9800998ecf8427e",
        "groups": {},
        "checks": {
                "status is 200": {
                    "name": "status is 200",
                    "path": "::status is 200",
                    "id": "6210a8cd14cd70477eba5c5e4cb3fb5f",
                    "passes": 93721,
                    "fails": 9
                }
            }
    },
    "metrics": {
        "vus_max": {
            "min": 1000,
            "max": 1000,
            "value": 1000
        },
        "http_req_connecting": {
            "avg": 1.7271626587005315,
            "min": 0.038,
            "med": 0.196,
            "max": 269.813,
            "p(90)": 0.641,
            "p(95)": 1.451549999999996
        },
        "http_req_receiving": {
            "p(90)": 0.115,
            "p(95)": 0.227,
            "avg": 0.1159489277712634,
            "min": 0,
            "med": 0.026,
            "max": 362.791
        },
        "http_req_tls_handshaking": {
            "med": 0,
            "max": 0,
            "p(90)": 0,
            "p(95)": 0,
            "avg": 0,
            "min": 0
        },
        "http_reqs": {
            "count": 93730,
            "rate": 927.9630216685752
        },
        "checks": {
            "passes": 93721,
            "fails": 9,
            "value": 0.99990397951563
        },
        "data_sent": {
            "count": 6561100,
            "rate": 64957.41151680026
        },
        "iteration_duration": {
            "avg": 1072.1511986804019,
            "min": 1000.510334,
            "med": 1004.9982915,
            "max": 8249.436292,
            "p(90)": 1159.0109337000001,
            "p(95)": 1338.5470999999998
        },
        "http_req_failed": {
            "passes": 9,
            "fails": 93721,
            "value": 0.00009602048436999894
        },
        "http_req_duration": {
            "avg": 69.12895553184678,
            "min": 0.325,
            "med": 4.209,
            "max": 7186.724,
            "p(90)": 142.5832,
            "p(95)": 328.9327999999999
        },
        "http_req_sending": {
            "avg": 0.126794420142969,
            "min": 0.003,
            "med": 0.015,
            "max": 90.669,
            "p(90)": 0.065,
            "p(95)": 0.174
        },
        "http_req_waiting": {
            "p(95)": 328.0357499999999,
            "avg": 68.88621218393307,
            "min": 0.293,
            "med": 4.116,
            "max": 7173.826,
            "p(90)": 142.2434
        },
        "http_req_duration{expected_response:true}": {
            "max": 7186.724,
            "p(90)": 142.351,
            "p(95)": 328.51,
            "avg": 68.44904277589868,
            "min": 0.325,
            "med": 4.208
        },
        "vus": {
            "value": 135,
            "min": 135,
            "max": 1000
        },
        "http_req_blocked": {
            "p(90)": 0.75,
            "p(95)": 1.7545499999999958,
            "avg": 1.8509220100288342,
            "min": 0.045,
            "med": 0.225,
            "max": 283.326
        },
        "iterations": {
            "count": 93730,
            "rate": 927.9630216685752
        },
        "data_received": {
            "count": 9840705,
            "rate": 97426.7614120245
        }
    }
}