{
    "metrics": {
        "http_req_duration": {
            "min": 0.152,
            "med": 2.642,
            "max": 187.289,
            "p(90)": 16.824100000000005,
            "p(95)": 25.683,
            "avg": 7.284207780000013
        },
        "vus": {
            "value": 223,
            "min": 223,
            "max": 1000
        },
        "data_received": {
            "count": 10500000,
            "rate": 104013.61702687456
        },
        "http_req_failed": {
            "passes": 0,
            "fails": 100000,
            "value": 0
        },
        "http_req_tls_handshaking": {
            "p(95)": 0,
            "avg": 0,
            "min": 0,
            "med": 0,
            "max": 0,
            "p(90)": 0
        },
        "http_req_sending": {
            "p(90)": 0.037,
            "p(95)": 0.112,
            "avg": 0.10639568000003329,
            "min": 0.001,
            "med": 0.006,
            "max": 55.894
        },
        "http_req_receiving": {
            "avg": 0.03615757999999785,
            "min": 0.003,
            "med": 0.013,
            "max": 57.118,
            "p(90)": 0.038,
            "p(95)": 0.058
        },
        "http_req_duration{expected_response:true}": {
            "med": 2.642,
            "max": 187.289,
            "p(90)": 16.824100000000005,
            "p(95)": 25.683,
            "avg": 7.284207780000013,
            "min": 0.152
        },
        "iteration_duration": {
            "avg": 1008.6457604618558,
            "min": 1000.184459,
            "med": 1003.175083,
            "max": 1259.802417,
            "p(90)": 1018.456217,
            "p(95)": 1027.63449615
        },
        "data_sent": {
            "rate": 69342.41135124971,
            "count": 7000000
        },
        "http_req_blocked": {
            "med": 0.002,
            "max": 137.243,
            "p(90)": 0.005,
            "p(95)": 0.01,
            "avg": 0.5993632399987,
            "min": 0
        },
        "checks": {
            "passes": 100000,
            "fails": 0,
            "value": 1
        },
        "vus_max": {
            "value": 1000,
            "min": 1000,
            "max": 1000
        },
        "http_reqs": {
            "count": 100000,
            "rate": 990.6058764464244
        },
        "http_req_waiting": {
            "avg": 7.14165452000018,
            "min": 0.144,
            "med": 2.587,
            "max": 179.451,
            "p(90)": 16.623200000000004,
            "p(95)": 25.129049999999996
        },
        "iterations": {
            "rate": 990.6058764464244,
            "count": 100000
        },
        "http_req_connecting": {
            "avg": 0.5848405900000003,
            "min": 0,
            "med": 0,
            "max": 132.663,
            "p(90)": 0,
            "p(95)": 0
        }
    },
    "root_group": {
        "id": "d41d8cd98f00b204e9800998ecf8427e",
        "groups": {},
        "checks": {
                "status is 200": {
                    "name": "status is 200",
                    "path": "::status is 200",
                    "id": "6210a8cd14cd70477eba5c5e4cb3fb5f",
                    "passes": 100000,
                    "fails": 0
                }
            },
        "name": "",
        "path": ""
    }
}