{
    "metrics": {
        "http_req_duration": {
            "avg": 159.20430546355755,
            "min": 0.315,
            "med": 5.877,
            "max": 18989.258,
            "p(90)": 294.1775000000001,
            "p(95)": 1019.7296999999996
        },
        "data_sent": {
            "count": 6044780,
            "rate": 59852.15731561078
        },
        "http_req_waiting": {
            "avg": 158.47539090256151,
            "min": 0.243,
            "med": 5.755,
            "max": 18986.405,
            "p(90)": 292.3059000000008,
            "p(95)": 1017.6990999999997
        },
        "iterations": {
            "count": 86354,
            "rate": 855.0308187944397
        },
        "http_req_tls_handshaking": {
            "max": 0,
            "p(90)": 0,
            "p(95)": 0,
            "avg": 0,
            "min": 0,
            "med": 0
        },
        "http_req_sending": {
            "max": 162.894,
            "p(90)": 0.104,
            "p(95)": 0.4033499999999962,
            "avg": 0.41340213539612763,
            "min": 0.003,
            "med": 0.015
        },
        "data_received": {
            "count": 9065100,
            "rate": 89757.73994781336
        },
        "http_req_connecting": {
            "avg": 3.577993283461059,
            "min": 0.04,
            "med": 0.209,
            "max": 312.156,
            "p(90)": 1.218,
            "p(95)": 6.622349999999996
        },
        "http_req_failed": {
            "passes": 30,
            "fails": 86324,
            "value": 0.000347407184380573
        },
        "vus_max": {
            "min": 1000,
            "max": 1000,
            "value": 1000
        },
        "iteration_duration": {
            "min": 1000.532584,
            "med": 1007.4951665000001,
            "max": 20125.419292,
            "p(90)": 1319.2641332,
            "p(95)": 2036.2333850999999,
            "avg": 1166.7511320484937
        },
        "http_reqs": {
            "count": 86354,
            "rate": 855.0308187944397
        },
        "http_req_blocked": {
            "min": 0.051,
            "med": 0.239,
            "max": 496.013,
            "p(90)": 1.431,
            "p(95)": 7.400799999999969,
            "avg": 3.9087934895894225
        },
        "http_req_duration{expected_response:true}": {
            "avg": 157.45931322691308,
            "min": 0.315,
            "med": 5.871,
            "max": 18989.258,
            "p(90)": 291.36690000000004,
            "p(95)": 1018.6544999999999
        },
        "http_req_receiving": {
            "avg": 0.3155124255969528,
            "min": 0.005,
            "med": 0.026,
            "max": 1438.722,
            "p(90)": 0.141,
            "p(95)": 0.307
        },
        "checks": {
            "passes": 86324,
            "fails": 30,
            "value": 0.9996525928156195
        },
        "vus": {
            "value": 253,
            "min": 253,
            "max": 1000
        }
    },
    "root_group": {
        "groups": {},
        "checks": {
                "status is 200": {
                    "name": "status is 200",
                    "path": "::status is 200",
                    "id": "6210a8cd14cd70477eba5c5e4cb3fb5f",
                    "passes": 86324,
                    "fails": 30
                }
            },
        "name": "",
        "path": "",
        "id": "d41d8cd98f00b204e9800998ecf8427e"
    }
}