{
    "metrics": {
        "http_reqs": {
            "rate": 968.581342989689,
            "count": 97764
        },
        "vus": {
            "value": 108,
            "min": 108,
            "max": 1000
        },
        "checks": {
            "passes": 97764,
            "fails": 0,
            "value": 1
        },
        "vus_max": {
            "value": 1000,
            "min": 1000,
            "max": 1000
        },
        "data_received": {
            "count": 10265220,
            "rate": 101701.04101391735
        },
        "http_req_tls_handshaking": {
            "med": 0,
            "max": 0,
            "p(90)": 0,
            "p(95)": 0,
            "avg": 0,
            "min": 0
        },
        "iteration_duration": {
            "min": 1000.259625,
            "med": 1003.4850205,
            "max": 2387.290042,
            "p(90)": 1038.5629375,
            "p(95)": 1120.5254750499998,
            "avg": 1026.7940698478858
        },
        "http_req_duration{expected_response:true}": {
            "avg": 20.86009333701551,
            "min": 0.171,
            "med": 2.946,
            "max": 1279.06,
            "p(90)": 29.084400000000006,
            "p(95)": 67.71914999999991
        },
        "http_req_failed": {
            "passes": 0,
            "fails": 97764,
            "value": 0
        },
        "http_req_sending": {
            "p(95)": 0.129,
            "avg": 0.519106409311928,
            "min": 0.001,
            "med": 0.007,
            "max": 922.583,
            "p(90)": 0.04
        },
        "http_req_blocked": {
            "p(95)": 0.017,
            "avg": 0.43610476248821767,
            "min": 0,
            "med": 0.002,
            "max": 971.124,
            "p(90)": 0.008
        },
        "data_sent": {
            "count": 6843480,
            "rate": 67800.69400927823
        },
        "http_req_connecting": {
            "max": 129.244,
            "p(90)": 0,
            "p(95)": 0,
            "avg": 0.3561508939896076,
            "min": 0,
            "med": 0
        },
        "http_req_duration": {
            "avg": 20.86009333701551,
            "min": 0.171,
            "med": 2.946,
            "max": 1279.06,
            "p(90)": 29.084400000000006,
            "p(95)": 67.71914999999991
        },
        "http_req_receiving": {
            "avg": 0.04785731966777755,
            "min": 0.003,
            "med": 0.014,
            "max": 443.461,
            "p(90)": 0.041,
            "p(95)": 0.062
        },
        "http_req_waiting": {
            "max": 1077.772,
            "p(90)": 28.68180000000001,
            "p(95)": 67.00094999999996,
            "avg": 20.293129608035624,
            "min": 0.156,
            "med": 2.884
        },
        "iterations": {
            "count": 97764,
            "rate": 968.581342989689
        }
    },
    "root_group": {
        "name": "",
        "path": "",
        "id": "d41d8cd98f00b204e9800998ecf8427e",
        "groups": {},
        "checks": {
                "status is 200": {
                    "name": "status is 200",
                    "path": "::status is 200",
                    "id": "6210a8cd14cd70477eba5c5e4cb3fb5f",
                    "passes": 97764,
                    "fails": 0
                }
            }
    }
}