{
    "root_group": {
        "checks": {
            "status is 200": {
                "name": "status is 200",
                "path": "::status is 200",
                "id": "6210a8cd14cd70477eba5c5e4cb3fb5f",
                "passes": 97322,
                "fails": 0
            }
        },
        "name": "",
        "path": "",
        "id": "d41d8cd98f00b204e9800998ecf8427e",
        "groups": {}
    },
    "metrics": {
        "checks": {
            "passes": 97322,
            "fails": 0,
            "value": 1
        },
        "data_sent": {
            "count": 6812540,
            "rate": 66066.1209907034
        },
        "http_req_duration{expected_response:true}": {
            "avg": 33.52468542570047,
            "min": 0.341,
            "med": 4.012,
            "max": 3010.601,
            "p(90)": 46.807400000000015,
            "p(95)": 180.49859999999987
        },
        "http_req_connecting": {
            "avg": 0.7282084112533722,
            "min": 0.039,
            "med": 0.197,
            "max": 139.697,
            "p(90)": 0.599,
            "p(95)": 1.143
        },
        "http_req_receiving": {
            "p(90)": 0.106,
            "p(95)": 0.194,
            "avg": 0.09235092784777009,
            "min": 0.005,
            "med": 0.027,
            "max": 253.327
        },
        "iterations": {
            "count": 97322,
            "rate": 943.8017284386201
        },
        "vus": {
            "value": 11,
            "min": 11,
            "max": 1000
        },
        "data_received": {
            "count": 10218810,
            "rate": 99099.18148605511
        },
        "vus_max": {
            "value": 1000,
            "min": 1000,
            "max": 1000
        },
        "http_req_sending": {
            "avg": 0.10550368878569062,
            "min": 0.003,
            "med": 0.016,
            "max": 101.285,
            "p(90)": 0.069,
            "p(95)": 0.167
        },
        "http_req_waiting": {
            "min": 0.294,
            "med": 3.917,
            "max": 3010.237,
            "p(90)": 46.3206000000001,
            "p(95)": 180.1828499999998,
            "avg": 33.326830809066536
        },
        "http_req_duration": {
            "p(95)": 180.49859999999987,
            "avg": 33.52468542570047,
            "min": 0.341,
            "med": 4.012,
            "max": 3010.601,
            "p(90)": 46.807400000000015
        },
        "http_req_tls_handshaking": {
            "med": 0,
            "max": 0,
            "p(90)": 0,
            "p(95)": 0,
            "avg": 0,
            "min": 0
        },
        "http_req_failed": {
            "fails": 97322,
            "passes": 0,
            "value": 0
        },
        "http_req_blocked": {
            "max": 151.798,
            "p(90)": 0.695,
            "p(95)": 1.3519499999999958,
            "avg": 0.8149978524896768,
            "min": 0.044,
            "med": 0.227
        },
        "iteration_duration": {
            "min": 1000.555917,
            "med": 1004.810563,
            "max": 4011.356875,
            "p(90)": 1050.5003289,
            "p(95)": 1185.5979183999996,
            "avg": 1035.0759802457483
        },
        "http_reqs": {
            "count": 97322,
            "rate": 943.8017284386201
        }
    }
}