{
    "metrics": {
        "data_received": {
            "count": 10451490,
            "rate": 103462.23692054274
        },
        "iteration_duration": {
            "med": 1002.7980210000001,
            "max": 1327.2935,
            "p(90)": 1017.2990917000001,
            "p(95)": 1036.1957839499998,
            "avg": 1010.3079349996486,
            "min": 1000.211542
        },
        "http_reqs": {
            "rate": 985.3546373385022,
            "count": 99538
        },
        "http_req_duration{expected_response:true}": {
            "avg": 7.6311483955875925,
            "min": 0.182,
            "med": 2.229,
            "max": 312.509,
            "p(90)": 14.056300000000002,
            "p(95)": 27.119899999999973
        },
        "iterations": {
            "count": 99538,
            "rate": 985.3546373385022
        },
        "http_req_duration": {
            "p(95)": 27.119899999999973,
            "avg": 7.6311483955875925,
            "min": 0.182,
            "med": 2.229,
            "max": 312.509,
            "p(90)": 14.056300000000002
        },
        "http_req_receiving": {
            "avg": 0.03231805943458793,
            "min": 0.003,
            "med": 0.014,
            "max": 45.327,
            "p(90)": 0.04,
            "p(95)": 0.06
        },
        "http_req_failed": {
            "passes": 0,
            "fails": 99538,
            "value": 0
        },
        "http_req_tls_handshaking": {
            "min": 0,
            "med": 0,
            "max": 0,
            "p(90)": 0,
            "p(95)": 0,
            "avg": 0
        },
        "http_req_waiting": {
            "p(90)": 13.628300000000003,
            "p(95)": 26.57744999999999,
            "avg": 7.342832526271348,
            "min": 0.17,
            "med": 2.162,
            "max": 312.453
        },
        "http_req_sending": {
            "avg": 0.25599780988192805,
            "min": 0.001,
            "med": 0.006,
            "max": 157.319,
            "p(90)": 0.043,
            "p(95)": 0.152
        },
        "http_req_blocked": {
            "min": 0,
            "med": 0.002,
            "max": 195.587,
            "p(90)": 0.008,
            "p(95)": 0.016,
            "avg": 1.0337556310135856
        },
        "checks": {
            "passes": 99538,
            "fails": 0,
            "value": 1
        },
        "data_sent": {
            "rate": 68974.82461369516,
            "count": 6967660
        },
        "vus": {
            "min": 215,
            "max": 1000,
            "value": 215
        },
        "vus_max": {
            "value": 1000,
            "min": 1000,
            "max": 1000
        },
        "http_req_connecting": {
            "max": 181.703,
            "p(90)": 0,
            "p(95)": 0,
            "avg": 1.00681183065764,
            "min": 0,
            "med": 0
        }
    },
    "root_group": {
        "name": "",
        "path": "",
        "id": "d41d8cd98f00b204e9800998ecf8427e",
        "groups": {},
        "checks": {
                "status is 200": {
                    "name": "status is 200",
                    "path": "::status is 200",
                    "id": "6210a8cd14cd70477eba5c5e4cb3fb5f",
                    "passes": 99538,
                    "fails": 0
                }
            }
    }
}