{
    "root_group": {
        "name": "",
        "path": "",
        "id": "d41d8cd98f00b204e9800998ecf8427e",
        "groups": {},
        "checks": {
                "status is 200": {
                    "name": "status is 200",
                    "path": "::status is 200",
                    "id": "6210a8cd14cd70477eba5c5e4cb3fb5f",
                    "passes": 98801,
                    "fails": 0
                }
            }
    },
    "metrics": {
        "http_req_tls_handshaking": {
            "med": 0,
            "max": 0,
            "p(90)": 0,
            "p(95)": 0,
            "avg": 0,
            "min": 0
        },
        "vus": {
            "value": 31,
            "min": 31,
            "max": 1000
        },
        "http_reqs": {
            "count": 98801,
            "rate": 978.20144692549
        },
        "iteration_duration": {
            "p(90)": 1035.128042,
            "p(95)": 1061.42525,
            "avg": 1015.5932791618033,
            "min": 1000.233041,
            "med": 1004.615625,
            "max": 1527.966708
        },
        "data_sent": {
            "count": 6916070,
            "rate": 68474.1012847843
        },
        "http_req_duration{expected_response:true}": {
            "med": 3.463,
            "max": 451.666,
            "p(90)": 26.932,
            "p(95)": 42.107,
            "avg": 11.376086193459571,
            "min": 0.205
        },
        "http_req_receiving": {
            "min": 0.003,
            "med": 0.014,
            "max": 80.734,
            "p(90)": 0.043,
            "p(95)": 0.067,
            "avg": 0.04933840750599747
        },
        "http_req_blocked": {
            "p(95)": 0.026,
            "avg": 0.31072171334339566,
            "min": 0,
            "med": 0.003,
            "max": 399.15,
            "p(90)": 0.011
        },
        "vus_max": {
            "value": 1000,
            "min": 1000,
            "max": 1000
        },
        "data_received": {
            "count": 10374105,
            "rate": 102711.15192717646
        },
        "http_req_sending": {
            "min": 0.001,
            "med": 0.007,
            "max": 288.026,
            "p(90)": 0.067,
            "p(95)": 0.307,
            "avg": 0.4092365158246912
        },
        "iterations": {
            "count": 98801,
            "rate": 978.20144692549
        },
        "checks": {
            "passes": 98801,
            "fails": 0,
            "value": 1
        },
        "http_req_duration": {
            "avg": 11.376086193459571,
            "min": 0.205,
            "med": 3.463,
            "max": 451.666,
            "p(90)": 26.932,
            "p(95)": 42.107
        },
        "http_req_connecting": {
            "p(95)": 0,
            "avg": 0.14806343053207963,
            "min": 0,
            "med": 0,
            "max": 82.541,
            "p(90)": 0
        },
        "http_req_failed": {
            "passes": 0,
            "fails": 98801,
            "value": 0
        },
        "http_req_waiting": {
            "avg": 10.917511270128793,
            "min": 0.193,
            "med": 3.355,
            "max": 421.719,
            "p(90)": 26.211,
            "p(95)": 40.146
        }
    }
}