{
    "metrics": {
        "http_req_duration{expected_response:true}": {
            "p(90)": 21.423,
            "p(95)": 59.96319999999977,
            "avg": 21.50382156591453,
            "min": 0.321,
            "med": 3.167,
            "max": 4099.932
        },
        "http_req_blocked": {
            "p(90)": 0.567,
            "p(95)": 0.988,
            "avg": 0.501167171953526,
            "min": 0.05,
            "med": 0.203,
            "max": 102.917
        },
        "http_req_sending": {
            "p(95)": 0.092,
            "avg": 0.05078070889373274,
            "min": 0.003,
            "med": 0.012,
            "max": 40.174,
            "p(90)": 0.044
        },
        "vus_max": {
            "value": 1000,
            "min": 1000,
            "max": 1000
        },
        "iteration_duration": {
            "min": 1000.502667,
            "med": 1003.713021,
            "max": 5100.368083,
            "p(90)": 1023.4496169,
            "p(95)": 1061.310983,
            "avg": 1022.3735680422759
        },
        "http_req_tls_handshaking": {
            "p(90)": 0,
            "p(95)": 0,
            "avg": 0,
            "min": 0,
            "med": 0,
            "max": 0
        },
        "vus": {
            "min": 39,
            "max": 1000,
            "value": 39
        },
        "http_req_connecting": {
            "min": 0.044,
            "med": 0.181,
            "max": 95.939,
            "p(90)": 0.504,
            "p(95)": 0.877,
            "avg": 0.4486732048751645
        },
        "http_req_waiting": {
            "avg": 21.37640063483035,
            "min": 0.259,
            "med": 3.094,
            "max": 4099.904,
            "p(90)": 21.167100000000005,
            "p(95)": 59.720999999999826
        },
        "http_req_failed": {
            "passes": 0,
            "fails": 98294,
            "value": 0
        },
        "checks": {
            "passes": 98294,
            "fails": 0,
            "value": 1
        },
        "data_received": {
            "count": 10320870,
            "rate": 102208.63045652142
        },
        "http_reqs": {
            "count": 98294,
            "rate": 973.4155281573469
        },
        "http_req_duration": {
            "med": 3.167,
            "max": 4099.932,
            "p(90)": 21.423,
            "p(95)": 59.96319999999977,
            "avg": 21.50382156591453,
            "min": 0.321
        },
        "http_req_receiving": {
            "p(95)": 0.192,
            "avg": 0.07664022219057266,
            "min": 0.004,
            "med": 0.023,
            "max": 446.432,
            "p(90)": 0.096
        },
        "data_sent": {
            "count": 6880580,
            "rate": 68139.08697101429
        },
        "iterations": {
            "count": 98294,
            "rate": 973.4155281573469
        }
    },
    "root_group": {
        "name": "",
        "path": "",
        "id": "d41d8cd98f00b204e9800998ecf8427e",
        "groups": {},
        "checks": {
                "status is 200": {
                    "id": "6210a8cd14cd70477eba5c5e4cb3fb5f",
                    "passes": 98294,
                    "fails": 0,
                    "name": "status is 200",
                    "path": "::status is 200"
                }
            }
    }
}