{
    "metrics": {
        "data_sent": {
            "count": 6720280,
            "rate": 66539.69863327015
        },
        "http_req_failed": {
            "fails": 96004,
            "passes": 0,
            "value": 0
        },
        "data_received": {
            "count": 10080420,
            "rate": 99809.54794990522
        },
        "http_req_duration": {
            "p(95)": 239.08124999999973,
            "avg": 43.82053063413978,
            "min": 0.365,
            "med": 3.4905,
            "max": 4141.448,
            "p(90)": 45.69370000000005
        },
        "http_req_connecting": {
            "max": 159.012,
            "p(90)": 0.596,
            "p(95)": 1.349,
            "avg": 0.6244457001791552,
            "min": 0.04,
            "med": 0.19
        },
        "http_req_sending": {
            "med": 0.014,
            "max": 100.084,
            "p(90)": 0.059,
            "p(95)": 0.162,
            "avg": 0.19731871588679756,
            "min": 0.003
        },
        "http_req_blocked": {
            "avg": 0.7275183846506483,
            "min": 0.048,
            "med": 0.216,
            "max": 176.919,
            "p(90)": 0.705,
            "p(95)": 1.614
        },
        "vus": {
            "value": 103,
            "min": 103,
            "max": 1000
        },
        "http_req_tls_handshaking": {
            "min": 0,
            "med": 0,
            "max": 0,
            "p(90)": 0,
            "p(95)": 0,
            "avg": 0
        },
        "iterations": {
            "count": 96004,
            "rate": 950.5671233324307
        },
        "vus_max": {
            "value": 1000,
            "min": 1000,
            "max": 1000
        },
        "iteration_duration": {
            "avg": 1045.2780373637504,
            "min": 1000.521875,
            "med": 1004.211521,
            "max": 5148.612584,
            "p(90)": 1048.9292294000002,
            "p(95)": 1241.8296607
        },
        "http_req_waiting": {
            "med": 3.404,
            "max": 4141.352,
            "p(90)": 45.336900000000014,
            "p(95)": 236.36114999999958,
            "avg": 43.51606420565787,
            "min": 0.304
        },
        "checks": {
            "passes": 96004,
            "fails": 0,
            "value": 1
        },
        "http_req_duration{expected_response:true}": {
            "p(90)": 45.69370000000005,
            "p(95)": 239.08124999999973,
            "avg": 43.82053063413978,
            "min": 0.365,
            "med": 3.4905,
            "max": 4141.448
        },
        "http_reqs": {
            "count": 96004,
            "rate": 950.5671233324307
        },
        "http_req_receiving": {
            "avg": 0.10714771259531045,
            "min": 0.004,
            "med": 0.026,
            "max": 203.56,
            "p(90)": 0.105,
            "p(95)": 0.212
        }
    },
    "root_group": {
        "id": "d41d8cd98f00b204e9800998ecf8427e",
        "groups": {},
        "checks": {
                "status is 200": {
                    "name": "status is 200",
                    "path": "::status is 200",
                    "id": "6210a8cd14cd70477eba5c5e4cb3fb5f",
                    "passes": 96004,
                    "fails": 0
                }
            },
        "name": "",
        "path": ""
    }
}