{
    "metrics": {
        "http_req_failed": {
            "passes": 0,
            "fails": 100000,
            "value": 0
        },
        "data_sent": {
            "count": 7000000,
            "rate": 69310.40650701939
        },
        "iteration_duration": {
            "med": 1002.486833,
            "max": 1364.777959,
            "p(90)": 1014.5110628,
            "p(95)": 1024.3752722499999,
            "avg": 1007.9161877850114,
            "min": 1000.190667
        },
        "http_reqs": {
            "rate": 990.1486643859913,
            "count": 100000
        },
        "http_req_waiting": {
            "avg": 6.633363590000085,
            "min": 0.123,
            "med": 1.982,
            "max": 256.583,
            "p(90)": 13.036,
            "p(95)": 22.140099999999993
        },
        "data_received": {
            "count": 10500000,
            "rate": 103965.60976052909
        },
        "http_req_blocked": {
            "avg": 0.5380639699986578,
            "min": 0,
            "med": 0.002,
            "max": 178.87,
            "p(90)": 0.006,
            "p(95)": 0.010049999999995559
        },
        "http_req_sending": {
            "med": 0.006,
            "max": 112.124,
            "p(90)": 0.032,
            "p(95)": 0.102,
            "avg": 0.10876448000002964,
            "min": 0.001
        },
        "iterations": {
            "count": 100000,
            "rate": 990.1486643859913
        },
        "checks": {
            "passes": 100000,
            "fails": 0,
            "value": 1
        },
        "http_req_connecting": {
            "min": 0,
            "med": 0,
            "max": 103.048,
            "p(90)": 0,
            "p(95)": 0,
            "avg": 0.5171994699999994
        },
        "http_req_tls_handshaking": {
            "avg": 0,
            "min": 0,
            "med": 0,
            "max": 0,
            "p(90)": 0,
            "p(95)": 0
        },
        "http_req_receiving": {
            "avg": 0.028058280000002354,
            "min": 0.003,
            "med": 0.012,
            "max": 14.557,
            "p(90)": 0.038,
            "p(95)": 0.057
        },
        "vus_max": {
            "value": 1000,
            "min": 1000,
            "max": 1000
        },
        "vus": {
            "max": 1000,
            "value": 461,
            "min": 461
        },
        "http_req_duration": {
            "med": 2.038,
            "max": 256.623,
            "p(90)": 13.191,
            "p(95)": 22.447249999999976,
            "avg": 6.77018635,
            "min": 0.131
        },
        "http_req_duration{expected_response:true}": {
            "p(95)": 22.447249999999976,
            "avg": 6.77018635,
            "min": 0.131,
            "med": 2.038,
            "max": 256.623,
            "p(90)": 13.191
        }
    },
    "root_group": {
        "groups": {},
        "checks": {
                "status is 200": {
                    "fails": 0,
                    "name": "status is 200",
                    "path": "::status is 200",
                    "id": "6210a8cd14cd70477eba5c5e4cb3fb5f",
                    "passes": 100000
                }
            },
        "name": "",
        "path": "",
        "id": "d41d8cd98f00b204e9800998ecf8427e"
    }
}