{
    "root_group": {
        "groups": {},
        "checks": {
                "status is 200": {
                    "path": "::status is 200",
                    "id": "6210a8cd14cd70477eba5c5e4cb3fb5f",
                    "passes": 94408,
                    "fails": 0,
                    "name": "status is 200"
                }
            },
        "name": "",
        "path": "",
        "id": "d41d8cd98f00b204e9800998ecf8427e"
    },
    "metrics": {
        "data_sent": {
            "count": 6608560,
            "rate": 65424.75177900299
        },
        "iteration_duration": {
            "avg": 1063.440504910097,
            "min": 1000.520167,
            "med": 1005.0222920000001,
            "max": 8615.863375,
            "p(90)": 1048.7635708,
            "p(95)": 1251.3609807
        },
        "http_req_sending": {
            "p(95)": 0.176,
            "avg": 0.12362435386830392,
            "min": 0.003,
            "med": 0.012,
            "max": 67.712,
            "p(90)": 0.057
        },
        "http_req_waiting": {
            "med": 4.136,
            "max": 7466.1,
            "p(90)": 42.64920000000001,
            "p(95)": 236.81719999999996,
            "avg": 60.89732908228085,
            "min": 0.301
        },
        "data_received": {
            "count": 9912840,
            "rate": 98137.12766850449
        },
        "http_req_connecting": {
            "max": 173.903,
            "p(90)": 0.674,
            "p(95)": 1.788,
            "avg": 1.3877659520379613,
            "min": 0.042,
            "med": 0.186
        },
        "checks": {
            "fails": 0,
            "passes": 94408,
            "value": 1
        },
        "vus_max": {
            "value": 1000,
            "min": 1000,
            "max": 1000
        },
        "http_req_tls_handshaking": {
            "min": 0,
            "med": 0,
            "max": 0,
            "p(90)": 0,
            "p(95)": 0,
            "avg": 0
        },
        "http_req_blocked": {
            "min": 0.053,
            "med": 0.209,
            "max": 179.478,
            "p(90)": 0.768,
            "p(95)": 2.206,
            "avg": 1.503514193712412
        },
        "http_req_duration": {
            "avg": 61.1598693542918,
            "min": 0.351,
            "med": 4.245,
            "max": 7466.242,
            "p(90)": 43.83220000000009,
            "p(95)": 238.38889999999915
        },
        "http_reqs": {
            "count": 94408,
            "rate": 934.6393111286142
        },
        "http_req_duration{expected_response:true}": {
            "min": 0.351,
            "med": 4.245,
            "max": 7466.242,
            "p(90)": 43.83220000000009,
            "p(95)": 238.38889999999915,
            "avg": 61.1598693542918
        },
        "iterations": {
            "count": 94408,
            "rate": 934.6393111286142
        },
        "http_req_failed": {
            "passes": 0,
            "fails": 94408,
            "value": 0
        },
        "http_req_receiving": {
            "med": 0.021,
            "max": 644.92,
            "p(90)": 0.116,
            "p(95)": 0.254,
            "avg": 0.138915918142532,
            "min": 0.004
        },
        "vus": {
            "value": 5,
            "min": 5,
            "max": 1000
        }
    }
}