{
    "metrics": {
        "http_req_duration{expected_response:true}": {
            "avg": 127.59836436716569,
            "min": 0.349,
            "med": 7.164,
            "max": 10512.057,
            "p(90)": 277.4774000000001,
            "p(95)": 906.7348999999977
        },
        "iterations": {
            "count": 88573,
            "rate": 877.095503483596
        },
        "vus_max": {
            "value": 1000,
            "min": 1000,
            "max": 1000
        },
        "data_sent": {
            "count": 6200110,
            "rate": 61396.68524385172
        },
        "iteration_duration": {
            "avg": 1134.6699774095366,
            "min": 1000.530292,
            "med": 1008.88125,
            "max": 11547.35925,
            "p(90)": 1288.0672332000004,
            "p(95)": 1929.1603583999988
        },
        "http_req_waiting": {
            "p(90)": 271.92700000000013,
            "p(95)": 901.1213999999987,
            "avg": 127.06961764871963,
            "min": 0.284,
            "med": 7.004,
            "max": 10511.512
        },
        "checks": {
            "passes": 88570,
            "fails": 3,
            "value": 0.9999661296331839
        },
        "data_received": {
            "rate": 92092.62155451628,
            "count": 9299922
        },
        "http_req_tls_handshaking": {
            "avg": 0,
            "min": 0,
            "med": 0,
            "max": 0,
            "p(90)": 0,
            "p(95)": 0
        },
        "http_req_receiving": {
            "avg": 0.3908761699388923,
            "min": 0,
            "med": 0.027,
            "max": 2129.444,
            "p(90)": 0.14,
            "p(95)": 0.291
        },
        "http_reqs": {
            "rate": 877.095503483596,
            "count": 88573
        },
        "http_req_blocked": {
            "max": 423.457,
            "p(90)": 1.369,
            "p(95)": 6.4547999999999925,
            "avg": 2.977556682058875,
            "min": 0.053,
            "med": 0.243
        },
        "http_req_failed": {
            "passes": 3,
            "fails": 88570,
            "value": 0.00003387036681607262
        },
        "http_req_sending": {
            "max": 229.129,
            "p(90)": 0.117,
            "p(95)": 0.378,
            "avg": 0.2890726406466549,
            "min": 0.003,
            "med": 0.016
        },
        "http_req_duration": {
            "max": 10512.057,
            "p(90)": 277.72100000000023,
            "p(95)": 907.7711999999974,
            "avg": 127.74956645930328,
            "min": 0.349,
            "med": 7.164
        },
        "http_req_connecting": {
            "avg": 2.5556668172016024,
            "min": 0.044,
            "med": 0.21,
            "max": 388.314,
            "p(90)": 1.095800000000002,
            "p(95)": 5.077199999999988
        },
        "vus": {
            "value": 49,
            "min": 49,
            "max": 1000
        }
    },
    "root_group": {
        "name": "",
        "path": "",
        "id": "d41d8cd98f00b204e9800998ecf8427e",
        "groups": {},
        "checks": {
                "status is 200": {
                    "name": "status is 200",
                    "path": "::status is 200",
                    "id": "6210a8cd14cd70477eba5c5e4cb3fb5f",
                    "passes": 88570,
                    "fails": 3
                }
            }
    }
}