{
    "root_group": {
        "path": "",
        "id": "d41d8cd98f00b204e9800998ecf8427e",
        "groups": {},
        "checks": {
                "status is 200": {
                    "name": "status is 200",
                    "path": "::status is 200",
                    "id": "6210a8cd14cd70477eba5c5e4cb3fb5f",
                    "passes": 89113,
                    "fails": 4
                }
            },
        "name": ""
    },
    "metrics": {
        "http_req_sending": {
            "p(90)": 0.058,
            "p(95)": 0.177,
            "avg": 0.22286274223764985,
            "min": 0.002,
            "med": 0.013,
            "max": 101.79
        },
        "http_req_failed": {
            "passes": 4,
            "fails": 89113,
            "value": 0.00004488481434518667
        },
        "http_reqs": {
            "count": 89117,
            "rate": 882.1629748803952
        },
        "http_req_duration{expected_response:true}": {
            "p(95)": 1002.1949999999999,
            "avg": 124.21689350599787,
            "min": 0.306,
            "med": 3.517,
            "max": 14560.763,
            "p(90)": 297.85900000000015
        },
        "iteration_duration": {
            "min": 1000.476125,
            "med": 1004.280916,
            "max": 15563.218709,
            "p(90)": 1318.427075,
            "p(95)": 2003.4648332,
            "avg": 1128.3730615419922
        },
        "vus": {
            "value": 213,
            "min": 213,
            "max": 1000
        },
        "data_received": {
            "count": 9357009,
            "rate": 92624.38025766837
        },
        "http_req_waiting": {
            "min": 0.242,
            "med": 3.434,
            "max": 14560.598,
            "p(90)": 296.2622000000003,
            "p(95)": 1002.0064,
            "avg": 123.9508144461784
        },
        "http_req_duration": {
            "max": 14560.763,
            "p(90)": 298.0344000000003,
            "p(95)": 1002.2193999999998,
            "avg": 124.49173171224336,
            "min": 0.306,
            "med": 3.518
        },
        "data_sent": {
            "count": 6238190,
            "rate": 61751.40824162766
        },
        "http_req_tls_handshaking": {
            "min": 0,
            "med": 0,
            "max": 0,
            "p(90)": 0,
            "p(95)": 0,
            "avg": 0
        },
        "checks": {
            "passes": 89113,
            "fails": 4,
            "value": 0.9999551151856548
        },
        "http_req_blocked": {
            "avg": 2.453372499074238,
            "min": 0.048,
            "med": 0.204,
            "max": 274.867,
            "p(90)": 0.873,
            "p(95)": 4.435199999999996
        },
        "http_req_receiving": {
            "avg": 0.31805452382822796,
            "min": 0.004,
            "med": 0.025,
            "max": 2472.707,
            "p(90)": 0.121,
            "p(95)": 0.232
        },
        "vus_max": {
            "value": 1000,
            "min": 1000,
            "max": 1000
        },
        "iterations": {
            "count": 89117,
            "rate": 882.1629748803952
        },
        "http_req_connecting": {
            "avg": 2.2854612026886505,
            "min": 0.042,
            "med": 0.179,
            "max": 190.202,
            "p(90)": 0.733,
            "p(95)": 3.594399999999992
        }
    }
}