{
    "root_group": {
        "name": "",
        "path": "",
        "id": "d41d8cd98f00b204e9800998ecf8427e",
        "groups": {},
        "checks": {
                "status is 200": {
                    "path": "::status is 200",
                    "id": "6210a8cd14cd70477eba5c5e4cb3fb5f",
                    "passes": 95748,
                    "fails": 0,
                    "name": "status is 200"
                }
            }
    },
    "metrics": {
        "iteration_duration": {
            "avg": 1050.124837551874,
            "min": 1000.541667,
            "med": 1005.461541,
            "max": 5434.73725,
            "p(90)": 1069.535525,
            "p(95)": 1227.23084825
        },
        "http_req_connecting": {
            "avg": 1.865103093537226,
            "min": 0.037,
            "med": 0.186,
            "max": 241.711,
            "p(90)": 0.495,
            "p(95)": 0.962
        },
        "data_sent": {
            "count": 6702360,
            "rate": 66369.5624739913
        },
        "http_req_blocked": {
            "min": 0.043,
            "med": 0.214,
            "max": 257.01,
            "p(90)": 0.572,
            "p(95)": 1.126,
            "avg": 2.0957510966286943
        },
        "http_req_receiving": {
            "min": 0.004,
            "med": 0.024,
            "max": 785.427,
            "p(90)": 0.104,
            "p(95)": 0.202,
            "avg": 0.10389928771358642
        },
        "vus": {
            "value": 104,
            "min": 104,
            "max": 1000
        },
        "http_req_waiting": {
            "med": 4.558,
            "max": 4429.716,
            "p(90)": 65.85660000000013,
            "p(95)": 218.5995499999997,
            "avg": 47.051374295024736,
            "min": 0.299
        },
        "http_req_failed": {
            "passes": 0,
            "fails": 95748,
            "value": 0
        },
        "checks": {
            "fails": 0,
            "passes": 95748,
            "value": 1
        },
        "http_req_duration{expected_response:true}": {
            "avg": 47.28651626143576,
            "min": 0.353,
            "med": 4.661,
            "max": 4430.201,
            "p(90)": 66.67060000000001,
            "p(95)": 220.17769999999967
        },
        "data_received": {
            "count": 10053540,
            "rate": 99554.34371098694
        },
        "http_req_duration": {
            "p(95)": 220.17769999999967,
            "avg": 47.28651626143576,
            "min": 0.353,
            "med": 4.661,
            "max": 4430.201,
            "p(90)": 66.67060000000001
        },
        "iterations": {
            "count": 95748,
            "rate": 948.1366067713043
        },
        "vus_max": {
            "value": 1000,
            "min": 1000,
            "max": 1000
        },
        "http_req_sending": {
            "p(90)": 0.052,
            "p(95)": 0.114,
            "avg": 0.1312426786982565,
            "min": 0.003,
            "med": 0.014,
            "max": 212.568
        },
        "http_req_tls_handshaking": {
            "p(95)": 0,
            "avg": 0,
            "min": 0,
            "med": 0,
            "max": 0,
            "p(90)": 0
        },
        "http_reqs": {
            "count": 95748,
            "rate": 948.1366067713043
        }
    }
}