{
    "root_group": {
        "groups": {},
        "checks": {
                "status is 200": {
                    "name": "status is 200",
                    "path": "::status is 200",
                    "id": "6210a8cd14cd70477eba5c5e4cb3fb5f",
                    "passes": 99038,
                    "fails": 0
                }
            },
        "name": "",
        "path": "",
        "id": "d41d8cd98f00b204e9800998ecf8427e"
    },
    "metrics": {
        "http_req_duration": {
            "max": 338.497,
            "p(90)": 16.106300000000005,
            "p(95)": 43.32349999999987,
            "avg": 9.160185302611286,
            "min": 0.175,
            "med": 1.901
        },
        "http_req_sending": {
            "min": 0.001,
            "med": 0.006,
            "max": 220.95,
            "p(90)": 0.033,
            "p(95)": 0.118,
            "avg": 0.3755797168761346
        },
        "vus": {
            "value": 17,
            "min": 17,
            "max": 1000
        },
        "http_req_tls_handshaking": {
            "avg": 0,
            "min": 0,
            "med": 0,
            "max": 0,
            "p(90)": 0,
            "p(95)": 0
        },
        "data_sent": {
            "count": 6932660,
            "rate": 68652.84101824692
        },
        "vus_max": {
            "value": 1000,
            "min": 1000,
            "max": 1000
        },
        "http_req_receiving": {
            "avg": 0.09720410347542438,
            "min": 0.003,
            "med": 0.012,
            "max": 111.893,
            "p(90)": 0.041,
            "p(95)": 0.064
        },
        "iterations": {
            "rate": 980.7548716892419,
            "count": 99038
        },
        "http_reqs": {
            "count": 99038,
            "rate": 980.7548716892419
        },
        "http_req_blocked": {
            "p(95)": 0.016,
            "avg": 0.6806130172243529,
            "min": 0,
            "med": 0.002,
            "max": 153.285,
            "p(90)": 0.008
        },
        "http_req_failed": {
            "passes": 0,
            "fails": 99038,
            "value": 0
        },
        "http_req_duration{expected_response:true}": {
            "max": 338.497,
            "p(90)": 16.106300000000005,
            "p(95)": 43.32349999999987,
            "avg": 9.160185302611286,
            "min": 0.175,
            "med": 1.901
        },
        "iteration_duration": {
            "p(95)": 1053.41650005,
            "avg": 1012.0537761558979,
            "min": 1000.219458,
            "med": 1002.3751665,
            "max": 1419.740084,
            "p(90)": 1017.9763583
        },
        "http_req_waiting": {
            "p(90)": 15.783,
            "p(95)": 41.81009999999994,
            "avg": 8.68740148225932,
            "min": 0.168,
            "med": 1.844,
            "max": 232.446
        },
        "http_req_connecting": {
            "min": 0,
            "med": 0,
            "max": 152.73,
            "p(90)": 0,
            "p(95)": 0,
            "avg": 0.6581291928350737
        },
        "checks": {
            "passes": 99038,
            "fails": 0,
            "value": 1
        },
        "data_received": {
            "count": 10398990,
            "rate": 102979.2615273704
        }
    }
}