{
    "metrics": {
        "http_req_sending": {
            "med": 0.017,
            "max": 92.507,
            "p(90)": 0.081,
            "p(95)": 0.233,
            "avg": 0.31158455514356753,
            "min": 0.003
        },
        "iterations": {
            "count": 90917,
            "rate": 900.0904278184244
        },
        "http_req_waiting": {
            "avg": 100.87475728411624,
            "min": 0.291,
            "med": 4.065,
            "max": 13107.444,
            "p(90)": 118.01720000000016,
            "p(95)": 679.2395999999985
        },
        "data_sent": {
            "count": 6364190,
            "rate": 63006.329947289705
        },
        "http_req_blocked": {
            "p(95)": 2.2521999999999958,
            "avg": 2.4509728873588275,
            "min": 0.06,
            "med": 0.238,
            "max": 180.366,
            "p(90)": 0.836400000000002
        },
        "data_received": {
            "count": 9538593,
            "rate": 94433.34309486486
        },
        "http_req_failed": {
            "passes": 113,
            "fails": 90804,
            "value": 0.0012428918684074485
        },
        "http_req_duration{expected_response:true}": {
            "p(90)": 114.95530000000012,
            "p(95)": 651.8380499999992,
            "avg": 96.52795991365996,
            "min": 0.348,
            "med": 4.152,
            "max": 13107.481
        },
        "http_req_receiving": {
            "med": 0.029,
            "max": 2737.391,
            "p(90)": 0.118,
            "p(95)": 0.22619999999999596,
            "avg": 0.3272273942167019,
            "min": 0.005
        },
        "vus_max": {
            "max": 1000,
            "value": 1000,
            "min": 1000
        },
        "vus": {
            "min": 56,
            "max": 1000,
            "value": 56
        },
        "http_reqs": {
            "count": 90917,
            "rate": 900.0904278184244
        },
        "checks": {
            "passes": 90804,
            "fails": 113,
            "value": 0.9987571081315926
        },
        "iteration_duration": {
            "med": 1005.085375,
            "max": 14107.673167,
            "p(90)": 1125.9226248,
            "p(95)": 1735.6295161999994,
            "avg": 1104.9918170655199,
            "min": 1000.513584
        },
        "http_req_tls_handshaking": {
            "min": 0,
            "med": 0,
            "max": 0,
            "p(90)": 0,
            "p(95)": 0,
            "avg": 0
        },
        "http_req_duration": {
            "avg": 101.51356923347653,
            "min": 0.348,
            "med": 4.162,
            "max": 13107.481,
            "p(90)": 118.64380000000003,
            "p(95)": 691.3243999999996
        },
        "http_req_connecting": {
            "max": 147.79,
            "p(90)": 0.692,
            "p(95)": 1.755,
            "avg": 1.920172486993631,
            "min": 0.052,
            "med": 0.208
        }
    },
    "root_group": {
        "id": "d41d8cd98f00b204e9800998ecf8427e",
        "groups": {},
        "checks": {
                "status is 200": {
                    "path": "::status is 200",
                    "id": "6210a8cd14cd70477eba5c5e4cb3fb5f",
                    "passes": 90804,
                    "fails": 113,
                    "name": "status is 200"
                }
            },
        "name": "",
        "path": ""
    }
}