{
    "root_group": {
        "name": "",
        "path": "",
        "id": "d41d8cd98f00b204e9800998ecf8427e",
        "groups": {},
        "checks": {
                "status is 200": {
                    "name": "status is 200",
                    "path": "::status is 200",
                    "id": "6210a8cd14cd70477eba5c5e4cb3fb5f",
                    "passes": 97166,
                    "fails": 0
                }
            }
    },
    "metrics": {
        "http_req_sending": {
            "avg": 0.1008471070127495,
            "min": 0.003,
            "med": 0.015,
            "max": 71.17,
            "p(90)": 0.065,
            "p(95)": 0.168
        },
        "iteration_duration": {
            "max": 5250.624958,
            "p(90)": 1032.3390000000002,
            "p(95)": 1097.68540675,
            "avg": 1032.6699327005856,
            "min": 1000.522084,
            "med": 1004.8852085000001
        },
        "http_req_receiving": {
            "avg": 0.10250197599984738,
            "min": 0.005,
            "med": 0.026,
            "max": 96.431,
            "p(90)": 0.119,
            "p(95)": 0.238
        },
        "vus_max": {
            "min": 1000,
            "max": 1000,
            "value": 1000
        },
        "checks": {
            "fails": 0,
            "passes": 97166,
            "value": 1
        },
        "data_received": {
            "count": 10202430,
            "rate": 101018.41819250576
        },
        "data_sent": {
            "count": 6801620,
            "rate": 67345.61212833718
        },
        "http_req_connecting": {
            "avg": 0.6431780252351766,
            "min": 0.037,
            "med": 0.204,
            "max": 96.572,
            "p(90)": 0.728,
            "p(95)": 1.497
        },
        "http_req_failed": {
            "passes": 0,
            "fails": 97166,
            "value": 0
        },
        "vus": {
            "value": 68,
            "min": 68,
            "max": 1000
        },
        "http_req_duration{expected_response:true}": {
            "avg": 31.178617242656884,
            "min": 0.263,
            "med": 4.013,
            "max": 4250.043,
            "p(90)": 29.172000000000008,
            "p(95)": 89.7292499999998
        },
        "http_req_waiting": {
            "avg": 30.97526815964419,
            "min": 0.232,
            "med": 3.901,
            "max": 4249.941,
            "p(90)": 28.776500000000002,
            "p(95)": 88.44149999999952
        },
        "http_req_blocked": {
            "p(90)": 0.837,
            "p(95)": 1.737,
            "avg": 0.7339856740012088,
            "min": 0.045,
            "med": 0.232,
            "max": 188.465
        },
        "http_req_tls_handshaking": {
            "max": 0,
            "p(90)": 0,
            "p(95)": 0,
            "avg": 0,
            "min": 0,
            "med": 0
        },
        "http_reqs": {
            "rate": 962.0801732619597,
            "count": 97166
        },
        "iterations": {
            "count": 97166,
            "rate": 962.0801732619597
        },
        "http_req_duration": {
            "p(90)": 29.172000000000008,
            "p(95)": 89.7292499999998,
            "avg": 31.178617242656884,
            "min": 0.263,
            "med": 4.013,
            "max": 4250.043
        }
    }
}