{
    "root_group": {
        "checks": {
            "status is 200": {
                "name": "status is 200",
                "path": "::status is 200",
                "id": "6210a8cd14cd70477eba5c5e4cb3fb5f",
                "passes": 97452,
                "fails": 0
            }
        },
        "name": "",
        "path": "",
        "id": "d41d8cd98f00b204e9800998ecf8427e",
        "groups": {}
    },
    "metrics": {
        "http_req_receiving": {
            "med": 0.025,
            "max": 121.66,
            "p(90)": 0.095,
            "p(95)": 0.186,
            "avg": 0.07791182325657962,
            "min": 0.004
        },
        "http_reqs": {
            "count": 97452,
            "rate": 965.1581302138082
        },
        "iteration_duration": {
            "p(95)": 1070.4888663,
            "avg": 1028.9666516144832,
            "min": 1000.482833,
            "med": 1004.373562,
            "max": 5157.297,
            "p(90)": 1028.4965665999998
        },
        "data_sent": {
            "count": 6821640,
            "rate": 67561.06911496658
        },
        "vus": {
            "value": 9,
            "min": 9,
            "max": 1000
        },
        "http_req_duration": {
            "med": 3.723,
            "max": 4137.144,
            "p(90)": 27.015900000000002,
            "p(95)": 68.83424999999998,
            "avg": 27.425598253498965,
            "min": 0.345
        },
        "http_req_sending": {
            "p(95)": 0.099,
            "avg": 0.06621955424209183,
            "min": 0.003,
            "med": 0.014,
            "max": 54.176,
            "p(90)": 0.048
        },
        "checks": {
            "passes": 97452,
            "fails": 0,
            "value": 1
        },
        "data_received": {
            "count": 10232460,
            "rate": 101341.60367244986
        },
        "http_req_blocked": {
            "p(95)": 0.9594499999999956,
            "avg": 1.0854219513196086,
            "min": 0.049,
            "med": 0.212,
            "max": 197.23,
            "p(90)": 0.564
        },
        "http_req_connecting": {
            "avg": 1.022658693510655,
            "min": 0.038,
            "med": 0.188,
            "max": 128.239,
            "p(90)": 0.496,
            "p(95)": 0.855
        },
        "iterations": {
            "count": 97452,
            "rate": 965.1581302138082
        },
        "http_req_duration{expected_response:true}": {
            "max": 4137.144,
            "p(90)": 27.015900000000002,
            "p(95)": 68.83424999999998,
            "avg": 27.425598253498965,
            "min": 0.345,
            "med": 3.723
        },
        "http_req_waiting": {
            "avg": 27.281466876000074,
            "min": 0.305,
            "med": 3.643,
            "max": 4136.997,
            "p(90)": 26.677700000000026,
            "p(95)": 68.53484999999985
        },
        "http_req_failed": {
            "passes": 0,
            "fails": 97452,
            "value": 0
        },
        "vus_max": {
            "min": 1000,
            "max": 1000,
            "value": 1000
        },
        "http_req_tls_handshaking": {
            "p(90)": 0,
            "p(95)": 0,
            "avg": 0,
            "min": 0,
            "med": 0,
            "max": 0
        }
    }
}