{
    "metrics": {
        "http_req_duration": {
            "p(95)": 2047.346,
            "avg": 515.762320205303,
            "min": 0.376,
            "med": 77.15,
            "max": 52245.124,
            "p(90)": 1320.412
        },
        "http_req_connecting": {
            "p(95)": 30.747,
            "avg": 5.789292639466289,
            "min": 0,
            "med": 0.235,
            "max": 1106.767,
            "p(90)": 2.566
        },
        "http_req_waiting": {
            "p(90)": 1314.574,
            "p(95)": 2044.529,
            "avg": 513.8975509815572,
            "min": 0.321,
            "med": 76.493,
            "max": 52244.903
        },
        "checks": {
            "passes": 65606,
            "fails": 55,
            "value": 0.9991623642649365
        },
        "vus_max": {
            "value": 1000,
            "min": 1000,
            "max": 1000
        },
        "iterations": {
            "count": 65661,
            "rate": 594.5244103514124
        },
        "vus": {
            "max": 1000,
            "value": 1,
            "min": 1
        },
        "http_req_sending": {
            "max": 544.88,
            "p(90)": 0.225,
            "p(95)": 0.736,
            "avg": 0.9517669545087587,
            "min": 0.003,
            "med": 0.022
        },
        "http_req_receiving": {
            "min": 0,
            "med": 0.04,
            "max": 1407.06,
            "p(90)": 0.235,
            "p(95)": 0.523,
            "avg": 0.9130022692312952
        },
        "http_req_blocked": {
            "avg": 6.839266429082734,
            "min": 0.045,
            "med": 0.289,
            "max": 1269.077,
            "p(90)": 3.886,
            "p(95)": 31.755
        },
        "iteration_duration": {
            "min": 1000.53,
            "med": 1091.091625,
            "max": 53576.138083,
            "p(90)": 2372.872542,
            "p(95)": 3100.844375,
            "avg": 1529.0002729986868
        },
        "http_reqs": {
            "count": 65661,
            "rate": 594.5244103514124
        },
        "http_req_duration{expected_response:true}": {
            "max": 52245.124,
            "p(90)": 1312.406,
            "p(95)": 2026.680249999999,
            "avg": 509.76177640764723,
            "min": 0.376,
            "med": 76.8485
        },
        "http_req_failed": {
            "passes": 55,
            "fails": 65606,
            "value": 0.0008376357350634319
        },
        "http_req_tls_handshaking": {
            "avg": 0,
            "min": 0,
            "med": 0,
            "max": 0,
            "p(90)": 0,
            "p(95)": 0
        },
        "data_received": {
            "count": 6890358,
            "rate": 62388.4197173381
        },
        "data_sent": {
            "count": 4596410,
            "rate": 41617.97634795899
        }
    },
    "root_group": {
        "checks": {
            "status is 200": {
                "passes": 65606,
                "fails": 55,
                "name": "status is 200",
                "path": "::status is 200",
                "id": "6210a8cd14cd70477eba5c5e4cb3fb5f"
            }
        },
        "name": "",
        "path": "",
        "id": "d41d8cd98f00b204e9800998ecf8427e",
        "groups": {}
    }
}