{
    "root_group": {
        "path": "",
        "id": "d41d8cd98f00b204e9800998ecf8427e",
        "groups": {},
        "checks": {
                "status is 200": {
                    "name": "status is 200",
                    "path": "::status is 200",
                    "id": "6210a8cd14cd70477eba5c5e4cb3fb5f",
                    "passes": 77276,
                    "fails": 29
                }
            },
        "name": ""
    },
    "metrics": {
        "checks": {
            "passes": 77276,
            "fails": 29,
            "value": 0.9996248625574025
        },
        "iteration_duration": {
            "p(90)": 2009.4440248,
            "p(95)": 2348.9637999999986,
            "avg": 1298.9377014401077,
            "min": 1000.550625,
            "med": 1012.2485,
            "max": 61002.753042
        },
        "vus": {
            "value": 90,
            "min": 90,
            "max": 1000
        },
        "data_sent": {
            "count": 5411420,
            "rate": 53378.5601702994
        },
        "http_req_duration{expected_response:true}": {
            "p(95)": 1304.6315,
            "avg": 288.3071703504342,
            "min": 0.315,
            "med": 10.092,
            "max": 36529.747,
            "p(90)": 1005.9655
        },
        "iterations": {
            "count": 77305,
            "rate": 762.5409955178116
        },
        "vus_max": {
            "value": 1000,
            "min": 1000,
            "max": 1000
        },
        "http_reqs": {
            "count": 77305,
            "rate": 762.5409955178116
        },
        "http_req_sending": {
            "max": 143.156,
            "p(90)": 0.163,
            "p(95)": 0.541,
            "avg": 0.547755940754123,
            "min": 0.003,
            "med": 0.017
        },
        "http_req_receiving": {
            "med": 0.03,
            "max": 1589.785,
            "p(90)": 0.158,
            "p(95)": 0.322,
            "avg": 0.4518177478817121,
            "min": 0
        },
        "http_req_failed": {
            "fails": 77276,
            "passes": 29,
            "value": 0.0003751374425975034
        },
        "http_req_waiting": {
            "max": 60002.118,
            "p(90)": 1004.9376000000001,
            "p(95)": 1304.4985999999997,
            "avg": 290.32629864821666,
            "min": 0.277,
            "med": 9.933
        },
        "http_req_connecting": {
            "med": 0.216,
            "max": 400.802,
            "p(90)": 1.9726000000000017,
            "p(95)": 17.838799999999996,
            "avg": 3.789760080201826,
            "min": 0
        },
        "http_req_duration": {
            "p(95)": 1306.0086,
            "avg": 291.32587233684995,
            "min": 0.315,
            "med": 10.103,
            "max": 60002.165,
            "p(90)": 1006.4692
        },
        "http_req_tls_handshaking": {
            "max": 0,
            "p(90)": 0,
            "p(95)": 0,
            "avg": 0,
            "min": 0,
            "med": 0
        },
        "http_req_blocked": {
            "max": 400.827,
            "p(90)": 2.736,
            "p(95)": 21.288999999999813,
            "avg": 4.19725576612116,
            "min": 0.047,
            "med": 0.254
        },
        "data_received": {
            "count": 8114988,
            "rate": 80046.71144343955
        }
    }
}