{
    "root_group": {
        "name": "",
        "path": "",
        "id": "d41d8cd98f00b204e9800998ecf8427e",
        "groups": {},
        "checks": {
                "status is 200": {
                    "path": "::status is 200",
                    "id": "6210a8cd14cd70477eba5c5e4cb3fb5f",
                    "passes": 94582,
                    "fails": 0,
                    "name": "status is 200"
                }
            }
    },
    "metrics": {
        "vus": {
            "value": 76,
            "min": 76,
            "max": 1000
        },
        "http_req_receiving": {
            "min": 0.005,
            "med": 0.028,
            "max": 280.626,
            "p(90)": 0.114,
            "p(95)": 0.216,
            "avg": 0.1035960965088583
        },
        "data_received": {
            "count": 9931110,
            "rate": 98323.32811403392
        },
        "http_reqs": {
            "count": 94582,
            "rate": 936.412648705085
        },
        "http_req_waiting": {
            "med": 3.91,
            "max": 3016.613,
            "p(90)": 137.35910000000004,
            "p(95)": 328.4338,
            "avg": 57.06767177687021,
            "min": 0.286
        },
        "iteration_duration": {
            "min": 1000.540667,
            "med": 1004.9691875,
            "max": 4017.380333,
            "p(90)": 1142.8955538999999,
            "p(95)": 1342.81184345,
            "avg": 1060.240947524751
        },
        "http_req_blocked": {
            "avg": 1.571644266350878,
            "min": 0.058,
            "med": 0.233,
            "max": 375.019,
            "p(90)": 0.821,
            "p(95)": 1.9719499999999959
        },
        "http_req_sending": {
            "med": 0.016,
            "max": 140.501,
            "p(90)": 0.078,
            "p(95)": 0.21594999999999578,
            "avg": 0.27254580152658986,
            "min": 0.003
        },
        "data_sent": {
            "count": 6620740,
            "rate": 65548.88540935595
        },
        "http_req_duration{expected_response:true}": {
            "p(95)": 330.949,
            "avg": 57.44381367490633,
            "min": 0.358,
            "med": 4.012,
            "max": 3016.641,
            "p(90)": 137.85810000000006
        },
        "iterations": {
            "count": 94582,
            "rate": 936.412648705085
        },
        "http_req_connecting": {
            "avg": 1.4212527753695179,
            "min": 0.046,
            "med": 0.203,
            "max": 374.09,
            "p(90)": 0.697,
            "p(95)": 1.5709499999999958
        },
        "checks": {
            "passes": 94582,
            "fails": 0,
            "value": 1
        },
        "vus_max": {
            "value": 1000,
            "min": 1000,
            "max": 1000
        },
        "http_req_duration": {
            "p(95)": 330.949,
            "avg": 57.44381367490633,
            "min": 0.358,
            "med": 4.012,
            "max": 3016.641,
            "p(90)": 137.85810000000006
        },
        "http_req_tls_handshaking": {
            "min": 0,
            "med": 0,
            "max": 0,
            "p(90)": 0,
            "p(95)": 0,
            "avg": 0
        },
        "http_req_failed": {
            "passes": 0,
            "fails": 94582,
            "value": 0
        }
    }
}