{
    "root_group": {
        "id": "d41d8cd98f00b204e9800998ecf8427e",
        "groups": {},
        "checks": {
                "status is 200": {
                    "fails": 123,
                    "name": "status is 200",
                    "path": "::status is 200",
                    "id": "6210a8cd14cd70477eba5c5e4cb3fb5f",
                    "passes": 85930
                }
            },
        "name": "",
        "path": ""
    },
    "metrics": {
        "checks": {
            "passes": 85930,
            "fails": 123,
            "value": 0.9985706483213833
        },
        "http_req_blocked": {
            "p(90)": 1.106,
            "p(95)": 5.696399999999996,
            "avg": 6.03589824875361,
            "min": 0.053,
            "med": 0.231,
            "max": 1115.211
        },
        "vus": {
            "min": 39,
            "max": 1000,
            "value": 39
        },
        "vus_max": {
            "value": 1000,
            "min": 1000,
            "max": 1000
        },
        "http_req_sending": {
            "min": 0.003,
            "med": 0.015,
            "max": 149.594,
            "p(90)": 0.094,
            "p(95)": 0.285,
            "avg": 0.252182166804112
        },
        "http_req_waiting": {
            "max": 13842.54,
            "p(90)": 284.97100000000006,
            "p(95)": 1068.9497999999999,
            "avg": 156.26860467386257,
            "min": 0,
            "med": 4.745
        },
        "http_req_failed": {
            "passes": 123,
            "fails": 85930,
            "value": 0.0014293516786166665
        },
        "iteration_duration": {
            "med": 1006.133125,
            "max": 14846.521583,
            "p(90)": 1317.9901582,
            "p(95)": 2095.2164084,
            "avg": 1166.5983863752053,
            "min": 1000.5295
        },
        "http_req_duration": {
            "min": 0.021,
            "med": 4.856,
            "max": 13842.583,
            "p(90)": 287.2898000000001,
            "p(95)": 1071.2229999999997,
            "avg": 156.96442062449657
        },
        "http_reqs": {
            "count": 86053,
            "rate": 852.7223293893154
        },
        "http_req_receiving": {
            "avg": 0.4436337838308633,
            "min": 0,
            "med": 0.026,
            "max": 2514.447,
            "p(90)": 0.132,
            "p(95)": 0.264
        },
        "data_sent": {
            "rate": 59690.56305725208,
            "count": 6023710
        },
        "iterations": {
            "count": 86053,
            "rate": 852.7223293893154
        },
        "http_req_duration{expected_response:true}": {
            "avg": 152.36639736995,
            "min": 0.021,
            "med": 4.844,
            "max": 13842.583,
            "p(90)": 274.81810000000024,
            "p(95)": 1062.4181999999996
        },
        "data_received": {
            "rate": 89435.30514211691,
            "count": 9025419
        },
        "http_req_tls_handshaking": {
            "max": 0,
            "p(90)": 0,
            "p(95)": 0,
            "avg": 0,
            "min": 0,
            "med": 0
        },
        "http_req_connecting": {
            "max": 1059.652,
            "p(90)": 0.876,
            "p(95)": 4.522399999999996,
            "avg": 5.687305730189503,
            "min": 0.045,
            "med": 0.2
        }
    }
}