{
    "root_group": {
        "groups": {},
        "checks": {
                "status is 200": {
                    "name": "status is 200",
                    "path": "::status is 200",
                    "id": "6210a8cd14cd70477eba5c5e4cb3fb5f",
                    "passes": 98906,
                    "fails": 0
                }
            },
        "name": "",
        "path": "",
        "id": "d41d8cd98f00b204e9800998ecf8427e"
    },
    "metrics": {
        "vus": {
            "value": 235,
            "min": 235,
            "max": 1000
        },
        "checks": {
            "passes": 98906,
            "fails": 0,
            "value": 1
        },
        "data_received": {
            "count": 10385130,
            "rate": 102674.41911278035
        },
        "iterations": {
            "count": 98906,
            "rate": 977.851610597908
        },
        "http_reqs": {
            "rate": 977.851610597908,
            "count": 98906
        },
        "http_req_failed": {
            "passes": 0,
            "fails": 98906,
            "value": 0
        },
        "http_req_tls_handshaking": {
            "p(95)": 0,
            "avg": 0,
            "min": 0,
            "med": 0,
            "max": 0,
            "p(90)": 0
        },
        "vus_max": {
            "value": 1000,
            "min": 1000,
            "max": 1000
        },
        "http_req_duration{expected_response:true}": {
            "p(90)": 19.80100000000001,
            "p(95)": 36.73024999999995,
            "avg": 10.720514801933106,
            "min": 0.162,
            "med": 2.836,
            "max": 397.351
        },
        "http_req_waiting": {
            "avg": 10.104454077609143,
            "min": 0.153,
            "med": 2.7475,
            "max": 397.283,
            "p(90)": 19.084,
            "p(95)": 35.317999999999984
        },
        "iteration_duration": {
            "avg": 1014.823540922011,
            "min": 1000.244,
            "med": 1003.6062085000001,
            "max": 1397.84225,
            "p(90)": 1027.1182295,
            "p(95)": 1082.3848965
        },
        "data_sent": {
            "rate": 68449.61274185356,
            "count": 6923420
        },
        "http_req_blocked": {
            "min": 0,
            "med": 0.002,
            "max": 252.67,
            "p(90)": 0.009,
            "p(95)": 0.019,
            "avg": 0.5715866277059588
        },
        "http_req_connecting": {
            "max": 161.627,
            "p(90)": 0,
            "p(95)": 0,
            "avg": 0.5167171961256154,
            "min": 0,
            "med": 0
        },
        "http_req_duration": {
            "avg": 10.720514801933106,
            "min": 0.162,
            "med": 2.836,
            "max": 397.351,
            "p(90)": 19.80100000000001,
            "p(95)": 36.73024999999995
        },
        "http_req_sending": {
            "p(90)": 0.056,
            "p(95)": 0.256,
            "avg": 0.5752189149292172,
            "min": 0.001,
            "med": 0.007,
            "max": 186.712
        },
        "http_req_receiving": {
            "p(95)": 0.061,
            "avg": 0.040841809394778376,
            "min": 0.003,
            "med": 0.013,
            "max": 85.944,
            "p(90)": 0.04
        }
    }
}