{
    "root_group": {
        "path": "",
        "id": "d41d8cd98f00b204e9800998ecf8427e",
        "groups": {},
        "checks": {
                "status is 200": {
                    "id": "6210a8cd14cd70477eba5c5e4cb3fb5f",
                    "passes": 94343,
                    "fails": 0,
                    "name": "status is 200",
                    "path": "::status is 200"
                }
            },
        "name": ""
    },
    "metrics": {
        "http_req_duration{expected_response:true}": {
            "p(90)": 144.90920000000003,
            "p(95)": 411.19819999999964,
            "avg": 60.472944775977496,
            "min": 0.366,
            "med": 4.4,
            "max": 3192.736
        },
        "data_sent": {
            "count": 6604010,
            "rate": 65379.60191782912
        },
        "http_reqs": {
            "count": 94343,
            "rate": 933.9943131118445
        },
        "data_received": {
            "count": 9906015,
            "rate": 98069.40287674367
        },
        "iteration_duration": {
            "min": 1000.549833,
            "med": 1005.4235,
            "max": 4194.842625,
            "p(90)": 1156.3632664,
            "p(95)": 1439.6448080999985,
            "avg": 1063.9725310983677
        },
        "http_req_sending": {
            "avg": 0.3521928812947248,
            "min": 0.003,
            "med": 0.016,
            "max": 155.384,
            "p(90)": 0.08,
            "p(95)": 0.218
        },
        "http_req_tls_handshaking": {
            "avg": 0,
            "min": 0,
            "med": 0,
            "max": 0,
            "p(90)": 0,
            "p(95)": 0
        },
        "http_req_blocked": {
            "p(95)": 2.504,
            "avg": 2.3360130693321595,
            "min": 0.052,
            "med": 0.232,
            "max": 266.193,
            "p(90)": 0.851
        },
        "checks": {
            "passes": 94343,
            "fails": 0,
            "value": 1
        },
        "vus_max": {
            "value": 1000,
            "min": 1000,
            "max": 1000
        },
        "http_req_duration": {
            "max": 3192.736,
            "p(90)": 144.90920000000003,
            "p(95)": 411.19819999999964,
            "avg": 60.472944775977496,
            "min": 0.366,
            "med": 4.4
        },
        "http_req_receiving": {
            "avg": 0.0960691413247479,
            "min": 0.005,
            "med": 0.027,
            "max": 323.259,
            "p(90)": 0.114,
            "p(95)": 0.216
        },
        "http_req_failed": {
            "fails": 94343,
            "passes": 0,
            "value": 0
        },
        "vus": {
            "min": 147,
            "max": 1000,
            "value": 147
        },
        "http_req_waiting": {
            "avg": 60.02468275335682,
            "min": 0.295,
            "med": 4.293,
            "max": 3192.678,
            "p(90)": 144.08360000000008,
            "p(95)": 407.6581999999992
        },
        "iterations": {
            "count": 94343,
            "rate": 933.9943131118445
        },
        "http_req_connecting": {
            "max": 262.449,
            "p(90)": 0.715,
            "p(95)": 2.050899999999996,
            "avg": 2.164844545965305,
            "min": 0.036,
            "med": 0.201
        }
    }
}