{
    "root_group": {
        "name": "",
        "path": "",
        "id": "d41d8cd98f00b204e9800998ecf8427e",
        "groups": {},
        "checks": {
                "status is 200": {
                    "fails": 0,
                    "name": "status is 200",
                    "path": "::status is 200",
                    "id": "6210a8cd14cd70477eba5c5e4cb3fb5f",
                    "passes": 92691
                }
            }
    },
    "metrics": {
        "http_req_connecting": {
            "min": 0,
            "med": 0,
            "max": 81.387,
            "p(90)": 0,
            "p(95)": 0,
            "avg": 0.22862694328467756
        },
        "http_req_waiting": {
            "p(90)": 92.44,
            "p(95)": 234.76749999999953,
            "avg": 60.09991494319823,
            "min": 0.17,
            "med": 4.132,
            "max": 2661.251
        },
        "http_req_failed": {
            "passes": 0,
            "fails": 92691,
            "value": 0
        },
        "http_req_sending": {
            "p(95)": 0.422,
            "avg": 0.9954554595376647,
            "min": 0.001,
            "med": 0.008,
            "max": 987.226,
            "p(90)": 0.076
        },
        "http_req_duration{expected_response:true}": {
            "p(95)": 249.6624999999993,
            "avg": 63.79340794683389,
            "min": 0.182,
            "med": 4.239,
            "max": 2661.28,
            "p(90)": 96.655
        },
        "checks": {
            "passes": 92691,
            "fails": 0,
            "value": 1
        },
        "iterations": {
            "count": 92691,
            "rate": 917.7864682761603
        },
        "http_reqs": {
            "count": 92691,
            "rate": 917.7864682761603
        },
        "iteration_duration": {
            "avg": 1077.661066221258,
            "min": 1000.255167,
            "med": 1005.565167,
            "max": 3671.34075,
            "p(90)": 1129.978125,
            "p(95)": 1354.415521
        },
        "http_req_duration": {
            "avg": 63.79340794683389,
            "min": 0.182,
            "med": 4.239,
            "max": 2661.28,
            "p(90)": 96.655,
            "p(95)": 249.6624999999993
        },
        "http_req_tls_handshaking": {
            "avg": 0,
            "min": 0,
            "med": 0,
            "max": 0,
            "p(90)": 0,
            "p(95)": 0
        },
        "vus": {
            "value": 164,
            "min": 164,
            "max": 1000
        },
        "data_received": {
            "count": 9732555,
            "rate": 96367.57916899685
        },
        "http_req_blocked": {
            "med": 0.003,
            "max": 807.604,
            "p(90)": 0.014,
            "p(95)": 0.029,
            "avg": 1.2561079392810834,
            "min": 0
        },
        "http_req_receiving": {
            "min": 0.003,
            "med": 0.014,
            "max": 1531.372,
            "p(90)": 0.05,
            "p(95)": 0.09,
            "avg": 2.698037544098159
        },
        "data_sent": {
            "count": 6488370,
            "rate": 64245.05277933123
        },
        "vus_max": {
            "value": 1000,
            "min": 1000,
            "max": 1000
        }
    }
}