{
    "root_group": {
        "checks": {
            "status is 200": {
                "name": "status is 200",
                "path": "::status is 200",
                "id": "6210a8cd14cd70477eba5c5e4cb3fb5f",
                "passes": 99122,
                "fails": 0
            }
        },
        "name": "",
        "path": "",
        "id": "d41d8cd98f00b204e9800998ecf8427e",
        "groups": {}
    },
    "metrics": {
        "http_req_blocked": {
            "avg": 1.151264028165854,
            "min": 0,
            "med": 0.002,
            "max": 284.061,
            "p(90)": 0.01,
            "p(95)": 0.022
        },
        "http_req_sending": {
            "min": 0.001,
            "med": 0.007,
            "max": 273.29,
            "p(90)": 0.05,
            "p(95)": 0.206,
            "avg": 0.3326464659713418
        },
        "data_received": {
            "count": 10407810,
            "rate": 103048.49712389642
        },
        "vus_max": {
            "value": 1000,
            "min": 1000,
            "max": 1000
        },
        "data_sent": {
            "count": 6938540,
            "rate": 68698.99808259761
        },
        "http_reqs": {
            "count": 99122,
            "rate": 981.414258322823
        },
        "http_req_duration": {
            "max": 315.38,
            "p(90)": 27.115000000000023,
            "p(95)": 48.662949999999995,
            "avg": 10.324437924981467,
            "min": 0.176,
            "med": 2.648
        },
        "http_req_connecting": {
            "med": 0,
            "max": 267.016,
            "p(90)": 0,
            "p(95)": 0,
            "avg": 1.0434726296886676,
            "min": 0
        },
        "http_req_receiving": {
            "p(95)": 0.063,
            "avg": 0.053619257077143226,
            "min": 0.003,
            "med": 0.013,
            "max": 265.711,
            "p(90)": 0.041
        },
        "iterations": {
            "count": 99122,
            "rate": 981.414258322823
        },
        "http_req_tls_handshaking": {
            "avg": 0,
            "min": 0,
            "med": 0,
            "max": 0,
            "p(90)": 0,
            "p(95)": 0
        },
        "iteration_duration": {
            "min": 1000.226042,
            "med": 1003.466146,
            "max": 1338.478375,
            "p(90)": 1035.3581872,
            "p(95)": 1060.2643128,
            "avg": 1014.5919934355173
        },
        "http_req_duration{expected_response:true}": {
            "p(95)": 48.662949999999995,
            "avg": 10.324437924981467,
            "min": 0.176,
            "med": 2.648,
            "max": 315.38,
            "p(90)": 27.115000000000023
        },
        "http_req_failed": {
            "passes": 0,
            "fails": 99122,
            "value": 0
        },
        "checks": {
            "passes": 99122,
            "fails": 0,
            "value": 1
        },
        "vus": {
            "min": 9,
            "max": 1000,
            "value": 9
        },
        "http_req_waiting": {
            "avg": 9.938172201932948,
            "min": 0.166,
            "med": 2.571,
            "max": 260.736,
            "p(90)": 26.606,
            "p(95)": 47.23984999999999
        }
    }
}