{
    "root_group": {
        "checks": {
            "status is 200": {
                "name": "status is 200",
                "path": "::status is 200",
                "id": "6210a8cd14cd70477eba5c5e4cb3fb5f",
                "passes": 99444,
                "fails": 0
            }
        },
        "name": "",
        "path": "",
        "id": "d41d8cd98f00b204e9800998ecf8427e",
        "groups": {}
    },
    "metrics": {
        "iterations": {
            "count": 99444,
            "rate": 985.1263592666398
        },
        "http_req_waiting": {
            "med": 1.91,
            "max": 1157.067,
            "p(90)": 8.095,
            "p(95)": 14.804849999999995,
            "avg": 9.929983749648027,
            "min": 0.161
        },
        "http_req_tls_handshaking": {
            "min": 0,
            "med": 0,
            "max": 0,
            "p(90)": 0,
            "p(95)": 0,
            "avg": 0
        },
        "http_req_duration": {
            "max": 1178.834,
            "p(90)": 8.215400000000004,
            "p(95)": 15.079,
            "avg": 10.063800822573503,
            "min": 0.19,
            "med": 1.955
        },
        "http_req_connecting": {
            "avg": 0.0296014339728893,
            "min": 0,
            "med": 0,
            "max": 28.468,
            "p(90)": 0,
            "p(95)": 0
        },
        "checks": {
            "fails": 0,
            "passes": 99444,
            "value": 1
        },
        "data_received": {
            "rate": 103438.26772299717,
            "count": 10441620
        },
        "http_req_duration{expected_response:true}": {
            "avg": 10.063800822573503,
            "min": 0.19,
            "med": 1.955,
            "max": 1178.834,
            "p(90)": 8.215400000000004,
            "p(95)": 15.079
        },
        "http_reqs": {
            "count": 99444,
            "rate": 985.1263592666398
        },
        "http_req_failed": {
            "passes": 0,
            "fails": 99444,
            "value": 0
        },
        "data_sent": {
            "rate": 68958.84514866478,
            "count": 6961080
        },
        "iteration_duration": {
            "p(95)": 1021.9907722999999,
            "avg": 1011.7668589332633,
            "min": 1000.240375,
            "med": 1002.44075,
            "max": 2196.468125,
            "p(90)": 1009.4322457
        },
        "vus_max": {
            "value": 1000,
            "min": 1000,
            "max": 1000
        },
        "vus": {
            "min": 114,
            "max": 1000,
            "value": 114
        },
        "http_req_blocked": {
            "avg": 0.04885650215208978,
            "min": 0,
            "med": 0.002,
            "max": 141.09,
            "p(90)": 0.007,
            "p(95)": 0.013
        },
        "http_req_sending": {
            "p(90)": 0.03,
            "p(95)": 0.074,
            "avg": 0.10535326414864994,
            "min": 0.001,
            "med": 0.007,
            "max": 150.323
        },
        "http_req_receiving": {
            "avg": 0.028463808776799215,
            "min": 0.003,
            "med": 0.015,
            "max": 25.51,
            "p(90)": 0.042,
            "p(95)": 0.063
        }
    }
}