{
    "metrics": {
        "http_req_tls_handshaking": {
            "p(90)": 0,
            "p(95)": 0,
            "avg": 0,
            "min": 0,
            "med": 0,
            "max": 0
        },
        "http_req_sending": {
            "med": 0.015,
            "max": 118.956,
            "p(90)": 0.077,
            "p(95)": 0.246,
            "avg": 0.15053934930508184,
            "min": 0.002
        },
        "iteration_duration": {
            "p(95)": 2036.4454518499997,
            "avg": 1150.6391957545807,
            "min": 1000.517667,
            "med": 1006.4134795,
            "max": 11431.427542,
            "p(90)": 1322.2469375
        },
        "data_sent": {
            "count": 6235180,
            "rate": 56689.61464512594
        },
        "vus_max": {
            "min": 1000,
            "max": 1000,
            "value": 1000
        },
        "vus": {
            "value": 1,
            "min": 1,
            "max": 1000
        },
        "http_reqs": {
            "count": 89074,
            "rate": 809.8516377875135
        },
        "http_req_duration{expected_response:true}": {
            "med": 5.323,
            "max": 10429.764,
            "p(90)": 293.8384000000002,
            "p(95)": 1029.4049,
            "avg": 145.3305173037385,
            "min": 0.358
        },
        "http_req_blocked": {
            "min": 0.052,
            "med": 0.224,
            "max": 227.66,
            "p(90)": 0.876,
            "p(95)": 3.3420999999999763,
            "avg": 2.28197681702852
        },
        "http_req_connecting": {
            "avg": 2.1259510519343356,
            "min": 0.04,
            "med": 0.195,
            "max": 227.588,
            "p(90)": 0.724,
            "p(95)": 2.6690499999999884
        },
        "http_req_receiving": {
            "avg": 0.30664365583672387,
            "min": 0,
            "med": 0.025,
            "max": 1002.458,
            "p(90)": 0.132,
            "p(95)": 0.285
        },
        "data_received": {
            "rate": 84992.82653868743,
            "count": 9348195
        },
        "iterations": {
            "count": 89074,
            "rate": 809.8516377875135
        },
        "http_req_failed": {
            "fails": 89027,
            "passes": 47,
            "value": 0.0005276511664458765
        },
        "http_req_waiting": {
            "avg": 146.19254241417124,
            "min": 0.272,
            "med": 5.202,
            "max": 10429.537,
            "p(90)": 297.2275000000007,
            "p(95)": 1032.0626499999996
        },
        "checks": {
            "passes": 89027,
            "fails": 47,
            "value": 0.9994723488335541
        },
        "http_req_duration": {
            "min": 0.358,
            "med": 5.3294999999999995,
            "max": 10429.764,
            "p(90)": 298.8703000000003,
            "p(95)": 1032.53815,
            "avg": 146.64972541931357
        }
    },
    "root_group": {
        "name": "",
        "path": "",
        "id": "d41d8cd98f00b204e9800998ecf8427e",
        "groups": {},
        "checks": {
                "status is 200": {
                    "name": "status is 200",
                    "path": "::status is 200",
                    "id": "6210a8cd14cd70477eba5c5e4cb3fb5f",
                    "passes": 89027,
                    "fails": 47
                }
            }
    }
}