{
    "root_group": {
        "name": "",
        "path": "",
        "id": "d41d8cd98f00b204e9800998ecf8427e",
        "groups": {},
        "checks": {
                "status is 200": {
                    "path": "::status is 200",
                    "id": "6210a8cd14cd70477eba5c5e4cb3fb5f",
                    "passes": 67000,
                    "fails": 0,
                    "name": "status is 200"
                }
            }
    },
    "metrics": {
        "http_reqs": {
            "count": 67000,
            "rate": 660.0845400811706
        },
        "http_req_duration": {
            "avg": 509.22234101492336,
            "min": 500.432,
            "med": 506.489,
            "max": 646.209,
            "p(90)": 517.5313,
            "p(95)": 525.3952499999999
        },
        "data_sent": {
            "rate": 47526.08688584429,
            "count": 4824000
        },
        "http_req_blocked": {
            "p(95)": 0.019,
            "avg": 1.5123455223861122,
            "min": 0,
            "med": 0.002,
            "max": 171.167,
            "p(90)": 0.008
        },
        "http_req_sending": {
            "max": 99.997,
            "p(90)": 0.128,
            "p(95)": 0.44704999999999706,
            "avg": 0.2077550597014897,
            "min": 0.001,
            "med": 0.007
        },
        "iteration_duration": {
            "max": 1755.456083,
            "p(90)": 1521.6424416999998,
            "p(95)": 1533.4271875,
            "avg": 1512.7545090581177,
            "min": 1500.635042,
            "med": 1507.476958
        },
        "iterations": {
            "count": 67000,
            "rate": 660.0845400811706
        },
        "vus": {
            "min": 1000,
            "max": 1000,
            "value": 1000
        },
        "checks": {
            "passes": 67000,
            "fails": 0,
            "value": 1
        },
        "http_req_waiting": {
            "avg": 508.97796673134127,
            "min": 500.347,
            "med": 506.363,
            "max": 587.272,
            "p(90)": 517.148,
            "p(95)": 524.88915
        },
        "http_req_receiving": {
            "med": 0.015,
            "max": 14.484,
            "p(90)": 0.044,
            "p(95)": 0.081,
            "avg": 0.03661922388059766,
            "min": 0.004
        },
        "http_req_duration{expected_response:true}": {
            "avg": 509.22234101492336,
            "min": 500.432,
            "med": 506.489,
            "max": 646.209,
            "p(90)": 517.5313,
            "p(95)": 525.3952499999999
        },
        "http_req_failed": {
            "passes": 0,
            "fails": 67000,
            "value": 0
        },
        "vus_max": {
            "min": 1000,
            "max": 1000,
            "value": 1000
        },
        "http_req_connecting": {
            "max": 168.369,
            "p(90)": 0,
            "p(95)": 0,
            "avg": 1.4817551194029834,
            "min": 0,
            "med": 0
        },
        "data_received": {
            "count": 7035000,
            "rate": 69308.87670852292
        },
        "http_req_tls_handshaking": {
            "avg": 0,
            "min": 0,
            "med": 0,
            "max": 0,
            "p(90)": 0,
            "p(95)": 0
        }
    }
}