{
    "metrics": {
        "http_reqs": {
            "count": 66073,
            "rate": 652.4382793466734
        },
        "http_req_duration{expected_response:true}": {
            "avg": 515.1080130007753,
            "min": 500.374,
            "med": 506.632,
            "max": 698.848,
            "p(90)": 522.225,
            "p(95)": 574.1027999999999
        },
        "http_req_receiving": {
            "avg": 0.024529732265830353,
            "min": 0.004,
            "med": 0.01,
            "max": 23.782,
            "p(90)": 0.034,
            "p(95)": 0.051
        },
        "http_req_tls_handshaking": {
            "p(95)": 0,
            "avg": 0,
            "min": 0,
            "med": 0,
            "max": 0,
            "p(90)": 0
        },
        "vus_max": {
            "value": 1000,
            "min": 1000,
            "max": 1000
        },
        "http_req_waiting": {
            "p(90)": 521.5962,
            "p(95)": 573.2017999999999,
            "avg": 514.9234930758438,
            "min": 500.346,
            "med": 506.565,
            "max": 698.499
        },
        "data_sent": {
            "count": 4757256,
            "rate": 46975.55611296048
        },
        "http_req_duration": {
            "p(95)": 574.1027999999999,
            "avg": 515.1080130007753,
            "min": 500.374,
            "med": 506.632,
            "max": 698.848,
            "p(90)": 522.225
        },
        "checks": {
            "passes": 66073,
            "fails": 0,
            "value": 1
        },
        "http_req_blocked": {
            "min": 0,
            "med": 0.002,
            "max": 212.406,
            "p(90)": 0.006,
            "p(95)": 0.013,
            "avg": 1.492774416176073
        },
        "http_req_sending": {
            "max": 171.391,
            "p(90)": 0.04,
            "p(95)": 0.209,
            "avg": 0.15999019266571607,
            "min": 0.001,
            "med": 0.005
        },
        "iteration_duration": {
            "min": 1500.425375,
            "med": 1507.335583,
            "max": 1771.82275,
            "p(90)": 1526.6892996,
            "p(95)": 1583.7857004,
            "avg": 1517.5603190013294
        },
        "http_req_failed": {
            "passes": 0,
            "fails": 66073,
            "value": 0
        },
        "vus": {
            "value": 73,
            "min": 73,
            "max": 1000
        },
        "http_req_connecting": {
            "max": 203.469,
            "p(90)": 0,
            "p(95)": 0,
            "avg": 1.174214777594478,
            "min": 0,
            "med": 0
        },
        "data_received": {
            "count": 6937665,
            "rate": 68506.0193314007
        },
        "iterations": {
            "count": 66073,
            "rate": 652.4382793466734
        }
    },
    "root_group": {
        "name": "",
        "path": "",
        "id": "d41d8cd98f00b204e9800998ecf8427e",
        "groups": {},
        "checks": {
                "status is 200": {
                    "name": "status is 200",
                    "path": "::status is 200",
                    "id": "6210a8cd14cd70477eba5c5e4cb3fb5f",
                    "passes": 66073,
                    "fails": 0
                }
            }
    }
}