{
    "metrics": {
        "http_req_waiting": {
            "min": 500.603,
            "med": 509.527,
            "max": 12620.937,
            "p(90)": 945.2498000000003,
            "p(95)": 1558.1573999999998,
            "avg": 670.9295140728904
        },
        "iteration_duration": {
            "min": 1500.843083,
            "med": 1511.36,
            "max": 13621.489125,
            "p(90)": 1971.4981922000002,
            "p(95)": 2561.4829502,
            "avg": 1676.1430886522562
        },
        "http_req_duration{expected_response:true}": {
            "min": 500.628,
            "med": 509.711,
            "max": 12620.988,
            "p(90)": 943.9074,
            "p(95)": 1554.8504999999998,
            "avg": 667.7431985091819
        },
        "vus": {
            "min": 30,
            "max": 1000,
            "value": 30
        },
        "http_reqs": {
            "count": 60009,
            "rate": 581.3857957129151
        },
        "http_req_failed": {
            "passes": 42,
            "fails": 59967,
            "value": 0.0006998950157476379
        },
        "checks": {
            "passes": 59967,
            "fails": 42,
            "value": 0.9993001049842524
        },
        "http_req_blocked": {
            "avg": 2.0051694579146466,
            "min": 0.06,
            "med": 0.276,
            "max": 575.461,
            "p(90)": 1.35,
            "p(95)": 5.208599999999997
        },
        "iterations": {
            "rate": 581.3857957129151,
            "count": 60009
        },
        "http_req_receiving": {
            "avg": 0.9386583512473111,
            "min": 0.006,
            "med": 0.031,
            "max": 1382.633,
            "p(90)": 0.206,
            "p(95)": 0.552
        },
        "http_req_tls_handshaking": {
            "p(90)": 0,
            "p(95)": 0,
            "avg": 0,
            "min": 0,
            "med": 0,
            "max": 0
        },
        "http_req_connecting": {
            "min": 0.046,
            "med": 0.241,
            "max": 575.358,
            "p(90)": 1.059,
            "p(95)": 4.122,
            "avg": 1.8006367211584933
        },
        "http_req_sending": {
            "med": 0.015,
            "max": 87.635,
            "p(90)": 0.105,
            "p(95)": 0.275,
            "avg": 0.12112726424370515,
            "min": 0.003
        },
        "data_received": {
            "count": 6298047,
            "rate": 61017.431827431516
        },
        "vus_max": {
            "value": 1000,
            "min": 1000,
            "max": 1000
        },
        "data_sent": {
            "count": 4320648,
            "rate": 41859.77729132989
        },
        "http_req_duration": {
            "p(90)": 949.8992000000004,
            "p(95)": 1559.0793999999999,
            "avg": 671.9892996883814,
            "min": 500.628,
            "med": 509.728,
            "max": 12620.988
        }
    },
    "root_group": {
        "path": "",
        "id": "d41d8cd98f00b204e9800998ecf8427e",
        "groups": {},
        "checks": {
                "status is 200": {
                    "path": "::status is 200",
                    "id": "6210a8cd14cd70477eba5c5e4cb3fb5f",
                    "passes": 59967,
                    "fails": 42,
                    "name": "status is 200"
                }
            },
        "name": ""
    }
}