{
    "metrics": {
        "http_req_sending": {
            "avg": 0.47142881818202714,
            "min": 0.001,
            "med": 0.006,
            "max": 78.248,
            "p(90)": 0.165,
            "p(95)": 1.075
        },
        "vus": {
            "value": 1000,
            "min": 1000,
            "max": 1000
        },
        "data_received": {
            "count": 6930000,
            "rate": 69163.70462040094
        },
        "http_req_duration": {
            "avg": 512.1083702575717,
            "min": 500.342,
            "med": 507.1965,
            "max": 707.915,
            "p(90)": 524.2451,
            "p(95)": 533.1681
        },
        "http_req_blocked": {
            "avg": 1.1080602121197065,
            "min": 0,
            "med": 0.002,
            "max": 226.19,
            "p(90)": 0.007,
            "p(95)": 0.018
        },
        "http_req_connecting": {
            "avg": 0.8350358181818176,
            "min": 0,
            "med": 0,
            "max": 184.619,
            "p(90)": 0,
            "p(95)": 0
        },
        "data_sent": {
            "count": 4752000,
            "rate": 47426.54031113208
        },
        "iteration_duration": {
            "avg": 1516.2539232661743,
            "min": 1500.408,
            "med": 1509.055542,
            "max": 1783.871083,
            "p(90)": 1530.6709833,
            "p(95)": 1550.5208229
        },
        "http_reqs": {
            "count": 66000,
            "rate": 658.7019487657233
        },
        "http_req_receiving": {
            "p(95)": 0.059,
            "avg": 0.03494595454545577,
            "min": 0.004,
            "med": 0.013,
            "max": 21.499,
            "p(90)": 0.035
        },
        "checks": {
            "passes": 66000,
            "fails": 0,
            "value": 1
        },
        "http_req_waiting": {
            "min": 500.283,
            "med": 506.943,
            "max": 704.749,
            "p(90)": 523.526,
            "p(95)": 531.9822499999999,
            "avg": 511.60199548485065
        },
        "http_req_failed": {
            "passes": 0,
            "fails": 66000,
            "value": 0
        },
        "http_req_duration{expected_response:true}": {
            "p(95)": 533.1681,
            "avg": 512.1083702575717,
            "min": 500.342,
            "med": 507.1965,
            "max": 707.915,
            "p(90)": 524.2451
        },
        "iterations": {
            "count": 66000,
            "rate": 658.7019487657233
        },
        "http_req_tls_handshaking": {
            "max": 0,
            "p(90)": 0,
            "p(95)": 0,
            "avg": 0,
            "min": 0,
            "med": 0
        },
        "vus_max": {
            "value": 1000,
            "min": 1000,
            "max": 1000
        }
    },
    "root_group": {
        "name": "",
        "path": "",
        "id": "d41d8cd98f00b204e9800998ecf8427e",
        "groups": {},
        "checks": {
                "status is 200": {
                    "name": "status is 200",
                    "path": "::status is 200",
                    "id": "6210a8cd14cd70477eba5c5e4cb3fb5f",
                    "passes": 66000,
                    "fails": 0
                }
            }
    }
}