{
    "metrics": {
        "http_req_waiting": {
            "avg": 539.7261068205181,
            "min": 500.562,
            "med": 506.262,
            "max": 2577.669,
            "p(90)": 549.4462000000001,
            "p(95)": 693.9557999999989
        },
        "http_req_connecting": {
            "avg": 1.4542038799246395,
            "min": 0.056,
            "med": 0.266,
            "max": 157.238,
            "p(90)": 0.785,
            "p(95)": 1.449
        },
        "http_req_duration{expected_response:true}": {
            "avg": 540.1934266691184,
            "min": 500.597,
            "med": 506.353,
            "max": 2577.849,
            "p(90)": 549.8984,
            "p(95)": 696.0005999999998
        },
        "vus_max": {
            "value": 1000,
            "min": 1000,
            "max": 1000
        },
        "http_reqs": {
            "count": 65259,
            "rate": 642.9195956235834
        },
        "http_req_duration": {
            "med": 506.353,
            "max": 2577.849,
            "p(90)": 549.8984,
            "p(95)": 696.0005999999998,
            "avg": 540.1934266691184,
            "min": 500.597
        },
        "http_req_blocked": {
            "p(95)": 1.811099999999997,
            "avg": 1.6119057448014797,
            "min": 0.069,
            "med": 0.296,
            "max": 276.97,
            "p(90)": 0.892
        },
        "iteration_duration": {
            "avg": 1542.4033804948128,
            "min": 1500.803334,
            "med": 1507.239542,
            "max": 3578.626917,
            "p(90)": 1551.5287004000002,
            "p(95)": 1708.1880797
        },
        "checks": {
            "passes": 65259,
            "fails": 0,
            "value": 1
        },
        "data_received": {
            "count": 6852195,
            "rate": 67506.55754047626
        },
        "http_req_receiving": {
            "min": 0.006,
            "med": 0.025,
            "max": 1489.442,
            "p(90)": 0.106,
            "p(95)": 0.2520999999999971,
            "avg": 0.23232066075177923
        },
        "http_req_failed": {
            "passes": 0,
            "fails": 65259,
            "value": 0
        },
        "vus": {
            "value": 396,
            "min": 396,
            "max": 1000
        },
        "http_req_tls_handshaking": {
            "p(90)": 0,
            "p(95)": 0,
            "avg": 0,
            "min": 0,
            "med": 0,
            "max": 0
        },
        "data_sent": {
            "count": 4698648,
            "rate": 46290.210884898006
        },
        "iterations": {
            "count": 65259,
            "rate": 642.9195956235834
        },
        "http_req_sending": {
            "min": 0.003,
            "med": 0.013,
            "max": 87.16,
            "p(90)": 0.052,
            "p(95)": 0.157,
            "avg": 0.23499918785147897
        }
    },
    "root_group": {
        "name": "",
        "path": "",
        "id": "d41d8cd98f00b204e9800998ecf8427e",
        "groups": {},
        "checks": {
                "status is 200": {
                    "name": "status is 200",
                    "path": "::status is 200",
                    "id": "6210a8cd14cd70477eba5c5e4cb3fb5f",
                    "passes": 65259,
                    "fails": 0
                }
            }
    }
}