{
    "root_group": {
        "groups": {},
        "checks": {
                "status is 200": {
                    "name": "status is 200",
                    "path": "::status is 200",
                    "id": "6210a8cd14cd70477eba5c5e4cb3fb5f",
                    "passes": 61380,
                    "fails": 0
                }
            },
        "name": "",
        "path": "",
        "id": "d41d8cd98f00b204e9800998ecf8427e"
    },
    "metrics": {
        "http_req_sending": {
            "avg": 0.26124349951122805,
            "min": 0.003,
            "med": 0.013,
            "max": 110.041,
            "p(90)": 0.095,
            "p(95)": 0.32
        },
        "http_req_waiting": {
            "min": 500.541,
            "med": 506.51,
            "max": 5233.734,
            "p(90)": 883.2186000000002,
            "p(95)": 1469.0337499999991,
            "avg": 634.8154100847073
        },
        "http_req_duration{expected_response:true}": {
            "med": 506.631,
            "max": 5292.015,
            "p(90)": 888.5889999999999,
            "p(95)": 1474.8984499999997,
            "avg": 635.972628885627,
            "min": 500.573
        },
        "http_req_blocked": {
            "max": 212.195,
            "p(90)": 1.127,
            "p(95)": 4.454449999999976,
            "avg": 2.15548743890518,
            "min": 0.066,
            "med": 0.26
        },
        "http_req_connecting": {
            "avg": 1.9529406810035856,
            "min": 0.057,
            "med": 0.229,
            "max": 212.049,
            "p(90)": 0.905,
            "p(95)": 2.9260999999999946
        },
        "http_reqs": {
            "count": 61380,
            "rate": 604.2303269698206
        },
        "vus": {
            "min": 287,
            "max": 1000,
            "value": 287
        },
        "vus_max": {
            "value": 1000,
            "min": 1000,
            "max": 1000
        },
        "data_received": {
            "count": 6444900,
            "rate": 63444.184331831166
        },
        "iterations": {
            "count": 61380,
            "rate": 604.2303269698206
        },
        "http_req_duration": {
            "avg": 635.972628885627,
            "min": 500.573,
            "med": 506.631,
            "max": 5292.015,
            "p(90)": 888.5889999999999,
            "p(95)": 1474.8984499999997
        },
        "checks": {
            "passes": 61380,
            "fails": 0,
            "value": 1
        },
        "iteration_duration": {
            "avg": 1639.7381162404477,
            "min": 1500.80925,
            "med": 1507.719125,
            "max": 6292.389542,
            "p(90)": 1896.2860744,
            "p(95)": 2482.1330291499985
        },
        "http_req_failed": {
            "passes": 0,
            "fails": 61380,
            "value": 0
        },
        "data_sent": {
            "count": 4419360,
            "rate": 43504.58354182708
        },
        "http_req_receiving": {
            "p(95)": 0.314,
            "avg": 0.8959753014009815,
            "min": 0.006,
            "med": 0.025,
            "max": 1738.713,
            "p(90)": 0.146
        },
        "http_req_tls_handshaking": {
            "avg": 0,
            "min": 0,
            "med": 0,
            "max": 0,
            "p(90)": 0,
            "p(95)": 0
        }
    }
}