{
    "metrics": {
        "data_sent": {
            "count": 4752000,
            "rate": 47447.41778711434
        },
        "iterations": {
            "count": 66000,
            "rate": 658.9919137099214
        },
        "vus_max": {
            "min": 1000,
            "max": 1000,
            "value": 1000
        },
        "checks": {
            "passes": 66000,
            "fails": 0,
            "value": 1
        },
        "http_req_tls_handshaking": {
            "med": 0,
            "max": 0,
            "p(90)": 0,
            "p(95)": 0,
            "avg": 0,
            "min": 0
        },
        "http_req_duration{expected_response:true}": {
            "avg": 512.8130111212095,
            "min": 500.419,
            "med": 507.538,
            "max": 674.12,
            "p(90)": 527.864,
            "p(95)": 540.8241999999999
        },
        "http_req_blocked": {
            "p(90)": 0.007,
            "p(95)": 0.017,
            "avg": 0.8076213939381255,
            "min": 0,
            "med": 0.002,
            "max": 105.961
        },
        "vus": {
            "value": 1000,
            "min": 1000,
            "max": 1000
        },
        "http_req_waiting": {
            "avg": 512.4896271363602,
            "min": 500.408,
            "med": 507.374,
            "max": 673.612,
            "p(90)": 527.3251,
            "p(95)": 538.9197499999999
        },
        "http_reqs": {
            "count": 66000,
            "rate": 658.9919137099214
        },
        "iteration_duration": {
            "min": 1500.458583,
            "med": 1508.853709,
            "max": 1745.227042,
            "p(90)": 1533.2297039,
            "p(95)": 1552.96805625,
            "avg": 1516.0588903523628
        },
        "http_req_connecting": {
            "avg": 0.7943390454545454,
            "min": 0,
            "med": 0,
            "max": 104.206,
            "p(90)": 0,
            "p(95)": 0
        },
        "http_req_duration": {
            "avg": 512.8130111212095,
            "min": 500.419,
            "med": 507.538,
            "max": 674.12,
            "p(90)": 527.864,
            "p(95)": 540.8241999999999
        },
        "http_req_failed": {
            "passes": 0,
            "fails": 66000,
            "value": 0
        },
        "http_req_receiving": {
            "avg": 0.05437533333333136,
            "min": 0.004,
            "med": 0.015,
            "max": 19.277,
            "p(90)": 0.046,
            "p(95)": 0.098
        },
        "http_req_sending": {
            "p(90)": 0.159,
            "p(95)": 0.583,
            "avg": 0.26900865151524095,
            "min": 0.001,
            "med": 0.007,
            "max": 73.453
        },
        "data_received": {
            "count": 6930000,
            "rate": 69194.15093954174
        }
    },
    "root_group": {
        "checks": {
            "status is 200": {
                "name": "status is 200",
                "path": "::status is 200",
                "id": "6210a8cd14cd70477eba5c5e4cb3fb5f",
                "passes": 66000,
                "fails": 0
            }
        },
        "name": "",
        "path": "",
        "id": "d41d8cd98f00b204e9800998ecf8427e",
        "groups": {}
    }
}