{
    "root_group": {
        "checks": {
            "status is 200": {
                "passes": 65982,
                "fails": 0,
                "name": "status is 200",
                "path": "::status is 200",
                "id": "6210a8cd14cd70477eba5c5e4cb3fb5f"
            }
        },
        "name": "",
        "path": "",
        "id": "d41d8cd98f00b204e9800998ecf8427e",
        "groups": {}
    },
    "metrics": {
        "data_received": {
            "count": 6928110,
            "rate": 68264.1155421178
        },
        "data_sent": {
            "count": 4750704,
            "rate": 46809.67922888077
        },
        "http_reqs": {
            "count": 65982,
            "rate": 650.1344337344552
        },
        "http_req_blocked": {
            "avg": 0.8499364978327428,
            "min": 0.062,
            "med": 0.29,
            "max": 186.775,
            "p(90)": 0.778,
            "p(95)": 1.461
        },
        "http_req_waiting": {
            "avg": 525.6601828983704,
            "min": 500.598,
            "med": 506.378,
            "max": 4808.458,
            "p(90)": 521.3067,
            "p(95)": 541.59065
        },
        "http_req_duration{expected_response:true}": {
            "min": 500.666,
            "med": 506.462,
            "max": 4808.501,
            "p(90)": 521.5975999999999,
            "p(95)": 542.4655,
            "avg": 525.9969439998777
        },
        "http_req_duration": {
            "max": 4808.501,
            "p(90)": 521.5975999999999,
            "p(95)": 542.4655,
            "avg": 525.9969439998777,
            "min": 500.666,
            "med": 506.462
        },
        "http_req_receiving": {
            "med": 0.022,
            "max": 247.652,
            "p(90)": 0.078,
            "p(95)": 0.169,
            "avg": 0.07873551877784853,
            "min": 0.005
        },
        "http_req_tls_handshaking": {
            "min": 0,
            "med": 0,
            "max": 0,
            "p(90)": 0,
            "p(95)": 0,
            "avg": 0
        },
        "http_req_sending": {
            "med": 0.012,
            "max": 152.278,
            "p(90)": 0.04,
            "p(95)": 0.093,
            "avg": 0.2580255827346267,
            "min": 0.003
        },
        "vus": {
            "min": 376,
            "max": 1000,
            "value": 376
        },
        "http_req_failed": {
            "passes": 0,
            "fails": 65982,
            "value": 0
        },
        "iterations": {
            "count": 65982,
            "rate": 650.1344337344552
        },
        "vus_max": {
            "value": 1000,
            "min": 1000,
            "max": 1000
        },
        "iteration_duration": {
            "avg": 1527.2347666931244,
            "min": 1500.992125,
            "med": 1507.281187,
            "max": 5808.810916,
            "p(90)": 1522.6858006000002,
            "p(95)": 1544.4854833
        },
        "http_req_connecting": {
            "p(95)": 1.318,
            "avg": 0.7855483919856973,
            "min": 0.051,
            "med": 0.265,
            "max": 55.708,
            "p(90)": 0.709
        },
        "checks": {
            "passes": 65982,
            "fails": 0,
            "value": 1
        }
    }
}