{
    "root_group": {
        "name": "",
        "path": "",
        "id": "d41d8cd98f00b204e9800998ecf8427e",
        "groups": {},
        "checks": {
                "status is 200": {
                    "name": "status is 200",
                    "path": "::status is 200",
                    "id": "6210a8cd14cd70477eba5c5e4cb3fb5f",
                    "passes": 65968,
                    "fails": 0
                }
            }
    },
    "metrics": {
        "http_req_connecting": {
            "med": 0.276,
            "max": 244.946,
            "p(90)": 0.766,
            "p(95)": 1.432,
            "avg": 1.926791247271425,
            "min": 0.058
        },
        "http_reqs": {
            "count": 65968,
            "rate": 649.9304709962419
        },
        "http_req_receiving": {
            "max": 160.806,
            "p(90)": 0.088,
            "p(95)": 0.196,
            "avg": 0.09795253759399038,
            "min": 0.006,
            "med": 0.023
        },
        "vus_max": {
            "value": 1000,
            "min": 1000,
            "max": 1000
        },
        "vus": {
            "value": 430,
            "min": 430,
            "max": 1000
        },
        "data_received": {
            "count": 6926640,
            "rate": 68242.69945460539
        },
        "http_req_duration": {
            "min": 500.639,
            "med": 506.3745,
            "max": 1586.632,
            "p(90)": 524.6279,
            "p(95)": 561.0153499999997,
            "avg": 524.7025949096557
        },
        "http_req_waiting": {
            "max": 1586.604,
            "p(90)": 524.3566,
            "p(95)": 558.5224,
            "avg": 524.3323674357239,
            "min": 500.609,
            "med": 506.286
        },
        "http_req_failed": {
            "passes": 0,
            "fails": 65968,
            "value": 0
        },
        "http_req_tls_handshaking": {
            "p(90)": 0,
            "p(95)": 0,
            "avg": 0,
            "min": 0,
            "med": 0,
            "max": 0
        },
        "iteration_duration": {
            "max": 2587.915709,
            "p(90)": 1526.3505501999998,
            "p(95)": 1567.28679595,
            "avg": 1527.2101895319818,
            "min": 1500.911542,
            "med": 1507.2491249999998
        },
        "http_req_blocked": {
            "avg": 2.020379426388561,
            "min": 0.067,
            "med": 0.304,
            "max": 247.037,
            "p(90)": 0.846,
            "p(95)": 1.672649999999997
        },
        "data_sent": {
            "count": 4749696,
            "rate": 46794.99391172941
        },
        "iterations": {
            "rate": 649.9304709962419,
            "count": 65968
        },
        "http_req_duration{expected_response:true}": {
            "med": 506.3745,
            "max": 1586.632,
            "p(90)": 524.6279,
            "p(95)": 561.0153499999997,
            "avg": 524.7025949096557,
            "min": 500.639
        },
        "http_req_sending": {
            "avg": 0.2722749363326958,
            "min": 0.003,
            "med": 0.013,
            "max": 138.98,
            "p(90)": 0.045,
            "p(95)": 0.135
        },
        "checks": {
            "passes": 65968,
            "fails": 0,
            "value": 1
        }
    }
}