{
    "metrics": {
        "http_req_duration{expected_response:true}": {
            "med": 510.713,
            "max": 730.439,
            "p(90)": 527.4972,
            "p(95)": 542.0367499999999,
            "avg": 515.3965540757539,
            "min": 500.461
        },
        "http_reqs": {
            "count": 66000,
            "rate": 657.2145931114749
        },
        "vus": {
            "max": 1000,
            "value": 1000,
            "min": 1000
        },
        "http_req_tls_handshaking": {
            "p(90)": 0,
            "p(95)": 0,
            "avg": 0,
            "min": 0,
            "med": 0,
            "max": 0
        },
        "http_req_receiving": {
            "med": 0.013,
            "max": 24.365,
            "p(90)": 0.037,
            "p(95)": 0.073,
            "avg": 0.03780801515151832,
            "min": 0.004
        },
        "http_req_blocked": {
            "p(90)": 0.008,
            "p(95)": 0.019,
            "avg": 0.7329483333320622,
            "min": 0,
            "med": 0.002,
            "max": 110.001
        },
        "http_req_waiting": {
            "max": 652.003,
            "p(90)": 526.3271,
            "p(95)": 540.6111,
            "avg": 514.8063012272706,
            "min": 500.441,
            "med": 510.3615
        },
        "iteration_duration": {
            "min": 1500.571334,
            "med": 1513.561229,
            "max": 1734.074208,
            "p(90)": 1539.5198878,
            "p(95)": 1562.4834333,
            "avg": 1520.134320061049
        },
        "http_req_duration": {
            "min": 500.461,
            "med": 510.713,
            "max": 730.439,
            "p(90)": 527.4972,
            "p(95)": 542.0367499999999,
            "avg": 515.3965540757539
        },
        "http_req_connecting": {
            "p(90)": 0,
            "p(95)": 0,
            "avg": 0.7184858333333338,
            "min": 0,
            "med": 0,
            "max": 109.278
        },
        "data_received": {
            "count": 6930000,
            "rate": 69007.53227670486
        },
        "http_req_sending": {
            "min": 0.001,
            "med": 0.007,
            "max": 103.148,
            "p(90)": 0.278,
            "p(95)": 1.669049999999997,
            "avg": 0.5524448333334833
        },
        "data_sent": {
            "count": 4752000,
            "rate": 47319.450704026196
        },
        "iterations": {
            "count": 66000,
            "rate": 657.2145931114749
        },
        "http_req_failed": {
            "passes": 0,
            "fails": 66000,
            "value": 0
        },
        "checks": {
            "fails": 0,
            "passes": 66000,
            "value": 1
        },
        "vus_max": {
            "value": 1000,
            "min": 1000,
            "max": 1000
        }
    },
    "root_group": {
        "id": "d41d8cd98f00b204e9800998ecf8427e",
        "groups": {},
        "checks": {
                "status is 200": {
                    "fails": 0,
                    "name": "status is 200",
                    "path": "::status is 200",
                    "id": "6210a8cd14cd70477eba5c5e4cb3fb5f",
                    "passes": 66000
                }
            },
        "name": "",
        "path": ""
    }
}