{
    "metrics": {
        "vus": {
            "max": 1000,
            "value": 272,
            "min": 272
        },
        "vus_max": {
            "value": 1000,
            "min": 1000,
            "max": 1000
        },
        "http_req_receiving": {
            "med": 0.024,
            "max": 485.341,
            "p(90)": 0.09,
            "p(95)": 0.184,
            "avg": 0.12692056774831248,
            "min": 0.005
        },
        "http_req_connecting": {
            "min": 0.044,
            "med": 0.281,
            "max": 296.493,
            "p(90)": 0.842,
            "p(95)": 1.6857999999999886,
            "avg": 3.1457676803558776
        },
        "iteration_duration": {
            "avg": 1552.4341658558037,
            "min": 1500.947792,
            "med": 1508.220833,
            "max": 5726.27725,
            "p(90)": 1578.9350914,
            "p(95)": 1768.2679538999994
        },
        "iterations": {
            "count": 64747,
            "rate": 636.4672693853543
        },
        "http_req_duration{expected_response:true}": {
            "avg": 547.8625507899914,
            "min": 500.672,
            "med": 507.254,
            "max": 4724.942,
            "p(90)": 575.2156,
            "p(95)": 747.8862999999991
        },
        "http_req_waiting": {
            "avg": 547.1481280368246,
            "min": 500.636,
            "med": 507.16,
            "max": 4724.921,
            "p(90)": 574.8628,
            "p(95)": 745.6045999999998
        },
        "http_req_failed": {
            "passes": 0,
            "fails": 64747,
            "value": 0
        },
        "http_req_duration": {
            "avg": 547.8625507899914,
            "min": 500.672,
            "med": 507.254,
            "max": 4724.942,
            "p(90)": 575.2156,
            "p(95)": 747.8862999999991
        },
        "http_req_tls_handshaking": {
            "min": 0,
            "med": 0,
            "max": 0,
            "p(90)": 0,
            "p(95)": 0,
            "avg": 0
        },
        "data_received": {
            "count": 6798435,
            "rate": 66829.0632854622
        },
        "http_reqs": {
            "count": 64747,
            "rate": 636.4672693853543
        },
        "data_sent": {
            "count": 4661784,
            "rate": 45825.6433957455
        },
        "http_req_blocked": {
            "avg": 3.7680597402196834,
            "min": 0.059,
            "med": 0.311,
            "max": 309.717,
            "p(90)": 0.957,
            "p(95)": 2.0066999999999973
        },
        "http_req_sending": {
            "max": 134.132,
            "p(90)": 0.056,
            "p(95)": 0.1796999999999971,
            "avg": 0.5875021854294907,
            "min": 0.002,
            "med": 0.013
        },
        "checks": {
            "passes": 64747,
            "fails": 0,
            "value": 1
        }
    },
    "root_group": {
        "name": "",
        "path": "",
        "id": "d41d8cd98f00b204e9800998ecf8427e",
        "groups": {},
        "checks": {
                "status is 200": {
                    "name": "status is 200",
                    "path": "::status is 200",
                    "id": "6210a8cd14cd70477eba5c5e4cb3fb5f",
                    "passes": 64747,
                    "fails": 0
                }
            }
    }
}