{
    "root_group": {
        "name": "",
        "path": "",
        "id": "d41d8cd98f00b204e9800998ecf8427e",
        "groups": {},
        "checks": {
                "status is 200": {
                    "name": "status is 200",
                    "path": "::status is 200",
                    "id": "6210a8cd14cd70477eba5c5e4cb3fb5f",
                    "passes": 65641,
                    "fails": 0
                }
            }
    },
    "metrics": {
        "data_sent": {
            "count": 4726152,
            "rate": 46343.63109106569
        },
        "http_req_failed": {
            "passes": 0,
            "fails": 65641,
            "value": 0
        },
        "http_req_sending": {
            "avg": 0.08596093904724743,
            "min": 0.003,
            "med": 0.012,
            "max": 47.575,
            "p(90)": 0.044,
            "p(95)": 0.112
        },
        "http_req_receiving": {
            "min": 0.005,
            "med": 0.022,
            "max": 185.053,
            "p(90)": 0.079,
            "p(95)": 0.172,
            "avg": 0.08006841760485181
        },
        "http_req_connecting": {
            "avg": 1.6198085343002049,
            "min": 0.061,
            "med": 0.265,
            "max": 143.388,
            "p(90)": 0.728,
            "p(95)": 1.376
        },
        "vus_max": {
            "value": 1000,
            "min": 1000,
            "max": 1000
        },
        "http_req_tls_handshaking": {
            "p(90)": 0,
            "p(95)": 0,
            "avg": 0,
            "min": 0,
            "med": 0,
            "max": 0
        },
        "http_req_waiting": {
            "p(95)": 633.206,
            "avg": 532.6069977605491,
            "min": 500.654,
            "med": 506.102,
            "max": 1670.105,
            "p(90)": 534.815
        },
        "iterations": {
            "rate": 643.6615429314679,
            "count": 65641
        },
        "data_received": {
            "count": 6892305,
            "rate": 67584.46200780413
        },
        "http_req_duration": {
            "p(95)": 634.238,
            "avg": 532.7730271171995,
            "min": 500.704,
            "med": 506.184,
            "max": 1670.211,
            "p(90)": 535.446
        },
        "checks": {
            "passes": 65641,
            "fails": 0,
            "value": 1
        },
        "http_reqs": {
            "count": 65641,
            "rate": 643.6615429314679
        },
        "iteration_duration": {
            "p(90)": 1538.367875,
            "p(95)": 1637.070417,
            "avg": 1535.0317348114381,
            "min": 1500.941917,
            "med": 1507.031375,
            "max": 2670.688167
        },
        "vus": {
            "value": 37,
            "min": 37,
            "max": 1000
        },
        "http_req_blocked": {
            "med": 0.292,
            "max": 147.329,
            "p(90)": 0.803,
            "p(95)": 1.551,
            "avg": 1.7289608019377984,
            "min": 0.068
        },
        "http_req_duration{expected_response:true}": {
            "med": 506.184,
            "max": 1670.211,
            "p(90)": 535.446,
            "p(95)": 634.238,
            "avg": 532.7730271171995,
            "min": 500.704
        }
    }
}