{
    "metrics": {
        "iteration_duration": {
            "avg": 1631.6322777931223,
            "min": 1500.887542,
            "med": 1507.837708,
            "max": 14506.415541,
            "p(90)": 1686.98625,
            "p(95)": 2080.7255004999993
        },
        "http_req_receiving": {
            "avg": 0.47997445473800254,
            "min": 0.005,
            "med": 0.026,
            "max": 2779.292,
            "p(90)": 0.13,
            "p(95)": 0.269
        },
        "http_reqs": {
            "count": 61851,
            "rate": 609.3144757509025
        },
        "http_req_duration": {
            "avg": 628.9821424714173,
            "min": 500.598,
            "med": 506.781,
            "max": 13505.736,
            "p(90)": 682.425,
            "p(95)": 1073.271
        },
        "http_req_waiting": {
            "max": 13505.318,
            "p(90)": 680.224,
            "p(95)": 1071.3694999999996,
            "avg": 628.3588964285143,
            "min": 500.571,
            "med": 506.662
        },
        "http_req_connecting": {
            "avg": 1.3669050459976464,
            "min": 0,
            "med": 0.223,
            "max": 262.067,
            "p(90)": 0.673,
            "p(95)": 1.7159999999999946
        },
        "http_req_blocked": {
            "avg": 1.7998885870883166,
            "min": 0.06,
            "med": 0.253,
            "max": 288.461,
            "p(90)": 0.815,
            "p(95)": 2.272999999999989
        },
        "http_req_duration{expected_response:true}": {
            "avg": 627.3399852995818,
            "min": 500.598,
            "med": 506.779,
            "max": 13505.736,
            "p(90)": 681.5002000000001,
            "p(95)": 1068.1780999999999
        },
        "http_req_failed": {
            "passes": 16,
            "fails": 61835,
            "value": 0.000258686197474576
        },
        "checks": {
            "passes": 61835,
            "fails": 16,
            "value": 0.9997413138025254
        },
        "iterations": {
            "count": 61851,
            "rate": 609.3144757509025
        },
        "http_req_tls_handshaking": {
            "max": 0,
            "p(90)": 0,
            "p(95)": 0,
            "avg": 0,
            "min": 0,
            "med": 0
        },
        "vus": {
            "min": 610,
            "max": 1000,
            "value": 610
        },
        "data_sent": {
            "count": 4453344,
            "rate": 43871.35154966657
        },
        "http_req_sending": {
            "p(95)": 0.217,
            "avg": 0.14327158817158106,
            "min": 0.003,
            "med": 0.013,
            "max": 1293.414,
            "p(90)": 0.069
        },
        "vus_max": {
            "value": 1000,
            "min": 1000,
            "max": 1000
        },
        "data_received": {
            "rate": 63967.14408795368,
            "count": 6493251
        }
    },
    "root_group": {
        "name": "",
        "path": "",
        "id": "d41d8cd98f00b204e9800998ecf8427e",
        "groups": {},
        "checks": {
                "status is 200": {
                    "name": "status is 200",
                    "path": "::status is 200",
                    "id": "6210a8cd14cd70477eba5c5e4cb3fb5f",
                    "passes": 61835,
                    "fails": 16
                }
            }
    }
}