{
    "metrics": {
        "http_req_duration": {
            "avg": 756.8875509864964,
            "min": 500.618,
            "med": 510.79949999999997,
            "max": 14689.249,
            "p(90)": 1529.0509000000002,
            "p(95)": 1798.4388499999998
        },
        "checks": {
            "passes": 57109,
            "fails": 63,
            "value": 0.9988980619883859
        },
        "iteration_duration": {
            "avg": 1763.9662768942992,
            "min": 1500.831083,
            "med": 1512.8877915,
            "max": 15689.517083,
            "p(90)": 2536.6901211000004,
            "p(95)": 2855.4715149499993
        },
        "data_received": {
            "count": 5997705,
            "rate": 59087.30508776571
        },
        "http_req_waiting": {
            "max": 14689.186,
            "p(90)": 1527.4805000000001,
            "p(95)": 1792.03145,
            "avg": 755.0382809767034,
            "min": 500.583,
            "med": 510.586
        },
        "iterations": {
            "count": 57172,
            "rate": 563.238673205458
        },
        "vus_max": {
            "value": 1000,
            "min": 1000,
            "max": 1000
        },
        "data_sent": {
            "count": 4116384,
            "rate": 40553.18447079297
        },
        "http_req_duration{expected_response:true}": {
            "min": 500.618,
            "med": 510.765,
            "max": 14689.249,
            "p(90)": 1528.0448000000001,
            "p(95)": 1793.6326,
            "avg": 754.0199245653047
        },
        "http_req_tls_handshaking": {
            "avg": 0,
            "min": 0,
            "med": 0,
            "max": 0,
            "p(90)": 0,
            "p(95)": 0
        },
        "http_reqs": {
            "count": 57172,
            "rate": 563.238673205458
        },
        "http_req_failed": {
            "passes": 63,
            "fails": 57109,
            "value": 0.001101938011614077
        },
        "http_req_blocked": {
            "max": 365.493,
            "p(90)": 2.0909000000000013,
            "p(95)": 14.12239999999997,
            "avg": 3.9230922304624816,
            "min": 0.051,
            "med": 0.261
        },
        "http_req_sending": {
            "p(90)": 0.15190000000000126,
            "p(95)": 0.579,
            "avg": 0.4045534702301173,
            "min": 0.002,
            "med": 0.015,
            "max": 137.251
        },
        "http_req_receiving": {
            "avg": 1.444716539564769,
            "min": 0,
            "med": 0.032,
            "max": 1968.159,
            "p(90)": 0.198,
            "p(95)": 0.509
        },
        "vus": {
            "value": 435,
            "min": 435,
            "max": 1000
        },
        "http_req_connecting": {
            "avg": 3.5531521898831184,
            "min": 0.041,
            "med": 0.225,
            "max": 346.525,
            "p(90)": 1.5328000000000024,
            "p(95)": 10.353099999999955
        }
    },
    "root_group": {
        "name": "",
        "path": "",
        "id": "d41d8cd98f00b204e9800998ecf8427e",
        "groups": {},
        "checks": {
                "status is 200": {
                    "fails": 63,
                    "name": "status is 200",
                    "path": "::status is 200",
                    "id": "6210a8cd14cd70477eba5c5e4cb3fb5f",
                    "passes": 57109
                }
            }
    }
}