{
    "root_group": {
        "name": "",
        "path": "",
        "id": "d41d8cd98f00b204e9800998ecf8427e",
        "groups": {},
        "checks": {
                "status is 200": {
                    "fails": 41,
                    "name": "status is 200",
                    "path": "::status is 200",
                    "id": "6210a8cd14cd70477eba5c5e4cb3fb5f",
                    "passes": 59397
                }
            }
    },
    "metrics": {
        "http_req_blocked": {
            "min": 0.052,
            "med": 0.263,
            "max": 179.639,
            "p(90)": 1.89,
            "p(95)": 8.585749999999987,
            "avg": 2.9611000033648596
        },
        "vus": {
            "value": 8,
            "min": 8,
            "max": 1000
        },
        "vus_max": {
            "value": 1000,
            "min": 1000,
            "max": 1000
        },
        "data_sent": {
            "count": 4279536,
            "rate": 41886.0670974796
        },
        "http_req_duration": {
            "med": 512.0345,
            "max": 11138.006,
            "p(90)": 1072.6073999999999,
            "p(95)": 1557.2852499999995,
            "avg": 689.9836849490321,
            "min": 500.63
        },
        "http_reqs": {
            "count": 59438,
            "rate": 581.7509319094389
        },
        "iteration_duration": {
            "p(90)": 2080.0875456,
            "p(95)": 2588.9928919999993,
            "avg": 1695.487518105247,
            "min": 1500.867,
            "med": 1513.9784375,
            "max": 12138.611125
        },
        "data_received": {
            "count": 6238163,
            "rate": 61056.17851631921
        },
        "http_req_receiving": {
            "max": 1938.969,
            "p(90)": 0.184,
            "p(95)": 0.42014999999999736,
            "avg": 0.9826666274100404,
            "min": 0.006,
            "med": 0.032
        },
        "http_req_duration{expected_response:true}": {
            "max": 11138.006,
            "p(90)": 1068.4620000000002,
            "p(95)": 1553.7914,
            "avg": 687.6278644376077,
            "min": 500.63,
            "med": 512.019
        },
        "http_req_waiting": {
            "p(90)": 1067.9913000000004,
            "p(95)": 1550.0246499999998,
            "avg": 688.5298587940446,
            "min": 500.594,
            "med": 511.892,
            "max": 11137.825
        },
        "http_req_failed": {
            "passes": 41,
            "fails": 59397,
            "value": 0.0006897944076180221
        },
        "iterations": {
            "count": 59438,
            "rate": 581.7509319094389
        },
        "http_req_sending": {
            "min": 0.003,
            "med": 0.016,
            "max": 146.322,
            "p(90)": 0.158,
            "p(95)": 0.642,
            "avg": 0.47115952757484497
        },
        "checks": {
            "passes": 59397,
            "fails": 41,
            "value": 0.9993102055923819
        },
        "http_req_connecting": {
            "max": 174.703,
            "p(90)": 1.374,
            "p(95)": 6.732149999999997,
            "avg": 2.612058464282125,
            "min": 0.043,
            "med": 0.226
        },
        "http_req_tls_handshaking": {
            "avg": 0,
            "min": 0,
            "med": 0,
            "max": 0,
            "p(90)": 0,
            "p(95)": 0
        }
    }
}