{
    "metrics": {
        "http_reqs": {
            "count": 66024,
            "rate": 650.872377879878
        },
        "vus": {
            "value": 294,
            "min": 294,
            "max": 1000
        },
        "http_req_duration{expected_response:true}": {
            "min": 500.657,
            "med": 505.885,
            "max": 1664.249,
            "p(90)": 520.2506999999999,
            "p(95)": 544.4230499999998,
            "avg": 522.7590715042967
        },
        "http_req_waiting": {
            "avg": 522.5551707712409,
            "min": 500.54,
            "med": 505.796,
            "max": 1661.615,
            "p(90)": 519.9427,
            "p(95)": 543.7378
        },
        "iterations": {
            "count": 66024,
            "rate": 650.872377879878
        },
        "http_req_tls_handshaking": {
            "p(95)": 0,
            "avg": 0,
            "min": 0,
            "med": 0,
            "max": 0,
            "p(90)": 0
        },
        "http_req_sending": {
            "min": 0.003,
            "med": 0.013,
            "max": 35.134,
            "p(90)": 0.045,
            "p(95)": 0.13,
            "avg": 0.10885709741912707
        },
        "data_received": {
            "count": 6932520,
            "rate": 68341.59967738717
        },
        "http_req_connecting": {
            "p(90)": 0.7667000000000015,
            "p(95)": 1.417849999999997,
            "avg": 2.244491397067761,
            "min": 0.052,
            "med": 0.269,
            "max": 162.616
        },
        "iteration_duration": {
            "min": 1500.915209,
            "med": 1506.7351250000002,
            "max": 2814.267125,
            "p(90)": 1522.3008124,
            "p(95)": 1546.2050768499998,
            "avg": 1525.5784819658295
        },
        "http_req_blocked": {
            "min": 0.064,
            "med": 0.296,
            "max": 164.557,
            "p(90)": 0.85,
            "p(95)": 1.622849999999997,
            "avg": 2.329541621228602
        },
        "checks": {
            "passes": 66024,
            "fails": 0,
            "value": 1
        },
        "data_sent": {
            "count": 4753728,
            "rate": 46862.81120735121
        },
        "http_req_failed": {
            "passes": 0,
            "fails": 66024,
            "value": 0
        },
        "vus_max": {
            "value": 1000,
            "min": 1000,
            "max": 1000
        },
        "http_req_receiving": {
            "min": 0.005,
            "med": 0.023,
            "max": 136.34,
            "p(90)": 0.09,
            "p(95)": 0.209,
            "avg": 0.0950436356476475
        },
        "http_req_duration": {
            "avg": 522.7590715042967,
            "min": 500.657,
            "med": 505.885,
            "max": 1664.249,
            "p(90)": 520.2506999999999,
            "p(95)": 544.4230499999998
        }
    },
    "root_group": {
        "checks": {
            "status is 200": {
                "name": "status is 200",
                "path": "::status is 200",
                "id": "6210a8cd14cd70477eba5c5e4cb3fb5f",
                "passes": 66024,
                "fails": 0
            }
        },
        "name": "",
        "path": "",
        "id": "d41d8cd98f00b204e9800998ecf8427e",
        "groups": {}
    }
}