{
    "root_group": {
        "id": "d41d8cd98f00b204e9800998ecf8427e",
        "groups": {},
        "checks": {
                "status is 200": {
                    "fails": 11,
                    "name": "status is 200",
                    "path": "::status is 200",
                    "id": "6210a8cd14cd70477eba5c5e4cb3fb5f",
                    "passes": 59968
                }
            },
        "name": "",
        "path": ""
    },
    "metrics": {
        "http_req_duration{expected_response:true}": {
            "min": 500.603,
            "med": 508.931,
            "max": 7633.544,
            "p(90)": 978.3562,
            "p(95)": 1527.2632999999998,
            "avg": 672.5396327541415
        },
        "http_req_sending": {
            "med": 0.015,
            "max": 417.192,
            "p(90)": 0.131,
            "p(95)": 0.388,
            "avg": 0.3666960936327248,
            "min": 0.003
        },
        "http_req_failed": {
            "passes": 11,
            "fails": 59968,
            "value": 0.0001833975224661965
        },
        "iterations": {
            "count": 59979,
            "rate": 585.160827178717
        },
        "checks": {
            "passes": 59968,
            "fails": 11,
            "value": 0.9998166024775338
        },
        "data_received": {
            "count": 6297036,
            "rate": 61434.48197759481
        },
        "http_reqs": {
            "count": 59979,
            "rate": 585.160827178717
        },
        "vus": {
            "min": 7,
            "max": 1000,
            "value": 7
        },
        "http_req_tls_handshaking": {
            "max": 0,
            "p(90)": 0,
            "p(95)": 0,
            "avg": 0,
            "min": 0,
            "med": 0
        },
        "data_sent": {
            "rate": 42131.579556867626,
            "count": 4318488
        },
        "iteration_duration": {
            "p(95)": 2544.2697335999997,
            "avg": 1680.178118826025,
            "min": 1500.862875,
            "med": 1510.34625,
            "max": 8901.718125,
            "p(90)": 2003.9389922
        },
        "http_req_blocked": {
            "avg": 4.269374297670852,
            "min": 0.055,
            "med": 0.262,
            "max": 431.674,
            "p(90)": 1.431,
            "p(95)": 5.593399999999989
        },
        "http_req_receiving": {
            "max": 1025.026,
            "p(90)": 0.178,
            "p(95)": 0.427,
            "avg": 0.9269070007835518,
            "min": 0.006,
            "med": 0.03
        },
        "vus_max": {
            "value": 1000,
            "min": 1000,
            "max": 1000
        },
        "http_req_waiting": {
            "min": 500.513,
            "med": 508.767,
            "max": 7621.618,
            "p(90)": 973.8424000000005,
            "p(95)": 1527.0412,
            "avg": 672.1461894663117
        },
        "http_req_duration": {
            "avg": 673.4397925607353,
            "min": 500.603,
            "med": 508.933,
            "max": 7633.544,
            "p(90)": 979.0858000000002,
            "p(95)": 1528.4552999999999
        },
        "http_req_connecting": {
            "avg": 2.402537788225871,
            "min": 0.036,
            "med": 0.226,
            "max": 348.603,
            "p(90)": 1.0502000000000014,
            "p(95)": 3.774299999999992
        }
    }
}