{
    "root_group": {
        "checks": {
            "status is 200": {
                "passes": 63800,
                "fails": 0,
                "name": "status is 200",
                "path": "::status is 200",
                "id": "6210a8cd14cd70477eba5c5e4cb3fb5f"
            }
        },
        "name": "",
        "path": "",
        "id": "d41d8cd98f00b204e9800998ecf8427e",
        "groups": {}
    },
    "metrics": {
        "http_reqs": {
            "count": 63800,
            "rate": 628.22387531753
        },
        "http_req_connecting": {
            "p(90)": 0.749,
            "p(95)": 2.3090999999999946,
            "avg": 3.265498949843238,
            "min": 0.044,
            "med": 0.227,
            "max": 281.684
        },
        "vus": {
            "value": 293,
            "min": 293,
            "max": 1000
        },
        "vus_max": {
            "min": 1000,
            "max": 1000,
            "value": 1000
        },
        "http_req_waiting": {
            "p(95)": 918.6859,
            "avg": 570.9401768652009,
            "min": 500.502,
            "med": 506.502,
            "max": 4556.223,
            "p(90)": 635.3561
        },
        "data_received": {
            "count": 6699000,
            "rate": 65963.50690834066
        },
        "http_req_tls_handshaking": {
            "avg": 0,
            "min": 0,
            "med": 0,
            "max": 0,
            "p(90)": 0,
            "p(95)": 0
        },
        "http_req_duration": {
            "min": 500.548,
            "med": 506.589,
            "max": 4556.285,
            "p(90)": 643.0326,
            "p(95)": 921.4292499999996,
            "avg": 571.783621457682
        },
        "http_req_duration{expected_response:true}": {
            "p(90)": 643.0326,
            "p(95)": 921.4292499999996,
            "avg": 571.783621457682,
            "min": 500.548,
            "med": 506.589,
            "max": 4556.285
        },
        "data_sent": {
            "count": 4593600,
            "rate": 45232.11902286216
        },
        "http_req_failed": {
            "passes": 0,
            "fails": 63800,
            "value": 0
        },
        "http_req_sending": {
            "p(95)": 0.288,
            "avg": 0.42470087774281234,
            "min": 0.002,
            "med": 0.013,
            "max": 164.085,
            "p(90)": 0.07
        },
        "http_req_blocked": {
            "avg": 3.4327940438871685,
            "min": 0.048,
            "med": 0.255,
            "max": 288.934,
            "p(90)": 0.891,
            "p(95)": 3.0670999999999946
        },
        "iterations": {
            "count": 63800,
            "rate": 628.22387531753
        },
        "iteration_duration": {
            "avg": 1576.3052696218551,
            "min": 1500.723875,
            "med": 1507.566042,
            "max": 5556.905792,
            "p(90)": 1659.2710041000003,
            "p(95)": 1938.81982295
        },
        "http_req_receiving": {
            "avg": 0.41874371473354294,
            "min": 0.005,
            "med": 0.024,
            "max": 677.12,
            "p(90)": 0.121,
            "p(95)": 0.256
        },
        "checks": {
            "passes": 63800,
            "fails": 0,
            "value": 1
        }
    }
}