{
    "root_group": {
        "id": "d41d8cd98f00b204e9800998ecf8427e",
        "groups": {},
        "checks": {
                "status is 200": {
                    "name": "status is 200",
                    "path": "::status is 200",
                    "id": "6210a8cd14cd70477eba5c5e4cb3fb5f",
                    "passes": 64209,
                    "fails": 0
                }
            },
        "name": "",
        "path": ""
    },
    "metrics": {
        "http_reqs": {
            "count": 64209,
            "rate": 633.0242196018781
        },
        "http_req_duration": {
            "med": 506.557,
            "max": 3937.98,
            "p(90)": 611.2726,
            "p(95)": 828.0015999999999,
            "avg": 563.0517935647628,
            "min": 500.547
        },
        "http_req_duration{expected_response:true}": {
            "med": 506.557,
            "max": 3937.98,
            "p(90)": 611.2726,
            "p(95)": 828.0015999999999,
            "avg": 563.0517935647628,
            "min": 500.547
        },
        "http_req_receiving": {
            "p(95)": 0.28259999999999713,
            "avg": 0.33516464981545585,
            "min": 0.006,
            "med": 0.025,
            "max": 526.902,
            "p(90)": 0.128
        },
        "http_req_failed": {
            "passes": 0,
            "fails": 64209,
            "value": 0
        },
        "vus_max": {
            "value": 1000,
            "min": 1000,
            "max": 1000
        },
        "checks": {
            "passes": 64209,
            "fails": 0,
            "value": 1
        },
        "http_req_connecting": {
            "p(90)": 0.853,
            "p(95)": 1.9535999999999971,
            "avg": 2.586295970969761,
            "min": 0.059,
            "med": 0.229,
            "max": 226.293
        },
        "http_req_waiting": {
            "avg": 562.262479309753,
            "min": 500.498,
            "med": 506.445,
            "max": 3937.526,
            "p(90)": 607.8218,
            "p(95)": 822.2191999999999
        },
        "iterations": {
            "count": 64209,
            "rate": 633.0242196018781
        },
        "http_req_blocked": {
            "min": 0.068,
            "med": 0.259,
            "max": 227.637,
            "p(90)": 1.047,
            "p(95)": 2.5755999999999974,
            "avg": 2.7465738136397686
        },
        "vus": {
            "value": 302,
            "min": 302,
            "max": 1000
        },
        "data_sent": {
            "count": 4623048,
            "rate": 45577.743811335225
        },
        "http_req_tls_handshaking": {
            "med": 0,
            "max": 0,
            "p(90)": 0,
            "p(95)": 0,
            "avg": 0,
            "min": 0
        },
        "iteration_duration": {
            "avg": 1566.8136579129382,
            "min": 1500.879625,
            "med": 1507.700208,
            "max": 4943.729333,
            "p(90)": 1617.3725162,
            "p(95)": 1862.872017
        },
        "http_req_sending": {
            "avg": 0.45414960519540293,
            "min": 0.003,
            "med": 0.013,
            "max": 114.605,
            "p(90)": 0.074,
            "p(95)": 0.251
        },
        "data_received": {
            "count": 6741945,
            "rate": 66467.5430581972
        }
    }
}