{
    "root_group": {
        "name": "",
        "path": "",
        "id": "d41d8cd98f00b204e9800998ecf8427e",
        "groups": {},
        "checks": {
                "status is 200": {
                    "path": "::status is 200",
                    "id": "6210a8cd14cd70477eba5c5e4cb3fb5f",
                    "passes": 65194,
                    "fails": 1,
                    "name": "status is 200"
                }
            }
    },
    "metrics": {
        "http_req_receiving": {
            "avg": 0.14092849144873903,
            "min": 0.005,
            "med": 0.024,
            "max": 330.391,
            "p(90)": 0.11,
            "p(95)": 0.229
        },
        "vus": {
            "value": 332,
            "min": 332,
            "max": 1000
        },
        "http_req_sending": {
            "min": 0.003,
            "med": 0.012,
            "max": 67.746,
            "p(90)": 0.055,
            "p(95)": 0.17,
            "avg": 0.19076924610781493
        },
        "data_sent": {
            "count": 4694040,
            "rate": 46286.71357322643
        },
        "http_req_connecting": {
            "p(95)": 1.563,
            "avg": 1.2936619219265073,
            "min": 0.056,
            "med": 0.218,
            "max": 139.649,
            "p(90)": 0.648
        },
        "http_req_tls_handshaking": {
            "avg": 0,
            "min": 0,
            "med": 0,
            "max": 0,
            "p(90)": 0,
            "p(95)": 0
        },
        "vus_max": {
            "value": 1000,
            "min": 1000,
            "max": 1000
        },
        "http_reqs": {
            "count": 65195,
            "rate": 642.8710218503671
        },
        "http_req_duration{expected_response:true}": {
            "avg": 542.4614669294723,
            "min": 500.519,
            "med": 504.979,
            "max": 12962.672,
            "p(90)": 534.0795,
            "p(95)": 579.79615
        },
        "checks": {
            "passes": 65194,
            "fails": 1,
            "value": 0.9999846614004141
        },
        "iterations": {
            "count": 65195,
            "rate": 642.8710218503671
        },
        "http_req_failed": {
            "passes": 1,
            "fails": 65194,
            "value": 0.000015338599585857812
        },
        "http_req_blocked": {
            "max": 145.854,
            "p(90)": 0.763,
            "p(95)": 1.875299999999997,
            "avg": 1.383311450264576,
            "min": 0.067,
            "med": 0.245
        },
        "data_received": {
            "count": 6845406,
            "rate": 67500.77690314647
        },
        "http_req_duration": {
            "min": 500.519,
            "med": 504.979,
            "max": 12962.672,
            "p(90)": 534.081,
            "p(95)": 579.8178999999999,
            "avg": 542.5650968939339
        },
        "http_req_waiting": {
            "avg": 542.2333991563727,
            "min": 500.48,
            "med": 504.88,
            "max": 12959.542,
            "p(90)": 533.6844,
            "p(95)": 578.1959999999999
        },
        "iteration_duration": {
            "avg": 1544.5509377653402,
            "min": 1500.808,
            "med": 1505.794875,
            "max": 14031.984292,
            "p(90)": 1536.5828167999998,
            "p(95)": 1583.748591
        }
    }
}