{
    "root_group": {
        "groups": {},
        "checks": {
                "status is 200": {
                    "name": "status is 200",
                    "path": "::status is 200",
                    "id": "6210a8cd14cd70477eba5c5e4cb3fb5f",
                    "passes": 65774,
                    "fails": 0
                }
            },
        "name": "",
        "path": "",
        "id": "d41d8cd98f00b204e9800998ecf8427e"
    },
    "metrics": {
        "data_sent": {
            "count": 4735728,
            "rate": 46656.31137877722
        },
        "http_reqs": {
            "count": 65774,
            "rate": 648.0043247052392
        },
        "http_req_tls_handshaking": {
            "p(90)": 0,
            "p(95)": 0,
            "avg": 0,
            "min": 0,
            "med": 0,
            "max": 0
        },
        "http_req_failed": {
            "passes": 0,
            "fails": 65774,
            "value": 0
        },
        "vus_max": {
            "value": 1000,
            "min": 1000,
            "max": 1000
        },
        "iteration_duration": {
            "avg": 1530.897726798717,
            "min": 1500.901583,
            "med": 1508.7645835,
            "max": 3050.472375,
            "p(90)": 1535.4443999,
            "p(95)": 1627.1564080999997
        },
        "http_req_duration": {
            "p(95)": 605.5252999999998,
            "avg": 528.164822148573,
            "min": 500.674,
            "med": 507.681,
            "max": 2050.269,
            "p(90)": 529.706
        },
        "http_req_blocked": {
            "avg": 1.3885236263569116,
            "min": 0.073,
            "med": 0.342,
            "max": 277.074,
            "p(90)": 1.091,
            "p(95)": 1.957
        },
        "vus": {
            "value": 461,
            "min": 461,
            "max": 1000
        },
        "http_req_waiting": {
            "avg": 527.641117067536,
            "min": 500.65,
            "med": 507.593,
            "max": 1871.94,
            "p(90)": 528.5572000000001,
            "p(95)": 602.7647999999999
        },
        "http_req_duration{expected_response:true}": {
            "p(95)": 605.5252999999998,
            "avg": 528.164822148573,
            "min": 500.674,
            "med": 507.681,
            "max": 2050.269,
            "p(90)": 529.706
        },
        "data_received": {
            "count": 6906270,
            "rate": 68040.45409405012
        },
        "http_req_connecting": {
            "min": 0.062,
            "med": 0.312,
            "max": 254.341,
            "p(90)": 0.9917000000000015,
            "p(95)": 1.765349999999997,
            "avg": 1.2326719372396349
        },
        "http_req_sending": {
            "max": 216.649,
            "p(90)": 0.048,
            "p(95)": 0.142,
            "avg": 0.37629875026590887,
            "min": 0.003,
            "med": 0.012
        },
        "http_req_receiving": {
            "p(90)": 0.092,
            "p(95)": 0.226,
            "avg": 0.14740633076900445,
            "min": 0.005,
            "med": 0.022,
            "max": 263.349
        },
        "checks": {
            "passes": 65774,
            "fails": 0,
            "value": 1
        },
        "iterations": {
            "count": 65774,
            "rate": 648.0043247052392
        }
    }
}