{
    "root_group": {
        "name": "",
        "path": "",
        "id": "d41d8cd98f00b204e9800998ecf8427e",
        "groups": {},
        "checks": {
                "status is 200": {
                    "name": "status is 200",
                    "path": "::status is 200",
                    "id": "6210a8cd14cd70477eba5c5e4cb3fb5f",
                    "passes": 63099,
                    "fails": 0
                }
            }
    },
    "metrics": {
        "data_received": {
            "count": 6625395,
            "rate": 65383.84403410115
        },
        "checks": {
            "passes": 63099,
            "fails": 0,
            "value": 1
        },
        "http_req_duration": {
            "max": 2787.956,
            "p(90)": 571.7134,
            "p(95)": 627.5400999999999,
            "avg": 572.0405017670638,
            "min": 500.353,
            "med": 507.894
        },
        "http_req_connecting": {
            "p(95)": 0,
            "avg": 1.2650310781470373,
            "min": 0,
            "med": 0,
            "max": 155.36,
            "p(90)": 0
        },
        "http_req_tls_handshaking": {
            "med": 0,
            "max": 0,
            "p(90)": 0,
            "p(95)": 0,
            "avg": 0,
            "min": 0
        },
        "vus_max": {
            "max": 1000,
            "value": 1000,
            "min": 1000
        },
        "iterations": {
            "count": 63099,
            "rate": 622.7032765152491
        },
        "http_req_duration{expected_response:true}": {
            "p(90)": 571.7134,
            "p(95)": 627.5400999999999,
            "avg": 572.0405017670638,
            "min": 500.353,
            "med": 507.894,
            "max": 2787.956
        },
        "http_reqs": {
            "count": 63099,
            "rate": 622.7032765152491
        },
        "iteration_duration": {
            "med": 1509.436583,
            "max": 3885.495584,
            "p(90)": 1672.2714166,
            "p(95)": 1971.8270749999997,
            "avg": 1595.6612304356897,
            "min": 1500.423541
        },
        "http_req_sending": {
            "p(90)": 0.095,
            "p(95)": 0.9352999999999916,
            "avg": 1.6118989524397165,
            "min": 0.001,
            "med": 0.006,
            "max": 617.077
        },
        "http_req_waiting": {
            "avg": 570.3029409340917,
            "min": 500.332,
            "med": 507.693,
            "max": 2750.754,
            "p(90)": 568.2744,
            "p(95)": 617.8028999999999
        },
        "http_req_receiving": {
            "avg": 0.1256618805369325,
            "min": 0.004,
            "med": 0.01,
            "max": 325.652,
            "p(90)": 0.041,
            "p(95)": 0.071
        },
        "http_req_failed": {
            "passes": 0,
            "fails": 63099,
            "value": 0
        },
        "vus": {
            "value": 515,
            "min": 515,
            "max": 1000
        },
        "data_sent": {
            "count": 4543128,
            "rate": 44834.63590909794
        },
        "http_req_blocked": {
            "avg": 1.475680993359389,
            "min": 0,
            "med": 0.002,
            "max": 604.425,
            "p(90)": 0.012,
            "p(95)": 0.029
        }
    }
}