{
    "root_group": {
        "name": "",
        "path": "",
        "id": "d41d8cd98f00b204e9800998ecf8427e",
        "groups": {},
        "checks": {
                "status is 200": {
                    "name": "status is 200",
                    "path": "::status is 200",
                    "id": "6210a8cd14cd70477eba5c5e4cb3fb5f",
                    "passes": 65748,
                    "fails": 0
                }
            }
    },
    "metrics": {
        "http_req_failed": {
            "passes": 0,
            "fails": 65748,
            "value": 0
        },
        "http_req_duration{expected_response:true}": {
            "avg": 526.7924963192747,
            "min": 500.639,
            "med": 506.057,
            "max": 1694.48,
            "p(90)": 525.7622,
            "p(95)": 572.6499
        },
        "http_req_blocked": {
            "min": 0.05,
            "med": 0.297,
            "max": 1074.701,
            "p(90)": 0.899,
            "p(95)": 1.967299999999994,
            "avg": 4.313414795887226
        },
        "http_req_connecting": {
            "avg": 4.0179893684979655,
            "min": 0.042,
            "med": 0.271,
            "max": 1061.314,
            "p(90)": 0.814,
            "p(95)": 1.7322999999999942
        },
        "iteration_duration": {
            "avg": 1531.7875682292213,
            "min": 1500.91975,
            "med": 1506.9546455,
            "max": 2745.794209,
            "p(90)": 1529.3811036,
            "p(95)": 1599.1579169999995
        },
        "http_reqs": {
            "count": 65748,
            "rate": 648.063712031823
        },
        "http_req_sending": {
            "avg": 0.10633552351402739,
            "min": 0.003,
            "med": 0.012,
            "max": 38.446,
            "p(90)": 0.044,
            "p(95)": 0.108
        },
        "vus": {
            "value": 310,
            "min": 310,
            "max": 1000
        },
        "http_req_receiving": {
            "min": 0.006,
            "med": 0.023,
            "max": 131.16,
            "p(90)": 0.095,
            "p(95)": 0.225,
            "avg": 0.09051557461824124
        },
        "data_sent": {
            "count": 4733856,
            "rate": 46660.58726629126
        },
        "data_received": {
            "count": 6903540,
            "rate": 68046.68976334142
        },
        "http_req_duration": {
            "avg": 526.7924963192747,
            "min": 500.639,
            "med": 506.057,
            "max": 1694.48,
            "p(90)": 525.7622,
            "p(95)": 572.6499
        },
        "http_req_waiting": {
            "p(90)": 525.47,
            "p(95)": 571.0731499999999,
            "avg": 526.5956452211511,
            "min": 500.61,
            "med": 505.9665,
            "max": 1694.423
        },
        "checks": {
            "fails": 0,
            "passes": 65748,
            "value": 1
        },
        "vus_max": {
            "value": 1000,
            "min": 1000,
            "max": 1000
        },
        "iterations": {
            "count": 65748,
            "rate": 648.063712031823
        },
        "http_req_tls_handshaking": {
            "max": 0,
            "p(90)": 0,
            "p(95)": 0,
            "avg": 0,
            "min": 0,
            "med": 0
        }
    }
}