{
    "metrics": {
        "http_reqs": {
            "rate": 569.8086700331277,
            "count": 57839
        },
        "http_req_duration{expected_response:true}": {
            "min": 500.638,
            "med": 514.5165,
            "max": 10515.747,
            "p(90)": 1310.7740000000001,
            "p(95)": 1831.3429999999992,
            "avg": 724.4186575026869
        },
        "http_req_receiving": {
            "min": 0,
            "med": 0.036,
            "max": 1691.925,
            "p(90)": 0.254,
            "p(95)": 0.6820999999999975,
            "avg": 1.388629004650805
        },
        "http_req_blocked": {
            "avg": 5.92909856671104,
            "min": 0.048,
            "med": 0.329,
            "max": 745.105,
            "p(90)": 2.9712000000000014,
            "p(95)": 20.41559999999996
        },
        "http_req_connecting": {
            "min": 0.04,
            "med": 0.283,
            "max": 686.118,
            "p(90)": 2.086200000000001,
            "p(95)": 14.609599999999984,
            "avg": 5.11099714725359
        },
        "http_req_waiting": {
            "avg": 726.9388575874417,
            "min": 500.605,
            "med": 514.414,
            "max": 10511.147,
            "p(90)": 1306.6542000000006,
            "p(95)": 1843.9515999999987
        },
        "http_req_tls_handshaking": {
            "avg": 0,
            "min": 0,
            "med": 0,
            "max": 0,
            "p(90)": 0,
            "p(95)": 0
        },
        "http_req_sending": {
            "avg": 1.2785813205622774,
            "min": 0.003,
            "med": 0.019,
            "max": 680.057,
            "p(90)": 0.255,
            "p(95)": 1.014
        },
        "iteration_duration": {
            "avg": 1740.237104242474,
            "min": 1500.855292,
            "med": 1517.049583,
            "max": 11630.949583,
            "p(90)": 2379.9090164000004,
            "p(95)": 2895.4100208
        },
        "iterations": {
            "count": 57839,
            "rate": 569.8086700331277
        },
        "vus_max": {
            "value": 1000,
            "min": 1000,
            "max": 1000
        },
        "data_sent": {
            "count": 4164408,
            "rate": 41026.22424238519
        },
        "checks": {
            "passes": 57726,
            "fails": 113,
            "value": 0.9980463009388129
        },
        "data_received": {
            "rate": 59739.265467277495,
            "count": 6063894
        },
        "http_req_duration": {
            "avg": 729.6060679126556,
            "min": 500.638,
            "med": 514.601,
            "max": 10515.747,
            "p(90)": 1324.1346,
            "p(95)": 1848.7915
        },
        "vus": {
            "value": 420,
            "min": 420,
            "max": 1000
        },
        "http_req_failed": {
            "passes": 113,
            "fails": 57726,
            "value": 0.001953699061187088
        }
    },
    "root_group": {
        "name": "",
        "path": "",
        "id": "d41d8cd98f00b204e9800998ecf8427e",
        "groups": {},
        "checks": {
                "status is 200": {
                    "name": "status is 200",
                    "path": "::status is 200",
                    "id": "6210a8cd14cd70477eba5c5e4cb3fb5f",
                    "passes": 57726,
                    "fails": 113
                }
            }
    }
}