{
    "root_group": {
        "id": "d41d8cd98f00b204e9800998ecf8427e",
        "groups": {},
        "checks": {
                "status is 200": {
                    "passes": 66104,
                    "fails": 0,
                    "name": "status is 200",
                    "path": "::status is 200",
                    "id": "6210a8cd14cd70477eba5c5e4cb3fb5f"
                }
            },
        "name": "",
        "path": ""
    },
    "metrics": {
        "checks": {
            "passes": 66104,
            "fails": 0,
            "value": 1
        },
        "http_req_connecting": {
            "avg": 0.5265983147767124,
            "min": 0.046,
            "med": 0.264,
            "max": 88.778,
            "p(90)": 0.702,
            "p(95)": 1.219
        },
        "vus_max": {
            "max": 1000,
            "value": 1000,
            "min": 1000
        },
        "data_received": {
            "count": 6940920,
            "rate": 68358.99730643143
        },
        "http_req_failed": {
            "fails": 66104,
            "passes": 0,
            "value": 0
        },
        "vus": {
            "value": 371,
            "min": 371,
            "max": 1000
        },
        "http_req_duration": {
            "p(90)": 527.9135,
            "p(95)": 572.70655,
            "avg": 522.1498960123433,
            "min": 500.597,
            "med": 505.869,
            "max": 1565.641
        },
        "http_req_receiving": {
            "min": 0.005,
            "med": 0.023,
            "max": 166.748,
            "p(90)": 0.088,
            "p(95)": 0.203,
            "avg": 0.09302136028077922
        },
        "http_req_waiting": {
            "avg": 521.9266261648288,
            "min": 500.573,
            "med": 505.7935,
            "max": 1563.448,
            "p(90)": 527.4695,
            "p(95)": 570.7858999999999
        },
        "http_req_blocked": {
            "avg": 0.5953091643470975,
            "min": 0.057,
            "med": 0.291,
            "max": 88.975,
            "p(90)": 0.77,
            "p(95)": 1.321
        },
        "http_req_tls_handshaking": {
            "p(90)": 0,
            "p(95)": 0,
            "avg": 0,
            "min": 0,
            "med": 0,
            "max": 0
        },
        "iteration_duration": {
            "min": 1500.833375,
            "med": 1506.677667,
            "max": 2568.739416,
            "p(90)": 1529.3282875000002,
            "p(95)": 1575.0043982,
            "avg": 1523.1585894895231
        },
        "http_req_sending": {
            "p(95)": 0.093,
            "avg": 0.13024848723224397,
            "min": 0.003,
            "med": 0.012,
            "max": 51.896,
            "p(90)": 0.041
        },
        "http_reqs": {
            "rate": 651.0380695850612,
            "count": 66104
        },
        "iterations": {
            "count": 66104,
            "rate": 651.0380695850612
        },
        "data_sent": {
            "count": 4759488,
            "rate": 46874.74101012441
        },
        "http_req_duration{expected_response:true}": {
            "med": 505.869,
            "max": 1565.641,
            "p(90)": 527.9135,
            "p(95)": 572.70655,
            "avg": 522.1498960123433,
            "min": 500.597
        }
    }
}