{
    "metrics": {
        "http_req_duration": {
            "p(95)": 529.1342,
            "avg": 509.8519808772691,
            "min": 500.366,
            "med": 506.589,
            "max": 623.01,
            "p(90)": 521.4762
        },
        "http_req_blocked": {
            "p(95)": 0.018,
            "avg": 1.3635343848563617,
            "min": 0,
            "med": 0.002,
            "max": 165.688,
            "p(90)": 0.007
        },
        "http_req_tls_handshaking": {
            "avg": 0,
            "min": 0,
            "med": 0,
            "max": 0,
            "p(90)": 0,
            "p(95)": 0
        },
        "http_req_sending": {
            "p(90)": 0.196,
            "p(95)": 1.164549999999997,
            "avg": 0.46887489860322185,
            "min": 0.001,
            "med": 0.006,
            "max": 101.742
        },
        "http_req_receiving": {
            "avg": 0.03865245606128813,
            "min": 0.004,
            "med": 0.015,
            "max": 35.535,
            "p(90)": 0.043,
            "p(95)": 0.082
        },
        "checks": {
            "passes": 66570,
            "fails": 0,
            "value": 1
        },
        "iteration_duration": {
            "med": 1508.3715419999999,
            "max": 1727.278833,
            "p(90)": 1527.9923955,
            "p(95)": 1540.06775205,
            "avg": 1513.898418726374,
            "min": 1500.636917
        },
        "http_req_waiting": {
            "avg": 509.34445352260934,
            "min": 500.359,
            "med": 506.281,
            "max": 579.448,
            "p(90)": 520.446,
            "p(95)": 526.74455
        },
        "http_req_failed": {
            "passes": 0,
            "fails": 66570,
            "value": 0
        },
        "data_sent": {
            "count": 4793040,
            "rate": 47218.44128664874
        },
        "http_reqs": {
            "count": 66570,
            "rate": 655.811684536788
        },
        "data_received": {
            "count": 6989850,
            "rate": 68860.22687636275
        },
        "http_req_connecting": {
            "max": 165.557,
            "p(90)": 0,
            "p(95)": 0,
            "avg": 1.3309129037103793,
            "min": 0,
            "med": 0
        },
        "vus": {
            "max": 1000,
            "value": 570,
            "min": 570
        },
        "vus_max": {
            "min": 1000,
            "max": 1000,
            "value": 1000
        },
        "iterations": {
            "count": 66570,
            "rate": 655.811684536788
        },
        "http_req_duration{expected_response:true}": {
            "p(95)": 529.1342,
            "avg": 509.8519808772691,
            "min": 500.366,
            "med": 506.589,
            "max": 623.01,
            "p(90)": 521.4762
        }
    },
    "root_group": {
        "id": "d41d8cd98f00b204e9800998ecf8427e",
        "groups": {},
        "checks": {
                "status is 200": {
                    "passes": 66570,
                    "fails": 0,
                    "name": "status is 200",
                    "path": "::status is 200",
                    "id": "6210a8cd14cd70477eba5c5e4cb3fb5f"
                }
            },
        "name": "",
        "path": ""
    }
}