{
    "metrics": {
        "http_req_blocked": {
            "p(95)": 0.017,
            "avg": 0.47159234856258053,
            "min": 0,
            "med": 0.002,
            "max": 204.149,
            "p(90)": 0.007
        },
        "http_req_connecting": {
            "max": 72.324,
            "p(90)": 0,
            "p(95)": 0,
            "avg": 0.22335827279822304,
            "min": 0,
            "med": 0
        },
        "http_req_sending": {
            "max": 195.621,
            "p(90)": 0.165,
            "p(95)": 0.7282999999999941,
            "avg": 0.793682370774652,
            "min": 0.001,
            "med": 0.007
        },
        "vus": {
            "value": 628,
            "min": 628,
            "max": 1000
        },
        "http_req_tls_handshaking": {
            "avg": 0,
            "min": 0,
            "med": 0,
            "max": 0,
            "p(90)": 0,
            "p(95)": 0
        },
        "http_req_receiving": {
            "avg": 0.03410567629225016,
            "min": 0.004,
            "med": 0.015,
            "max": 23.117,
            "p(90)": 0.038,
            "p(95)": 0.062
        },
        "http_reqs": {
            "count": 66628,
            "rate": 656.6122707399202
        },
        "http_req_duration": {
            "avg": 510.0118571171281,
            "min": 500.471,
            "med": 506.6085,
            "max": 705.475,
            "p(90)": 519.5043000000001,
            "p(95)": 525.10525
        },
        "http_req_duration{expected_response:true}": {
            "max": 705.475,
            "p(90)": 519.5043000000001,
            "p(95)": 525.10525,
            "avg": 510.0118571171281,
            "min": 500.471,
            "med": 506.6085
        },
        "http_req_waiting": {
            "avg": 509.1840690700621,
            "min": 500.456,
            "med": 506.3095,
            "max": 693.02,
            "p(90)": 518.6216000000001,
            "p(95)": 523.80265
        },
        "data_sent": {
            "count": 4797216,
            "rate": 47276.08349327425
        },
        "http_req_failed": {
            "passes": 0,
            "fails": 66628,
            "value": 0
        },
        "iterations": {
            "count": 66628,
            "rate": 656.6122707399202
        },
        "checks": {
            "passes": 66628,
            "fails": 0,
            "value": 1
        },
        "data_received": {
            "count": 6995940,
            "rate": 68944.28842769162
        },
        "iteration_duration": {
            "p(95)": 1533.8433807,
            "avg": 1512.6356478713026,
            "min": 1500.548,
            "med": 1508.2072914999999,
            "max": 1765.638708,
            "p(90)": 1524.6581
        },
        "vus_max": {
            "max": 1000,
            "value": 1000,
            "min": 1000
        }
    },
    "root_group": {
        "name": "",
        "path": "",
        "id": "d41d8cd98f00b204e9800998ecf8427e",
        "groups": {},
        "checks": {
                "status is 200": {
                    "path": "::status is 200",
                    "id": "6210a8cd14cd70477eba5c5e4cb3fb5f",
                    "passes": 66628,
                    "fails": 0,
                    "name": "status is 200"
                }
            }
    }
}