{
    "metrics": {
        "http_req_receiving": {
            "med": 0.015,
            "max": 76.013,
            "p(90)": 0.05,
            "p(95)": 0.078,
            "avg": 0.05347355815977034,
            "min": 0.003
        },
        "http_req_connecting": {
            "avg": 0.110129635126145,
            "min": 0,
            "med": 0,
            "max": 87.159,
            "p(90)": 0,
            "p(95)": 0
        },
        "http_req_tls_handshaking": {
            "avg": 0,
            "min": 0,
            "med": 0,
            "max": 0,
            "p(90)": 0,
            "p(95)": 0
        },
        "data_sent": {
            "count": 6839350,
            "rate": 67717.08889676972
        },
        "vus_max": {
            "value": 1000,
            "min": 1000,
            "max": 1000
        },
        "iteration_duration": {
            "avg": 1027.6045171554879,
            "min": 1000.21825,
            "med": 1004.347958,
            "max": 1864.3935,
            "p(90)": 1057.539075,
            "p(95)": 1135.1376918
        },
        "http_req_duration{expected_response:true}": {
            "avg": 23.65345744844149,
            "min": 0.169,
            "med": 3.247,
            "max": 862.856,
            "p(90)": 38.867600000000024,
            "p(95)": 106.4165999999998
        },
        "http_req_waiting": {
            "p(95)": 105.57559999999998,
            "avg": 23.303440673455764,
            "min": 0.16,
            "med": 3.148,
            "max": 862.106,
            "p(90)": 36.91900000000002
        },
        "http_reqs": {
            "count": 97705,
            "rate": 967.3869842395675
        },
        "data_received": {
            "count": 10259025,
            "rate": 101575.63334515458
        },
        "iterations": {
            "count": 97705,
            "rate": 967.3869842395675
        },
        "http_req_sending": {
            "avg": 0.2965432168264379,
            "min": 0.001,
            "med": 0.008,
            "max": 228.972,
            "p(90)": 0.056,
            "p(95)": 0.197
        },
        "http_req_duration": {
            "min": 0.169,
            "med": 3.247,
            "max": 862.856,
            "p(90)": 38.867600000000024,
            "p(95)": 106.4165999999998,
            "avg": 23.65345744844149
        },
        "http_req_failed": {
            "passes": 0,
            "fails": 97705,
            "value": 0
        },
        "vus": {
            "value": 238,
            "min": 238,
            "max": 1000
        },
        "http_req_blocked": {
            "min": 0,
            "med": 0.003,
            "max": 191.756,
            "p(90)": 0.011,
            "p(95)": 0.023,
            "avg": 0.1337847090735005
        },
        "checks": {
            "passes": 97705,
            "fails": 0,
            "value": 1
        }
    },
    "root_group": {
        "name": "",
        "path": "",
        "id": "d41d8cd98f00b204e9800998ecf8427e",
        "groups": {},
        "checks": {
                "status is 200": {
                    "name": "status is 200",
                    "path": "::status is 200",
                    "id": "6210a8cd14cd70477eba5c5e4cb3fb5f",
                    "passes": 97705,
                    "fails": 0
                }
            }
    }
}