{
    "root_group": {
        "path": "",
        "id": "d41d8cd98f00b204e9800998ecf8427e",
        "groups": {},
        "checks": {
                "status is 200": {
                    "passes": 94863,
                    "fails": 25,
                    "name": "status is 200",
                    "path": "::status is 200",
                    "id": "6210a8cd14cd70477eba5c5e4cb3fb5f"
                }
            },
        "name": ""
    },
    "metrics": {
        "http_req_sending": {
            "med": 0.012,
            "max": 48.807,
            "p(90)": 0.042,
            "p(95)": 0.075,
            "avg": 0.06720267051682818,
            "min": 0.003
        },
        "http_req_receiving": {
            "avg": 0.07187583256049561,
            "min": 0.004,
            "med": 0.021,
            "max": 152.462,
            "p(90)": 0.093,
            "p(95)": 0.189
        },
        "http_reqs": {
            "count": 94888,
            "rate": 936.1605735197024
        },
        "vus": {
            "value": 29,
            "min": 29,
            "max": 1000
        },
        "checks": {
            "passes": 94863,
            "fails": 25,
            "value": 0.9997365314897564
        },
        "http_req_duration": {
            "med": 4.282,
            "max": 7124.414,
            "p(90)": 32.78260000000002,
            "p(95)": 128.59579999999994,
            "avg": 58.162378741252176,
            "min": 0.334
        },
        "data_sent": {
            "count": 6642160,
            "rate": 65531.24014637917
        },
        "http_req_failed": {
            "fails": 94863,
            "passes": 25,
            "value": 0.0002634685102436557
        },
        "vus_max": {
            "value": 1000,
            "min": 1000,
            "max": 1000
        },
        "iteration_duration": {
            "p(90)": 1033.8606624,
            "p(95)": 1132.6180438499991,
            "avg": 1059.3253417827998,
            "min": 1000.486208,
            "med": 1004.8724995,
            "max": 8208.185709
        },
        "http_req_connecting": {
            "avg": 0.7800622944945677,
            "min": 0.036,
            "med": 0.169,
            "max": 114.04,
            "p(90)": 0.504,
            "p(95)": 0.888
        },
        "http_req_blocked": {
            "avg": 0.8224176081274621,
            "min": 0.041,
            "med": 0.191,
            "max": 114.195,
            "p(90)": 0.565,
            "p(95)": 0.991
        },
        "http_req_waiting": {
            "avg": 58.02330023817486,
            "min": 0.313,
            "med": 4.1955,
            "max": 7124.165,
            "p(90)": 32.604200000000006,
            "p(95)": 127.90034999999983
        },
        "http_req_tls_handshaking": {
            "max": 0,
            "p(90)": 0,
            "p(95)": 0,
            "avg": 0,
            "min": 0,
            "med": 0
        },
        "iterations": {
            "count": 94888,
            "rate": 936.1605735197024
        },
        "http_req_duration{expected_response:true}": {
            "avg": 56.30730862401528,
            "min": 0.334,
            "med": 4.281,
            "max": 7085.161,
            "p(90)": 32.64700000000001,
            "p(95)": 126.83659999999993
        },
        "data_received": {
            "count": 9961515,
            "rate": 98279.84145018463
        }
    }
}