{
    "root_group": {
        "id": "d41d8cd98f00b204e9800998ecf8427e",
        "groups": {},
        "checks": {
                "status is 200": {
                    "path": "::status is 200",
                    "id": "6210a8cd14cd70477eba5c5e4cb3fb5f",
                    "passes": 95020,
                    "fails": 0,
                    "name": "status is 200"
                }
            },
        "name": "",
        "path": ""
    },
    "metrics": {
        "http_req_receiving": {
            "p(95)": 0.196,
            "avg": 0.10499141233425116,
            "min": 0.005,
            "med": 0.026,
            "max": 554.413,
            "p(90)": 0.1031000000000021
        },
        "data_sent": {
            "rate": 65852.10599517914,
            "count": 6651400
        },
        "data_received": {
            "count": 9977100,
            "rate": 98778.1589927687
        },
        "http_req_tls_handshaking": {
            "max": 0,
            "p(90)": 0,
            "p(95)": 0,
            "avg": 0,
            "min": 0,
            "med": 0
        },
        "vus_max": {
            "value": 1000,
            "min": 1000,
            "max": 1000
        },
        "vus": {
            "max": 1000,
            "value": 165,
            "min": 165
        },
        "iterations": {
            "count": 95020,
            "rate": 940.744371359702
        },
        "http_req_connecting": {
            "p(95)": 1.236,
            "avg": 1.2527988423489802,
            "min": 0.047,
            "med": 0.2,
            "max": 193.665,
            "p(90)": 0.616
        },
        "http_req_failed": {
            "passes": 0,
            "fails": 95020,
            "value": 0
        },
        "checks": {
            "passes": 95020,
            "fails": 0,
            "value": 1
        },
        "http_req_duration{expected_response:true}": {
            "min": 0.351,
            "med": 4.672,
            "max": 4047.249,
            "p(90)": 69.9376,
            "p(95)": 311.1230499999998,
            "avg": 55.26711702799458
        },
        "http_req_blocked": {
            "min": 0.059,
            "med": 0.231,
            "max": 217.979,
            "p(90)": 0.729,
            "p(95)": 1.571,
            "avg": 1.4435368974952294
        },
        "http_req_sending": {
            "p(90)": 0.078,
            "p(95)": 0.21,
            "avg": 0.24245067354236083,
            "min": 0.003,
            "med": 0.016,
            "max": 123.671
        },
        "http_req_waiting": {
            "avg": 54.919674942117425,
            "min": 0.273,
            "med": 4.578,
            "max": 4047.095,
            "p(90)": 69.4991,
            "p(95)": 309.1866999999999
        },
        "http_reqs": {
            "count": 95020,
            "rate": 940.744371359702
        },
        "http_req_duration": {
            "min": 0.351,
            "med": 4.672,
            "max": 4047.249,
            "p(90)": 69.9376,
            "p(95)": 311.1230499999998,
            "avg": 55.26711702799458
        },
        "iteration_duration": {
            "med": 1005.6036254999999,
            "max": 5055.648792,
            "p(90)": 1074.7118709,
            "p(95)": 1321.50736695,
            "avg": 1057.6173410816257,
            "min": 1000.559125
        }
    }
}