{
    "metrics": {
        "http_req_waiting": {
            "max": 59997.67,
            "p(90)": 104.87350000000039,
            "p(95)": 1162.2954999999993,
            "avg": 560.8033760223865,
            "min": 0.286,
            "med": 3.554
        },
        "http_req_tls_handshaking": {
            "max": 0,
            "p(90)": 0,
            "p(95)": 0,
            "avg": 0,
            "min": 0,
            "med": 0
        },
        "data_received": {
            "count": 6671161,
            "rate": 66054.49721948072
        },
        "iteration_duration": {
            "max": 61002.950791,
            "p(90)": 1136.4013244,
            "p(95)": 2181.609541699984,
            "avg": 1565.2671565402702,
            "min": 1000.512,
            "med": 1004.356479
        },
        "http_req_duration{expected_response:true}": {
            "avg": 401.36750667298236,
            "min": 0.346,
            "med": 3.547,
            "max": 54950.083,
            "p(90)": 61.88000000000001,
            "p(95)": 1002.915
        },
        "http_req_blocked": {
            "avg": 2.3612084279272723,
            "min": 0.05,
            "med": 0.216,
            "max": 241.942,
            "p(90)": 0.75,
            "p(95)": 2.154
        },
        "http_req_connecting": {
            "max": 238.938,
            "p(90)": 0.64,
            "p(95)": 1.6275499999999972,
            "avg": 2.168208396827846,
            "min": 0.043,
            "med": 0.188
        },
        "iterations": {
            "count": 64310,
            "rate": 636.76543201173
        },
        "http_req_receiving": {
            "min": 0,
            "med": 0.028,
            "max": 2705.641,
            "p(90)": 0.135,
            "p(95)": 0.263,
            "avg": 0.4852903902969125
        },
        "vus_max": {
            "value": 1000,
            "min": 1000,
            "max": 1000
        },
        "http_req_sending": {
            "max": 97.818,
            "p(90)": 0.06,
            "p(95)": 0.164,
            "avg": 0.294848219561411,
            "min": 0.003,
            "med": 0.015
        },
        "http_req_duration": {
            "avg": 561.5835146322495,
            "min": 0.346,
            "med": 3.648,
            "max": 59997.685,
            "p(90)": 113.90760000000007,
            "p(95)": 1165.5532499999968
        },
        "checks": {
            "passes": 63315,
            "fails": 995,
            "value": 0.9845280671746229
        },
        "data_sent": {
            "count": 4501700,
            "rate": 44573.5802408211
        },
        "http_reqs": {
            "count": 64310,
            "rate": 636.76543201173
        },
        "vus": {
            "value": 175,
            "min": 175,
            "max": 1000
        },
        "http_req_failed": {
            "passes": 995,
            "fails": 63315,
            "value": 0.01547193282537708
        }
    },
    "root_group": {
        "id": "d41d8cd98f00b204e9800998ecf8427e",
        "groups": {},
        "checks": {
                "status is 200": {
                    "fails": 995,
                    "name": "status is 200",
                    "path": "::status is 200",
                    "id": "6210a8cd14cd70477eba5c5e4cb3fb5f",
                    "passes": 63315
                }
            },
        "name": "",
        "path": ""
    }
}