{
    "root_group": {
        "name": "",
        "path": "",
        "id": "d41d8cd98f00b204e9800998ecf8427e",
        "groups": {},
        "checks": {
                "status is 200": {
                    "name": "status is 200",
                    "path": "::status is 200",
                    "id": "6210a8cd14cd70477eba5c5e4cb3fb5f",
                    "passes": 96984,
                    "fails": 0
                }
            }
    },
    "metrics": {
        "http_req_connecting": {
            "avg": 1.7191995586900954,
            "min": 0.037,
            "med": 0.174,
            "max": 235.973,
            "p(90)": 0.554,
            "p(95)": 1.1418499999999956
        },
        "vus_max": {
            "value": 1000,
            "min": 1000,
            "max": 1000
        },
        "vus": {
            "value": 8,
            "min": 8,
            "max": 1000
        },
        "http_req_blocked": {
            "med": 0.197,
            "max": 236.821,
            "p(90)": 0.627,
            "p(95)": 1.293,
            "avg": 1.7785654540955218,
            "min": 0.045
        },
        "checks": {
            "passes": 96984,
            "fails": 0,
            "value": 1
        },
        "iteration_duration": {
            "p(90)": 1028.746975,
            "p(95)": 1069.6626026499996,
            "avg": 1034.9756651869823,
            "min": 1000.487375,
            "med": 1004.1403545000001,
            "max": 5122.931208
        },
        "http_req_sending": {
            "p(90)": 0.051,
            "p(95)": 0.137,
            "avg": 0.18737813453766328,
            "min": 0.003,
            "med": 0.013,
            "max": 115.603
        },
        "data_sent": {
            "count": 6788880,
            "rate": 66990.69593403002
        },
        "http_req_waiting": {
            "avg": 32.41312720654901,
            "min": 0.236,
            "med": 3.391,
            "max": 4122.45,
            "p(90)": 26.53520000000001,
            "p(95)": 63.304849999999995
        },
        "http_reqs": {
            "count": 96984,
            "rate": 957.0099419147147
        },
        "http_req_duration": {
            "avg": 32.705653633588625,
            "min": 0.289,
            "med": 3.481,
            "max": 4122.475,
            "p(90)": 26.812400000000004,
            "p(95)": 65.143
        },
        "data_received": {
            "count": 10183320,
            "rate": 100486.04390104504
        },
        "http_req_tls_handshaking": {
            "avg": 0,
            "min": 0,
            "med": 0,
            "max": 0,
            "p(90)": 0,
            "p(95)": 0
        },
        "http_req_duration{expected_response:true}": {
            "max": 4122.475,
            "p(90)": 26.812400000000004,
            "p(95)": 65.143,
            "avg": 32.705653633588625,
            "min": 0.289,
            "med": 3.481
        },
        "http_req_failed": {
            "passes": 0,
            "fails": 96984,
            "value": 0
        },
        "http_req_receiving": {
            "max": 137.174,
            "p(90)": 0.11,
            "p(95)": 0.231,
            "avg": 0.10514829250185917,
            "min": 0.004,
            "med": 0.023
        },
        "iterations": {
            "count": 96984,
            "rate": 957.0099419147147
        }
    }
}