{
    "metrics": {
        "http_req_failed": {
            "passes": 1,
            "fails": 94216,
            "value": 0.000010613795811796173
        },
        "vus": {
            "value": 93,
            "min": 93,
            "max": 1000
        },
        "data_sent": {
            "count": 6595190,
            "rate": 65299.47466477136
        },
        "http_req_tls_handshaking": {
            "p(95)": 0,
            "avg": 0,
            "min": 0,
            "med": 0,
            "max": 0,
            "p(90)": 0
        },
        "checks": {
            "passes": 94216,
            "fails": 1,
            "value": 0.9999893862041882
        },
        "http_req_duration{expected_response:true}": {
            "avg": 61.92284956907597,
            "min": 0.357,
            "med": 4.2044999999999995,
            "max": 10338.292,
            "p(90)": 54.052500000000016,
            "p(95)": 319.78274999999974
        },
        "data_received": {
            "count": 9892680,
            "rate": 97948.17238422098
        },
        "iteration_duration": {
            "p(95)": 1356.517966799999,
            "avg": 1066.9048791120476,
            "min": 1000.480542,
            "med": 1005.165166,
            "max": 11484.821167,
            "p(90)": 1070.8413249999999
        },
        "http_req_duration": {
            "avg": 61.99700934014097,
            "min": 0.357,
            "med": 4.205,
            "max": 10338.292,
            "p(90)": 54.06960000000007,
            "p(95)": 319.8387999999998
        },
        "http_reqs": {
            "count": 94217,
            "rate": 932.8496380681623
        },
        "vus_max": {
            "value": 1000,
            "min": 1000,
            "max": 1000
        },
        "http_req_sending": {
            "avg": 0.27271115616078334,
            "min": 0.003,
            "med": 0.015,
            "max": 364.95,
            "p(90)": 0.078,
            "p(95)": 0.218
        },
        "http_req_waiting": {
            "max": 10338.093,
            "p(90)": 53.70220000000002,
            "p(95)": 318.6855999999997,
            "avg": 61.64568246707089,
            "min": 0.309,
            "med": 4.093
        },
        "http_req_connecting": {
            "max": 433.048,
            "p(90)": 0.776,
            "p(95)": 1.9445999999999874,
            "avg": 2.4947840410965973,
            "min": 0.042,
            "med": 0.195
        },
        "iterations": {
            "count": 94217,
            "rate": 932.8496380681623
        },
        "http_req_blocked": {
            "med": 0.22,
            "max": 433.079,
            "p(90)": 0.888,
            "p(95)": 2.324,
            "avg": 2.9325396478343055,
            "min": 0.053
        },
        "http_req_receiving": {
            "avg": 0.07861571690883971,
            "min": 0,
            "med": 0.027,
            "max": 124.893,
            "p(90)": 0.107,
            "p(95)": 0.207
        }
    },
    "root_group": {
        "name": "",
        "path": "",
        "id": "d41d8cd98f00b204e9800998ecf8427e",
        "groups": {},
        "checks": {
                "status is 200": {
                    "name": "status is 200",
                    "path": "::status is 200",
                    "id": "6210a8cd14cd70477eba5c5e4cb3fb5f",
                    "passes": 94216,
                    "fails": 1
                }
            }
    }
}