{
    "metrics": {
        "http_req_connecting": {
            "p(95)": 1.149,
            "avg": 1.899275974928876,
            "min": 0.041,
            "med": 0.177,
            "max": 241.817,
            "p(90)": 0.541
        },
        "http_req_receiving": {
            "min": 0,
            "med": 0.025,
            "max": 538.406,
            "p(90)": 0.103,
            "p(95)": 0.196,
            "avg": 0.13278073459260248
        },
        "data_received": {
            "count": 9815196,
            "rate": 93405.73441706564
        },
        "http_req_waiting": {
            "p(95)": 467.1495,
            "avg": 73.41772749053406,
            "min": 0.266,
            "med": 3.6,
            "max": 7239.424,
            "p(90)": 49.896400000000064
        },
        "http_req_failed": {
            "passes": 18,
            "fails": 93476,
            "value": 0.00019252572357584443
        },
        "checks": {
            "passes": 93476,
            "fails": 18,
            "value": 0.9998074742764241
        },
        "http_req_tls_handshaking": {
            "avg": 0,
            "min": 0,
            "med": 0,
            "max": 0,
            "p(90)": 0,
            "p(95)": 0
        },
        "iteration_duration": {
            "p(95)": 1489.36952555,
            "avg": 1077.1985356005425,
            "min": 1000.490166,
            "med": 1004.4169585,
            "max": 8243.797167,
            "p(90)": 1064.3006955
        },
        "http_reqs": {
            "count": 93494,
            "rate": 889.7301422803106
        },
        "data_sent": {
            "count": 6544580,
            "rate": 62281.10995962174
        },
        "http_req_duration{expected_response:true}": {
            "max": 4244.62,
            "p(90)": 50.042500000000025,
            "p(95)": 462.89199999999613,
            "avg": 72.27475874021214,
            "min": 0.335,
            "med": 3.693
        },
        "vus": {
            "value": 18,
            "min": 18,
            "max": 1000
        },
        "vus_max": {
            "value": 1000,
            "min": 1000,
            "max": 1000
        },
        "http_req_sending": {
            "max": 106.816,
            "p(90)": 0.051,
            "p(95)": 0.117,
            "avg": 0.08457679637196401,
            "min": 0.003,
            "med": 0.014
        },
        "iterations": {
            "count": 93494,
            "rate": 889.7301422803106
        },
        "http_req_duration": {
            "p(90)": 50.21260000000004,
            "p(95)": 470.12879999999996,
            "avg": 73.63508502149945,
            "min": 0.335,
            "med": 3.695,
            "max": 7239.514
        },
        "http_req_blocked": {
            "min": 0.048,
            "med": 0.202,
            "max": 311.158,
            "p(90)": 0.63,
            "p(95)": 1.330349999999996,
            "avg": 2.00915483346524
        }
    },
    "root_group": {
        "name": "",
        "path": "",
        "id": "d41d8cd98f00b204e9800998ecf8427e",
        "groups": {},
        "checks": {
                "status is 200": {
                    "name": "status is 200",
                    "path": "::status is 200",
                    "id": "6210a8cd14cd70477eba5c5e4cb3fb5f",
                    "passes": 93476,
                    "fails": 18
                }
            }
    }
}