{
    "root_group": {
        "name": "",
        "path": "",
        "id": "d41d8cd98f00b204e9800998ecf8427e",
        "groups": {},
        "checks": {
                "status is 200": {
                    "id": "6210a8cd14cd70477eba5c5e4cb3fb5f",
                    "passes": 99486,
                    "fails": 0,
                    "name": "status is 200",
                    "path": "::status is 200"
                }
            }
    },
    "metrics": {
        "http_reqs": {
            "rate": 985.1473046542641,
            "count": 99486
        },
        "http_req_blocked": {
            "min": 0,
            "med": 0.002,
            "max": 227.804,
            "p(90)": 0.007,
            "p(95)": 0.012,
            "avg": 1.1715529722752294
        },
        "data_received": {
            "count": 10446030,
            "rate": 103440.46698869772
        },
        "vus_max": {
            "min": 1000,
            "max": 1000,
            "value": 1000
        },
        "checks": {
            "passes": 99486,
            "fails": 0,
            "value": 1
        },
        "iterations": {
            "count": 99486,
            "rate": 985.1473046542641
        },
        "http_req_sending": {
            "min": 0.001,
            "med": 0.007,
            "max": 106.304,
            "p(90)": 0.038,
            "p(95)": 0.108,
            "avg": 0.1478230605311001
        },
        "http_req_waiting": {
            "max": 307.288,
            "p(90)": 13.473000000000004,
            "p(95)": 20.45949999999999,
            "avg": 7.830753533160582,
            "min": 0.184,
            "med": 2.519
        },
        "vus": {
            "value": 361,
            "min": 361,
            "max": 1000
        },
        "http_req_tls_handshaking": {
            "med": 0,
            "max": 0,
            "p(90)": 0,
            "p(95)": 0,
            "avg": 0,
            "min": 0
        },
        "http_req_failed": {
            "passes": 0,
            "fails": 99486,
            "value": 0
        },
        "http_req_duration": {
            "avg": 8.007520505397785,
            "min": 0.201,
            "med": 2.572,
            "max": 386.268,
            "p(90)": 13.642000000000005,
            "p(95)": 20.685249999999986
        },
        "http_req_receiving": {
            "avg": 0.028943911706169792,
            "min": 0.003,
            "med": 0.015,
            "max": 16.112,
            "p(90)": 0.044,
            "p(95)": 0.064
        },
        "data_sent": {
            "count": 6964020,
            "rate": 68960.31132579848
        },
        "iteration_duration": {
            "avg": 1010.0291013576076,
            "min": 1000.246166,
            "med": 1003.1364795,
            "max": 1513.913833,
            "p(90)": 1015.344292,
            "p(95)": 1023.05858275
        },
        "http_req_duration{expected_response:true}": {
            "min": 0.201,
            "med": 2.572,
            "max": 386.268,
            "p(90)": 13.642000000000005,
            "p(95)": 20.685249999999986,
            "avg": 8.007520505397785
        },
        "http_req_connecting": {
            "avg": 1.1438349214964938,
            "min": 0,
            "med": 0,
            "max": 226.05,
            "p(90)": 0,
            "p(95)": 0
        }
    }
}