{
    "root_group": {
        "groups": {},
        "checks": {
                "status is 200": {
                    "path": "::status is 200",
                    "id": "6210a8cd14cd70477eba5c5e4cb3fb5f",
                    "passes": 96878,
                    "fails": 1,
                    "name": "status is 200"
                }
            },
        "name": "",
        "path": "",
        "id": "d41d8cd98f00b204e9800998ecf8427e"
    },
    "metrics": {
        "data_sent": {
            "count": 6781530,
            "rate": 67161.29406420978
        },
        "iterations": {
            "count": 96879,
            "rate": 959.4470580601397
        },
        "http_req_duration{expected_response:true}": {
            "med": 3.373,
            "max": 10227.996,
            "p(90)": 25.290900000000004,
            "p(95)": 92.21569999999983,
            "avg": 35.68478925039801,
            "min": 0.324
        },
        "http_req_tls_handshaking": {
            "min": 0,
            "med": 0,
            "max": 0,
            "p(90)": 0,
            "p(95)": 0,
            "avg": 0
        },
        "http_req_failed": {
            "passes": 1,
            "fails": 96878,
            "value": 0.000010322154440074733
        },
        "data_received": {
            "count": 10172190,
            "rate": 100740.90122244008
        },
        "vus": {
            "value": 98,
            "min": 98,
            "max": 1000
        },
        "http_req_sending": {
            "avg": 0.14225288246158635,
            "min": 0.003,
            "med": 0.014,
            "max": 84.304,
            "p(90)": 0.053,
            "p(95)": 0.111
        },
        "vus_max": {
            "value": 1000,
            "min": 1000,
            "max": 1000
        },
        "http_reqs": {
            "count": 96879,
            "rate": 959.4470580601397
        },
        "http_req_waiting": {
            "p(95)": 90.64439999999999,
            "avg": 35.52361552039165,
            "min": 0.255,
            "med": 3.276,
            "max": 10227.678,
            "p(90)": 25.132000000000012
        },
        "checks": {
            "passes": 96878,
            "fails": 1,
            "value": 0.9999896778455599
        },
        "http_req_duration": {
            "avg": 35.75806422444549,
            "min": 0.324,
            "med": 3.373,
            "max": 10227.996,
            "p(90)": 25.293800000000008,
            "p(95)": 92.25169999999984
        },
        "http_req_receiving": {
            "avg": 0.09219582159188781,
            "min": 0,
            "med": 0.026,
            "max": 131.743,
            "p(90)": 0.111,
            "p(95)": 0.226
        },
        "http_req_connecting": {
            "max": 177.026,
            "p(90)": 0.609,
            "p(95)": 1.193,
            "avg": 1.259322887313054,
            "min": 0.033,
            "med": 0.197
        },
        "http_req_blocked": {
            "avg": 1.3201047389011027,
            "min": 0.043,
            "med": 0.221,
            "max": 181.657,
            "p(90)": 0.682,
            "p(95)": 1.3250999999999957
        },
        "iteration_duration": {
            "avg": 1037.530007848452,
            "min": 1000.46975,
            "med": 1004.014333,
            "max": 11228.861625,
            "p(90)": 1027.3291920000001,
            "p(95)": 1096.8499124999998
        }
    }
}