{
    "root_group": {
        "groups": {},
        "checks": {
                "status is 200": {
                    "name": "status is 200",
                    "path": "::status is 200",
                    "id": "6210a8cd14cd70477eba5c5e4cb3fb5f",
                    "passes": 99099,
                    "fails": 0
                }
            },
        "name": "",
        "path": "",
        "id": "d41d8cd98f00b204e9800998ecf8427e"
    },
    "metrics": {
        "data_received": {
            "count": 10405395,
            "rate": 103081.52323485733
        },
        "http_req_duration": {
            "min": 0.178,
            "med": 3.701,
            "max": 342.537,
            "p(90)": 23.373200000000004,
            "p(95)": 43.36849999999998,
            "avg": 11.128279326733901
        },
        "http_req_tls_handshaking": {
            "avg": 0,
            "min": 0,
            "med": 0,
            "max": 0,
            "p(90)": 0,
            "p(95)": 0
        },
        "http_req_sending": {
            "p(95)": 0.21,
            "avg": 0.16024877143057112,
            "min": 0.001,
            "med": 0.007,
            "max": 72.686,
            "p(90)": 0.057
        },
        "http_req_blocked": {
            "p(95)": 0.018,
            "avg": 0.8323033027563286,
            "min": 0,
            "med": 0.003,
            "max": 170.936,
            "p(90)": 0.009
        },
        "vus_max": {
            "value": 1000,
            "min": 1000,
            "max": 1000
        },
        "http_reqs": {
            "count": 99099,
            "rate": 981.7287927129271
        },
        "http_req_failed": {
            "passes": 0,
            "fails": 99099,
            "value": 0
        },
        "http_req_receiving": {
            "p(95)": 0.067,
            "avg": 0.06219744901563043,
            "min": 0.003,
            "med": 0.014,
            "max": 73.216,
            "p(90)": 0.044
        },
        "iteration_duration": {
            "min": 1000.236334,
            "med": 1004.737708,
            "max": 1469.764708,
            "p(90)": 1028.7690338,
            "p(95)": 1051.3314868999998,
            "avg": 1013.8416904827799
        },
        "iterations": {
            "count": 99099,
            "rate": 981.7287927129271
        },
        "http_req_connecting": {
            "max": 170.916,
            "p(90)": 0,
            "p(95)": 0,
            "avg": 0.8154794700249247,
            "min": 0,
            "med": 0
        },
        "http_req_duration{expected_response:true}": {
            "avg": 11.128279326733901,
            "min": 0.178,
            "med": 3.701,
            "max": 342.537,
            "p(90)": 23.373200000000004,
            "p(95)": 43.36849999999998
        },
        "http_req_waiting": {
            "min": 0.169,
            "med": 3.617,
            "max": 341.612,
            "p(90)": 22.973,
            "p(95)": 41.34149999999998,
            "avg": 10.90583310628772
        },
        "vus": {
            "value": 46,
            "min": 46,
            "max": 1000
        },
        "checks": {
            "fails": 0,
            "passes": 99099,
            "value": 1
        },
        "data_sent": {
            "count": 6936930,
            "rate": 68721.0154899049
        }
    }
}