{
    "root_group": {
        "name": "",
        "path": "",
        "id": "d41d8cd98f00b204e9800998ecf8427e",
        "groups": {},
        "checks": {
                "status is 200": {
                    "passes": 91330,
                    "fails": 9,
                    "name": "status is 200",
                    "path": "::status is 200",
                    "id": "6210a8cd14cd70477eba5c5e4cb3fb5f"
                }
            }
    },
    "metrics": {
        "http_req_sending": {
            "avg": 0.13380069849682102,
            "min": 0.003,
            "med": 0.016,
            "max": 51.81,
            "p(90)": 0.087,
            "p(95)": 0.239
        },
        "iterations": {
            "count": 91339,
            "rate": 494.6295391597576
        },
        "vus_max": {
            "value": 1000,
            "min": 1000,
            "max": 1000
        },
        "data_sent": {
            "count": 6393730,
            "rate": 34624.06774118303
        },
        "vus": {
            "value": 4,
            "min": 4,
            "max": 1000
        },
        "http_req_duration{expected_response:true}": {
            "avg": 137.2064586335237,
            "min": 0.376,
            "med": 3.24,
            "max": 92883.111,
            "p(90)": 69.11630000000008,
            "p(95)": 289.36434999999676
        },
        "http_req_failed": {
            "passes": 9,
            "fails": 91330,
            "value": 0.00009853403256002365
        },
        "http_req_duration": {
            "avg": 142.31530275128608,
            "min": 0.376,
            "med": 3.241,
            "max": 92883.111,
            "p(90)": 69.26920000000001,
            "p(95)": 290.86719999999866
        },
        "checks": {
            "passes": 91330,
            "fails": 9,
            "value": 0.99990146596744
        },
        "data_received": {
            "count": 9589974,
            "rate": 51932.7387005995
        },
        "iteration_duration": {
            "avg": 1100.1292834807023,
            "min": 1000.549542,
            "med": 1004.02975,
            "max": 12175.913834,
            "p(90)": 1075.3252586,
            "p(95)": 1326.3024291
        },
        "http_req_blocked": {
            "avg": 1.6299457186963224,
            "min": 0.049,
            "med": 0.229,
            "max": 376.759,
            "p(90)": 0.876,
            "p(95)": 2.2060999999999957
        },
        "http_req_connecting": {
            "max": 364.472,
            "p(90)": 0.739,
            "p(95)": 1.747099999999996,
            "avg": 1.2172579183043444,
            "min": 0.035,
            "med": 0.2
        },
        "http_req_receiving": {
            "avg": 0.12961625373609353,
            "min": 0.004,
            "med": 0.03,
            "max": 381.4,
            "p(90)": 0.126,
            "p(95)": 0.265
        },
        "http_req_tls_handshaking": {
            "p(95)": 0,
            "avg": 0,
            "min": 0,
            "med": 0,
            "max": 0,
            "p(90)": 0
        },
        "http_reqs": {
            "count": 91339,
            "rate": 494.6295391597576
        },
        "http_req_waiting": {
            "max": 92880.378,
            "p(90)": 68.6214,
            "p(95)": 290.2068999999991,
            "avg": 142.05188579905536,
            "min": 0.239,
            "med": 3.141
        }
    }
}