{
    "metrics": {
        "http_req_duration{expected_response:true}": {
            "p(95)": 228.74339999999998,
            "avg": 58.43882419895676,
            "min": 0.336,
            "med": 4.814,
            "max": 10660.834,
            "p(90)": 67.59200000000001
        },
        "data_received": {
            "count": 9925965,
            "rate": 98228.97073706485
        },
        "http_req_receiving": {
            "p(95)": 0.251,
            "avg": 0.11006909756382464,
            "min": 0.005,
            "med": 0.027,
            "max": 286.874,
            "p(90)": 0.122
        },
        "vus": {
            "value": 73,
            "min": 73,
            "max": 1000
        },
        "http_reqs": {
            "count": 94533,
            "rate": 935.5140070196653
        },
        "http_req_blocked": {
            "min": 0.046,
            "med": 0.236,
            "max": 330.511,
            "p(90)": 0.878,
            "p(95)": 1.965,
            "avg": 1.236799234129876
        },
        "checks": {
            "passes": 94533,
            "fails": 0,
            "value": 1
        },
        "iterations": {
            "count": 94533,
            "rate": 935.5140070196653
        },
        "http_req_duration": {
            "med": 4.814,
            "max": 10660.834,
            "p(90)": 67.59200000000001,
            "p(95)": 228.74339999999998,
            "avg": 58.43882419895676,
            "min": 0.336
        },
        "http_req_failed": {
            "passes": 0,
            "fails": 94533,
            "value": 0
        },
        "data_sent": {
            "count": 6617310,
            "rate": 65485.98049137658
        },
        "http_req_connecting": {
            "p(95)": 1.6683999999999957,
            "avg": 1.0721323347402325,
            "min": 0.036,
            "med": 0.207,
            "max": 193.39,
            "p(90)": 0.76
        },
        "http_req_waiting": {
            "max": 10659.734,
            "p(90)": 67.23540000000001,
            "p(95)": 224.84079999999997,
            "avg": 58.08199677361488,
            "min": 0.304,
            "med": 4.703
        },
        "http_req_tls_handshaking": {
            "avg": 0,
            "min": 0,
            "med": 0,
            "max": 0,
            "p(90)": 0,
            "p(95)": 0
        },
        "vus_max": {
            "max": 1000,
            "value": 1000,
            "min": 1000
        },
        "iteration_duration": {
            "med": 1005.823209,
            "max": 11668.484041,
            "p(90)": 1072.4863334000001,
            "p(95)": 1234.0562663999997,
            "avg": 1060.681313210796,
            "min": 1000.558959
        },
        "http_req_sending": {
            "p(95)": 0.195,
            "avg": 0.24675832777961185,
            "min": 0.003,
            "med": 0.015,
            "max": 126.198,
            "p(90)": 0.075
        }
    },
    "root_group": {
        "name": "",
        "path": "",
        "id": "d41d8cd98f00b204e9800998ecf8427e",
        "groups": {},
        "checks": {
                "status is 200": {
                    "name": "status is 200",
                    "path": "::status is 200",
                    "id": "6210a8cd14cd70477eba5c5e4cb3fb5f",
                    "passes": 94533,
                    "fails": 0
                }
            }
    }
}