{
    "metrics": {
        "checks": {
            "fails": 44,
            "passes": 84729,
            "value": 0.999480966817265
        },
        "http_req_tls_handshaking": {
            "max": 0,
            "p(90)": 0,
            "p(95)": 0,
            "avg": 0,
            "min": 0,
            "med": 0
        },
        "http_req_waiting": {
            "avg": 186.87458432520057,
            "min": 0.271,
            "med": 3.419,
            "max": 23225.474,
            "p(90)": 234.22080000000034,
            "p(95)": 1063.8822
        },
        "data_received": {
            "count": 8897949,
            "rate": 87272.94694095141
        },
        "iterations": {
            "count": 84773,
            "rate": 831.4713346890697
        },
        "http_req_blocked": {
            "p(95)": 4.316199999999989,
            "avg": 4.024167718495298,
            "min": 0.042,
            "med": 0.214,
            "max": 331.443,
            "p(90)": 0.9
        },
        "http_req_duration{expected_response:true}": {
            "p(95)": 1063.7118,
            "avg": 183.8522843890506,
            "min": 0.33,
            "med": 3.518,
            "max": 23225.596,
            "p(90)": 230.0700000000002
        },
        "iteration_duration": {
            "p(90)": 1255.0158582000001,
            "p(95)": 2084.8048418,
            "avg": 1193.2561498033335,
            "min": 1000.542959,
            "med": 1004.263209,
            "max": 24284.087125
        },
        "data_sent": {
            "count": 5934110,
            "rate": 58202.993428234884
        },
        "http_req_connecting": {
            "min": 0.033,
            "med": 0.187,
            "max": 248.853,
            "p(90)": 0.765,
            "p(95)": 3.3749999999999813,
            "avg": 3.350115543864182
        },
        "http_req_failed": {
            "passes": 44,
            "fails": 84729,
            "value": 0.000519033182735069
        },
        "vus_max": {
            "max": 1000,
            "value": 1000,
            "min": 1000
        },
        "http_req_sending": {
            "max": 198.535,
            "p(90)": 0.069,
            "p(95)": 0.188,
            "avg": 0.2370622132046334,
            "min": 0.003,
            "med": 0.015
        },
        "http_req_duration": {
            "p(95)": 1064.7171999999998,
            "avg": 187.28259641631047,
            "min": 0.33,
            "med": 3.52,
            "max": 23225.596,
            "p(90)": 236.35420000000002
        },
        "http_req_receiving": {
            "max": 671.562,
            "p(90)": 0.127,
            "p(95)": 0.238,
            "avg": 0.17094987790924365,
            "min": 0,
            "med": 0.03
        },
        "http_reqs": {
            "count": 84773,
            "rate": 831.4713346890697
        },
        "vus": {
            "max": 1000,
            "value": 164,
            "min": 164
        }
    },
    "root_group": {
        "path": "",
        "id": "d41d8cd98f00b204e9800998ecf8427e",
        "groups": {},
        "checks": {
                "status is 200": {
                    "passes": 84729,
                    "fails": 44,
                    "name": "status is 200",
                    "path": "::status is 200",
                    "id": "6210a8cd14cd70477eba5c5e4cb3fb5f"
                }
            },
        "name": ""
    }
}