{
    "root_group": {
        "groups": {},
        "checks": {
                "status is 200": {
                    "path": "::status is 200",
                    "id": "6210a8cd14cd70477eba5c5e4cb3fb5f",
                    "passes": 98772,
                    "fails": 0,
                    "name": "status is 200"
                }
            },
        "name": "",
        "path": "",
        "id": "d41d8cd98f00b204e9800998ecf8427e"
    },
    "metrics": {
        "http_req_blocked": {
            "min": 0,
            "med": 0.003,
            "max": 307.997,
            "p(90)": 0.01,
            "p(95)": 0.019,
            "avg": 1.5285876766681712
        },
        "http_req_receiving": {
            "avg": 0.03776401206819615,
            "min": 0.003,
            "med": 0.016,
            "max": 64.732,
            "p(90)": 0.048,
            "p(95)": 0.071
        },
        "checks": {
            "passes": 98772,
            "fails": 0,
            "value": 1
        },
        "data_received": {
            "count": 10371060,
            "rate": 102685.68595364182
        },
        "http_req_connecting": {
            "min": 0,
            "med": 0,
            "max": 283.602,
            "p(90)": 0,
            "p(95)": 0,
            "avg": 1.3773779512412418
        },
        "vus": {
            "min": 117,
            "max": 1000,
            "value": 117
        },
        "http_req_duration": {
            "avg": 12.395599704369724,
            "min": 0.187,
            "med": 2.996,
            "max": 459.631,
            "p(90)": 19.34960000000001,
            "p(95)": 64.25234999999999
        },
        "http_req_failed": {
            "fails": 98772,
            "passes": 0,
            "value": 0
        },
        "http_req_duration{expected_response:true}": {
            "avg": 12.395599704369724,
            "min": 0.187,
            "med": 2.996,
            "max": 459.631,
            "p(90)": 19.34960000000001,
            "p(95)": 64.25234999999999
        },
        "http_req_waiting": {
            "med": 2.922,
            "max": 459.589,
            "p(90)": 18.879800000000003,
            "p(95)": 63.231099999999834,
            "avg": 12.150133398128931,
            "min": 0.178
        },
        "data_sent": {
            "count": 6914040,
            "rate": 68457.12396909455
        },
        "http_req_sending": {
            "min": 0.001,
            "med": 0.008,
            "max": 183.955,
            "p(90)": 0.044,
            "p(95)": 0.13244999999999563,
            "avg": 0.2077022941725328
        },
        "vus_max": {
            "value": 1000,
            "min": 1000,
            "max": 1000
        },
        "iterations": {
            "count": 98772,
            "rate": 977.9589138442078
        },
        "iteration_duration": {
            "avg": 1016.5769956818533,
            "min": 1000.246833,
            "med": 1003.7513125,
            "max": 1481.146417,
            "p(90)": 1029.0423753,
            "p(95)": 1084.3972785
        },
        "http_reqs": {
            "rate": 977.9589138442078,
            "count": 98772
        },
        "http_req_tls_handshaking": {
            "avg": 0,
            "min": 0,
            "med": 0,
            "max": 0,
            "p(90)": 0,
            "p(95)": 0
        }
    }
}