{
    "metrics": {
        "http_req_waiting": {
            "avg": 179.21335927396106,
            "min": 0.282,
            "med": 3.577,
            "max": 28140.105,
            "p(90)": 200.3972000000003,
            "p(95)": 1021.2749999999996
        },
        "vus": {
            "value": 11,
            "min": 11,
            "max": 1000
        },
        "http_reqs": {
            "count": 84899,
            "rate": 797.641471343594
        },
        "http_req_sending": {
            "min": 0.003,
            "med": 0.015,
            "max": 152.32,
            "p(90)": 0.074,
            "p(95)": 0.24,
            "avg": 0.2965194996407414
        },
        "data_sent": {
            "count": 5942930,
            "rate": 55834.90299405158
        },
        "vus_max": {
            "value": 1000,
            "min": 1000,
            "max": 1000
        },
        "checks": {
            "passes": 84850,
            "fails": 49,
            "value": 0.9994228436141769
        },
        "iterations": {
            "count": 84899,
            "rate": 797.641471343594
        },
        "http_req_duration{expected_response:true}": {
            "avg": 174.8468972186247,
            "min": 0.344,
            "med": 3.667,
            "max": 28140.204,
            "p(90)": 196.63490000000036,
            "p(95)": 1019.8757999999998
        },
        "http_req_receiving": {
            "avg": 0.19441861506025568,
            "min": 0.004,
            "med": 0.029,
            "max": 455.312,
            "p(90)": 0.1282000000000019,
            "p(95)": 0.244
        },
        "http_req_failed": {
            "passes": 49,
            "fails": 84850,
            "value": 0.0005771563858231546
        },
        "http_req_duration": {
            "p(90)": 202.01380000000017,
            "p(95)": 1022.8095,
            "avg": 179.70429738866548,
            "min": 0.344,
            "med": 3.672,
            "max": 28140.204
        },
        "iteration_duration": {
            "p(95)": 2063.822833599999,
            "avg": 1185.2169035780078,
            "min": 1000.490208,
            "med": 1004.531292,
            "max": 29361.040666,
            "p(90)": 1212.5816498
        },
        "http_req_blocked": {
            "avg": 3.962817182770128,
            "min": 0.042,
            "med": 0.21,
            "max": 391.575,
            "p(90)": 0.949,
            "p(95)": 4.985599999999978
        },
        "http_req_tls_handshaking": {
            "min": 0,
            "med": 0,
            "max": 0,
            "p(90)": 0,
            "p(95)": 0,
            "avg": 0
        },
        "data_received": {
            "count": 8911014,
            "rate": 83720.58938413132
        },
        "http_req_connecting": {
            "p(90)": 0.806,
            "p(95)": 4.0902999999999885,
            "avg": 3.7569493280250765,
            "min": 0.036,
            "med": 0.184,
            "max": 376.056
        }
    },
    "root_group": {
        "name": "",
        "path": "",
        "id": "d41d8cd98f00b204e9800998ecf8427e",
        "groups": {},
        "checks": {
                "status is 200": {
                    "fails": 49,
                    "name": "status is 200",
                    "path": "::status is 200",
                    "id": "6210a8cd14cd70477eba5c5e4cb3fb5f",
                    "passes": 84850
                }
            }
    }
}