{
    "root_group": {
        "groups": {},
        "checks": {
                "status is 200": {
                    "name": "status is 200",
                    "path": "::status is 200",
                    "id": "6210a8cd14cd70477eba5c5e4cb3fb5f",
                    "passes": 89680,
                    "fails": 16
                }
            },
        "name": "",
        "path": "",
        "id": "d41d8cd98f00b204e9800998ecf8427e"
    },
    "metrics": {
        "http_reqs": {
            "count": 89696,
            "rate": 888.0995902460415
        },
        "http_req_sending": {
            "max": 258.072,
            "p(90)": 0.098,
            "p(95)": 0.323,
            "avg": 0.3831133160898165,
            "min": 0.003,
            "med": 0.016
        },
        "data_received": {
            "count": 9416688,
            "rate": 93236.67448130147
        },
        "iterations": {
            "count": 89696,
            "rate": 888.0995902460415
        },
        "checks": {
            "passes": 89680,
            "fails": 16,
            "value": 0.9998216196931858
        },
        "http_req_waiting": {
            "min": 0.296,
            "med": 4.225,
            "max": 28033.312,
            "p(90)": 115.07550000000028,
            "p(95)": 782.2012499999981,
            "avg": 113.32697426863876
        },
        "iteration_duration": {
            "med": 1005.4796249999999,
            "max": 29093.331167,
            "p(90)": 1176.4139375000002,
            "p(95)": 1893.5800104999985,
            "avg": 1121.7062821365964,
            "min": 1000.495458
        },
        "http_req_tls_handshaking": {
            "p(90)": 0,
            "p(95)": 0,
            "avg": 0,
            "min": 0,
            "med": 0,
            "max": 0
        },
        "http_req_blocked": {
            "min": 0.043,
            "med": 0.238,
            "max": 434.078,
            "p(90)": 0.975,
            "p(95)": 5.583,
            "avg": 4.17217270558328
        },
        "http_req_connecting": {
            "avg": 3.540392994113519,
            "min": 0.038,
            "med": 0.209,
            "max": 351.622,
            "p(90)": 0.823,
            "p(95)": 4.431999999999984
        },
        "http_req_failed": {
            "passes": 16,
            "fails": 89680,
            "value": 0.00017838030681412772
        },
        "vus": {
            "value": 148,
            "min": 148,
            "max": 1000
        },
        "data_sent": {
            "count": 6278720,
            "rate": 62166.9713172229
        },
        "vus_max": {
            "max": 1000,
            "value": 1000,
            "min": 1000
        },
        "http_req_duration{expected_response:true}": {
            "p(90)": 116.31890000000006,
            "p(95)": 778.9595999999998,
            "avg": 111.86155178412356,
            "min": 0.347,
            "med": 4.34,
            "max": 28033.413
        },
        "http_req_duration": {
            "max": 28033.413,
            "p(90)": 116.77100000000003,
            "p(95)": 783.4902499999997,
            "avg": 113.85359280235659,
            "min": 0.347,
            "med": 4.342
        },
        "http_req_receiving": {
            "p(95)": 0.248,
            "avg": 0.14350521762398782,
            "min": 0,
            "med": 0.028,
            "max": 576.312,
            "p(90)": 0.125
        }
    }
}