{
    "root_group": {
        "name": "",
        "path": "",
        "id": "d41d8cd98f00b204e9800998ecf8427e",
        "groups": {},
        "checks": {
                "status is 200": {
                    "path": "::status is 200",
                    "id": "6210a8cd14cd70477eba5c5e4cb3fb5f",
                    "passes": 75646,
                    "fails": 992,
                    "name": "status is 200"
                }
            }
    },
    "metrics": {
        "data_sent": {
            "count": 5364660,
            "rate": 51993.66522920512
        },
        "vus": {
            "value": 1,
            "min": 1,
            "max": 1000
        },
        "http_req_failed": {
            "passes": 992,
            "fails": 75646,
            "value": 0.012943970354132415
        },
        "http_reqs": {
            "count": 76638,
            "rate": 742.7666461315017
        },
        "http_req_tls_handshaking": {
            "p(95)": 0,
            "avg": 0,
            "min": 0,
            "med": 0,
            "max": 0,
            "p(90)": 0
        },
        "http_req_receiving": {
            "avg": 2.7528393616745865,
            "min": 0.004,
            "med": 0.034,
            "max": 8144.575,
            "p(90)": 0.157,
            "p(95)": 0.305
        },
        "checks": {
            "passes": 75646,
            "fails": 992,
            "value": 0.9870560296458676
        },
        "data_received": {
            "count": 7979157,
            "rate": 77333.06824090784
        },
        "vus_max": {
            "value": 1000,
            "min": 1000,
            "max": 1000
        },
        "http_req_duration": {
            "p(95)": 2995.959399999999,
            "avg": 303.322453234689,
            "min": 0.284,
            "med": 4.19,
            "max": 12470.793,
            "p(90)": 1030.565
        },
        "http_req_duration{expected_response:true}": {
            "p(90)": 1005.322,
            "p(95)": 1320.0112499999989,
            "avg": 255.73885609285324,
            "min": 0.284,
            "med": 4.073,
            "max": 12470.793
        },
        "http_req_sending": {
            "min": 0.003,
            "med": 0.019,
            "max": 116.729,
            "p(90)": 0.136,
            "p(95)": 0.369,
            "avg": 0.26807667214691466
        },
        "iteration_duration": {
            "avg": 1309.6865470431223,
            "min": 1000.5215,
            "med": 1005.539875,
            "max": 13620.584625,
            "p(90)": 2041.0914542,
            "p(95)": 4003.45397855
        },
        "http_req_blocked": {
            "med": 0.258,
            "max": 450.938,
            "p(90)": 1.268,
            "p(95)": 5.2808999999999795,
            "avg": 3.324314321876851,
            "min": 0.026
        },
        "http_req_connecting": {
            "med": 0.22,
            "max": 349.312,
            "p(90)": 1.024,
            "p(95)": 3.960499999999966,
            "avg": 3.0712665257444787,
            "min": 0
        },
        "iterations": {
            "count": 76638,
            "rate": 742.7666461315017
        },
        "http_req_waiting": {
            "p(90)": 1028.0323,
            "p(95)": 2982.3925499999973,
            "avg": 300.3015372008726,
            "min": 0.223,
            "med": 4.059,
            "max": 12470.69
        }
    }
}