{
    "root_group": {
        "name": "",
        "path": "",
        "id": "d41d8cd98f00b204e9800998ecf8427e",
        "groups": {},
        "checks": {
                "status is 200": {
                    "id": "6210a8cd14cd70477eba5c5e4cb3fb5f",
                    "passes": 98400,
                    "fails": 0,
                    "name": "status is 200",
                    "path": "::status is 200"
                }
            }
    },
    "metrics": {
        "vus_max": {
            "value": 1000,
            "min": 1000,
            "max": 1000
        },
        "iterations": {
            "count": 98400,
            "rate": 974.5179307882511
        },
        "http_req_blocked": {
            "p(95)": 0.02,
            "avg": 1.0358521747951894,
            "min": 0,
            "med": 0.003,
            "max": 188.045,
            "p(90)": 0.01
        },
        "http_req_duration{expected_response:true}": {
            "avg": 15.121224380081188,
            "min": 0.202,
            "med": 4.014,
            "max": 462.811,
            "p(90)": 33.0031,
            "p(95)": 72.16264999999994
        },
        "http_req_tls_handshaking": {
            "avg": 0,
            "min": 0,
            "med": 0,
            "max": 0,
            "p(90)": 0,
            "p(95)": 0
        },
        "http_req_failed": {
            "passes": 0,
            "fails": 98400,
            "value": 0
        },
        "http_req_receiving": {
            "min": 0.003,
            "med": 0.015,
            "max": 110.082,
            "p(90)": 0.046,
            "p(95)": 0.073,
            "avg": 0.1353809044715447
        },
        "checks": {
            "passes": 98400,
            "fails": 0,
            "value": 1
        },
        "http_req_connecting": {
            "p(95)": 0,
            "avg": 0.9998061991869921,
            "min": 0,
            "med": 0,
            "max": 183.187,
            "p(90)": 0
        },
        "data_sent": {
            "count": 6888000,
            "rate": 68216.25515517757
        },
        "http_req_waiting": {
            "avg": 14.595851371950966,
            "min": 0.186,
            "med": 3.903,
            "max": 459.495,
            "p(90)": 31.790000000000024,
            "p(95)": 69.93589999999992
        },
        "http_req_duration": {
            "med": 4.014,
            "max": 462.811,
            "p(90)": 33.0031,
            "p(95)": 72.16264999999994,
            "avg": 15.121224380081188,
            "min": 0.202
        },
        "vus": {
            "value": 655,
            "min": 655,
            "max": 1000
        },
        "data_received": {
            "count": 10332000,
            "rate": 102324.38273276636
        },
        "iteration_duration": {
            "p(95)": 1118.9507548,
            "avg": 1023.042779650142,
            "min": 1000.257625,
            "med": 1005.470958,
            "max": 1512.792459,
            "p(90)": 1059.5345881
        },
        "http_req_sending": {
            "med": 0.008,
            "max": 282.571,
            "p(90)": 0.07,
            "p(95)": 0.325,
            "avg": 0.3899921036585834,
            "min": 0.001
        },
        "http_reqs": {
            "count": 98400,
            "rate": 974.5179307882511
        }
    }
}