{
    "root_group": {
        "name": "",
        "path": "",
        "id": "d41d8cd98f00b204e9800998ecf8427e",
        "groups": {},
        "checks": {
                "status is 200": {
                    "name": "status is 200",
                    "path": "::status is 200",
                    "id": "6210a8cd14cd70477eba5c5e4cb3fb5f",
                    "passes": 88695,
                    "fails": 419
                }
            }
    },
    "metrics": {
        "http_req_waiting": {
            "avg": 172.6098356487191,
            "min": 0.294,
            "med": 4.183,
            "max": 17621.214,
            "p(90)": 63.678,
            "p(95)": 260.0433499999994
        },
        "http_req_blocked": {
            "p(95)": 2.085699999999992,
            "avg": 13.283780999618465,
            "min": 0.052,
            "med": 0.245,
            "max": 5984.111,
            "p(90)": 0.956
        },
        "data_received": {
            "count": 9315977,
            "rate": 84646.11458291877
        },
        "vus": {
            "value": 705,
            "min": 705,
            "max": 1000
        },
        "checks": {
            "passes": 88695,
            "fails": 419,
            "value": 0.9952981574163431
        },
        "data_sent": {
            "count": 6255970,
            "rate": 56842.51404305768
        },
        "http_req_connecting": {
            "avg": 13.114823910945544,
            "min": 0,
            "med": 0.216,
            "max": 5873.472,
            "p(90)": 0.833,
            "p(95)": 1.7393499999999962
        },
        "http_req_failed": {
            "passes": 419,
            "fails": 88695,
            "value": 0.004701842583656889
        },
        "vus_max": {
            "value": 1000,
            "min": 1000,
            "max": 1000
        },
        "http_req_duration": {
            "min": 0.357,
            "med": 4.291,
            "max": 17622.015,
            "p(90)": 64.06710000000002,
            "p(95)": 263.28619999999955,
            "avg": 173.2061854254111
        },
        "http_req_receiving": {
            "avg": 0.37239382139731836,
            "min": 0,
            "med": 0.028,
            "max": 4539.705,
            "p(90)": 0.136,
            "p(95)": 0.283
        },
        "iterations": {
            "count": 88931,
            "rate": 808.0380207007327
        },
        "http_req_duration{expected_response:true}": {
            "p(95)": 227.1058,
            "avg": 111.29553724561767,
            "min": 0.357,
            "med": 4.257,
            "max": 17622.015,
            "p(90)": 56.591000000000015
        },
        "http_req_tls_handshaking": {
            "avg": 0,
            "min": 0,
            "med": 0,
            "max": 0,
            "p(90)": 0,
            "p(95)": 0
        },
        "iteration_duration": {
            "avg": 1167.1501694873398,
            "min": 1000.534625,
            "med": 1005.173625,
            "max": 18267.312125,
            "p(90)": 1064.421625,
            "p(95)": 1264.9811879999997
        },
        "http_reqs": {
            "rate": 809.7007812430434,
            "count": 89114
        },
        "http_req_sending": {
            "med": 0.016,
            "max": 794.842,
            "p(90)": 0.085,
            "p(95)": 0.219,
            "avg": 0.2239559552932312,
            "min": 0.003
        }
    }
}