{
    "metrics": {
        "http_req_duration{expected_response:true}": {
            "p(95)": 1001.7474499999998,
            "avg": 181.73847660430974,
            "min": 0.349,
            "med": 4.675,
            "max": 37771.055,
            "p(90)": 191.9901
        },
        "http_req_waiting": {
            "med": 4.581,
            "max": 37770.941,
            "p(90)": 195.73200000000003,
            "p(95)": 1001.64835,
            "avg": 184.47797450126515,
            "min": 0.268
        },
        "iteration_duration": {
            "avg": 1187.6828509921183,
            "min": 1000.545625,
            "med": 1005.6524784999999,
            "max": 38771.35125,
            "p(90)": 1204.1660536,
            "p(95)": 2003.6816999
        },
        "http_req_tls_handshaking": {
            "p(95)": 0,
            "avg": 0,
            "min": 0,
            "med": 0,
            "max": 0,
            "p(90)": 0
        },
        "data_received": {
            "count": 8869776,
            "rate": 87821.27556703283
        },
        "http_req_sending": {
            "p(90)": 0.088,
            "p(95)": 0.251,
            "avg": 0.4719682656127697,
            "min": 0.003,
            "med": 0.015,
            "max": 126.155
        },
        "http_req_receiving": {
            "avg": 0.24821540809804726,
            "min": 0,
            "med": 0.026,
            "max": 1605.203,
            "p(90)": 0.122,
            "p(95)": 0.246
        },
        "iterations": {
            "rate": 836.7885821775221,
            "count": 84514
        },
        "data_sent": {
            "count": 5916050,
            "rate": 58575.8938352383
        },
        "http_req_blocked": {
            "p(95)": 2.519349999999996,
            "avg": 1.3438587334642815,
            "min": 0.051,
            "med": 0.244,
            "max": 148.521,
            "p(90)": 1.001
        },
        "checks": {
            "passes": 84460,
            "fails": 54,
            "value": 0.9993610526066687
        },
        "http_reqs": {
            "count": 84514,
            "rate": 836.7885821775221
        },
        "http_req_failed": {
            "passes": 54,
            "fails": 84460,
            "value": 0.0006389473933312824
        },
        "vus_max": {
            "max": 1000,
            "value": 1000,
            "min": 1000
        },
        "vus": {
            "value": 46,
            "min": 46,
            "max": 1000
        },
        "http_req_connecting": {
            "avg": 1.0912914665025932,
            "min": 0,
            "med": 0.214,
            "max": 103.611,
            "p(90)": 0.832,
            "p(95)": 1.9453499999999964
        },
        "http_req_duration": {
            "avg": 185.19815817497698,
            "min": 0.349,
            "med": 4.6825,
            "max": 37771.055,
            "p(90)": 197.02700000000002,
            "p(95)": 1002.86875
        }
    },
    "root_group": {
        "path": "",
        "id": "d41d8cd98f00b204e9800998ecf8427e",
        "groups": {},
        "checks": {
                "status is 200": {
                    "fails": 54,
                    "name": "status is 200",
                    "path": "::status is 200",
                    "id": "6210a8cd14cd70477eba5c5e4cb3fb5f",
                    "passes": 84460
                }
            },
        "name": ""
    }
}