{
    "metrics": {
        "http_req_waiting": {
            "avg": 11.923805974842734,
            "min": 0.189,
            "med": 3.392,
            "max": 362.99,
            "p(90)": 20.293100000000003,
            "p(95)": 55.99949999999987
        },
        "iterations": {
            "count": 98580,
            "rate": 976.1804735683392
        },
        "vus": {
            "value": 94,
            "min": 94,
            "max": 1000
        },
        "http_req_blocked": {
            "avg": 0.1468135423009452,
            "min": 0,
            "med": 0.003,
            "max": 350.048,
            "p(90)": 0.011,
            "p(95)": 0.021
        },
        "http_req_tls_handshaking": {
            "avg": 0,
            "min": 0,
            "med": 0,
            "max": 0,
            "p(90)": 0,
            "p(95)": 0
        },
        "checks": {
            "passes": 98580,
            "fails": 0,
            "value": 1
        },
        "http_reqs": {
            "count": 98580,
            "rate": 976.1804735683392
        },
        "http_req_duration{expected_response:true}": {
            "avg": 12.443138770541776,
            "min": 0.204,
            "med": 3.477,
            "max": 403.232,
            "p(90)": 21.009200000000003,
            "p(95)": 58.81889999999992
        },
        "http_req_receiving": {
            "p(95)": 0.072,
            "avg": 0.04783120308379202,
            "min": 0.003,
            "med": 0.015,
            "max": 93.196,
            "p(90)": 0.046
        },
        "data_received": {
            "count": 10350900,
            "rate": 102498.94972467561
        },
        "http_req_failed": {
            "passes": 0,
            "fails": 98580,
            "value": 0
        },
        "http_req_duration": {
            "avg": 12.443138770541776,
            "min": 0.204,
            "med": 3.477,
            "max": 403.232,
            "p(90)": 21.009200000000003,
            "p(95)": 58.81889999999992
        },
        "iteration_duration": {
            "avg": 1016.8022336148405,
            "min": 1000.256625,
            "med": 1004.4316664999999,
            "max": 1536.768708,
            "p(90)": 1029.5608298000002,
            "p(95)": 1097.2515944
        },
        "data_sent": {
            "count": 6900600,
            "rate": 68332.63314978374
        },
        "http_req_connecting": {
            "p(95)": 0,
            "avg": 0.05492815987015615,
            "min": 0,
            "med": 0,
            "max": 85.783,
            "p(90)": 0
        },
        "http_req_sending": {
            "p(95)": 0.182,
            "avg": 0.47150159261518954,
            "min": 0.001,
            "med": 0.008,
            "max": 353.794,
            "p(90)": 0.054
        },
        "vus_max": {
            "value": 1000,
            "min": 1000,
            "max": 1000
        }
    },
    "root_group": {
        "name": "",
        "path": "",
        "id": "d41d8cd98f00b204e9800998ecf8427e",
        "groups": {},
        "checks": {
                "status is 200": {
                    "name": "status is 200",
                    "path": "::status is 200",
                    "id": "6210a8cd14cd70477eba5c5e4cb3fb5f",
                    "passes": 98580,
                    "fails": 0
                }
            }
    }
}