{
    "root_group": {
        "name": "",
        "path": "",
        "id": "d41d8cd98f00b204e9800998ecf8427e",
        "groups": {},
        "checks": {
                "status is 200": {
                    "name": "status is 200",
                    "path": "::status is 200",
                    "id": "6210a8cd14cd70477eba5c5e4cb3fb5f",
                    "passes": 99022,
                    "fails": 0
                }
            }
    },
    "metrics": {
        "vus": {
            "value": 21,
            "min": 21,
            "max": 1000
        },
        "checks": {
            "passes": 99022,
            "fails": 0,
            "value": 1
        },
        "http_req_duration": {
            "avg": 10.178679949910231,
            "min": 0.189,
            "med": 3.242,
            "max": 287.864,
            "p(90)": 17.743800000000004,
            "p(95)": 40.41139999999986
        },
        "http_req_failed": {
            "passes": 0,
            "fails": 99022,
            "value": 0
        },
        "http_req_duration{expected_response:true}": {
            "avg": 10.178679949910231,
            "min": 0.189,
            "med": 3.242,
            "max": 287.864,
            "p(90)": 17.743800000000004,
            "p(95)": 40.41139999999986
        },
        "http_req_sending": {
            "avg": 0.2756858576885038,
            "min": 0.001,
            "med": 0.007,
            "max": 241.647,
            "p(90)": 0.047,
            "p(95)": 0.165
        },
        "http_req_tls_handshaking": {
            "max": 0,
            "p(90)": 0,
            "p(95)": 0,
            "avg": 0,
            "min": 0,
            "med": 0
        },
        "iterations": {
            "rate": 980.3794801828438,
            "count": 99022
        },
        "vus_max": {
            "value": 1000,
            "min": 1000,
            "max": 1000
        },
        "http_req_receiving": {
            "avg": 0.04383059320151056,
            "min": 0.004,
            "med": 0.015,
            "max": 42.918,
            "p(90)": 0.045,
            "p(95)": 0.069
        },
        "data_received": {
            "count": 10397310,
            "rate": 102939.84541919861
        },
        "iteration_duration": {
            "max": 1463.626458,
            "p(90)": 1023.1708458,
            "p(95)": 1057.5407506,
            "avg": 1013.7026057247359,
            "min": 1000.2355,
            "med": 1004.0484994999999
        },
        "http_reqs": {
            "count": 99022,
            "rate": 980.3794801828438
        },
        "http_req_connecting": {
            "p(95)": 0,
            "avg": 1.0047220819615856,
            "min": 0,
            "med": 0,
            "max": 186.004,
            "p(90)": 0
        },
        "http_req_blocked": {
            "p(95)": 0.016,
            "avg": 1.0448642826828578,
            "min": 0,
            "med": 0.003,
            "max": 216.908,
            "p(90)": 0.009
        },
        "data_sent": {
            "count": 6931540,
            "rate": 68626.56361279907
        },
        "http_req_waiting": {
            "avg": 9.859163499020475,
            "min": 0.179,
            "med": 3.169,
            "max": 265.663,
            "p(90)": 17.36,
            "p(95)": 37.845649999999964
        }
    }
}