{
    "root_group": {
        "name": "",
        "path": "",
        "id": "d41d8cd98f00b204e9800998ecf8427e",
        "groups": {},
        "checks": {
                "status is 200": {
                    "passes": 82124,
                    "fails": 1130,
                    "name": "status is 200",
                    "path": "::status is 200",
                    "id": "6210a8cd14cd70477eba5c5e4cb3fb5f"
                }
            }
    },
    "metrics": {
        "http_req_blocked": {
            "med": 0.238,
            "max": 227.581,
            "p(90)": 1.005,
            "p(95)": 2.6073499999999963,
            "avg": 1.9230723568837274,
            "min": 0.052
        },
        "http_req_receiving": {
            "avg": 1.0294935498594595,
            "min": 0,
            "med": 0.032,
            "max": 4905.647,
            "p(90)": 0.13,
            "p(95)": 0.236
        },
        "http_req_duration{expected_response:true}": {
            "p(95)": 1003.48595,
            "avg": 147.22432565388968,
            "min": 0.285,
            "med": 3.287,
            "max": 28039.005,
            "p(90)": 63.09810000000004
        },
        "http_reqs": {
            "count": 83254,
            "rate": 797.2453045968028
        },
        "iterations": {
            "count": 83254,
            "rate": 797.2453045968028
        },
        "http_req_failed": {
            "fails": 82124,
            "passes": 1130,
            "value": 0.013572921421192976
        },
        "vus": {
            "value": 22,
            "min": 22,
            "max": 1000
        },
        "iteration_duration": {
            "max": 29145.082,
            "p(90)": 1131.4664832000005,
            "p(95)": 2051.845375,
            "avg": 1209.8506506463236,
            "min": 1000.476167,
            "med": 1004.395854
        },
        "http_req_sending": {
            "avg": 0.13860556850122033,
            "min": 0.003,
            "med": 0.017,
            "max": 103.922,
            "p(90)": 0.1,
            "p(95)": 0.2513499999999963
        },
        "data_sent": {
            "count": 5827780,
            "rate": 55807.17132177619
        },
        "http_req_tls_handshaking": {
            "med": 0,
            "max": 0,
            "p(90)": 0,
            "p(95)": 0,
            "avg": 0,
            "min": 0
        },
        "vus_max": {
            "max": 1000,
            "value": 1000,
            "min": 1000
        },
        "checks": {
            "passes": 82124,
            "fails": 1130,
            "value": 0.9864270785788071
        },
        "http_req_connecting": {
            "max": 166.649,
            "p(90)": 0.87,
            "p(95)": 2.109349999999996,
            "avg": 1.7823702404689235,
            "min": 0.041,
            "med": 0.207
        },
        "http_req_waiting": {
            "avg": 205.31436600042974,
            "min": 0.227,
            "med": 3.245,
            "max": 28038.731,
            "p(90)": 105.29640000000008,
            "p(95)": 1027.1824999999997
        },
        "data_received": {
            "count": 8661587,
            "rate": 82943.87736453152
        },
        "http_req_duration": {
            "p(90)": 106.10490000000003,
            "p(95)": 1028.5283999999997,
            "avg": 206.48246511879395,
            "min": 0.285,
            "med": 3.362,
            "max": 28039.005
        }
    }
}