{
    "metrics": {
        "iteration_duration": {
            "max": 5275.026083,
            "p(90)": 1035.3834252,
            "p(95)": 1217.2505789,
            "avg": 1051.858106984543,
            "min": 1000.511375,
            "med": 1004.191833
        },
        "http_req_sending": {
            "avg": 0.13725713538668463,
            "min": 0.002,
            "med": 0.014,
            "max": 135.456,
            "p(90)": 0.066,
            "p(95)": 0.173
        },
        "checks": {
            "passes": 95615,
            "fails": 0,
            "value": 1
        },
        "data_sent": {
            "count": 6693050,
            "rate": 66275.09498171066
        },
        "http_req_duration": {
            "max": 4176.341,
            "p(90)": 29.760200000000015,
            "p(95)": 213.44109999999975,
            "avg": 49.80708704701133,
            "min": 0.35,
            "med": 3.473
        },
        "vus_max": {
            "min": 1000,
            "max": 1000,
            "value": 1000
        },
        "http_req_blocked": {
            "p(95)": 1.489,
            "avg": 1.2680615698373534,
            "min": 0.055,
            "med": 0.218,
            "max": 187.063,
            "p(90)": 0.731
        },
        "http_req_connecting": {
            "p(90)": 0.633,
            "p(95)": 1.2792999999999957,
            "avg": 0.9432873398525402,
            "min": 0.035,
            "med": 0.193,
            "max": 134.929
        },
        "http_req_tls_handshaking": {
            "p(95)": 0,
            "avg": 0,
            "min": 0,
            "med": 0,
            "max": 0,
            "p(90)": 0
        },
        "data_received": {
            "count": 10039575,
            "rate": 99412.64247256599
        },
        "vus": {
            "value": 240,
            "min": 240,
            "max": 1000
        },
        "iterations": {
            "count": 95615,
            "rate": 946.7870711672952
        },
        "http_req_duration{expected_response:true}": {
            "avg": 49.80708704701133,
            "min": 0.35,
            "med": 3.473,
            "max": 4176.341,
            "p(90)": 29.760200000000015,
            "p(95)": 213.44109999999975
        },
        "http_req_failed": {
            "passes": 0,
            "fails": 95615,
            "value": 0
        },
        "http_req_waiting": {
            "p(90)": 29.400800000000007,
            "p(95)": 213.0090999999998,
            "avg": 49.5849078282699,
            "min": 0.242,
            "med": 3.379,
            "max": 4167.907
        },
        "http_reqs": {
            "count": 95615,
            "rate": 946.7870711672952
        },
        "http_req_receiving": {
            "p(95)": 0.205,
            "avg": 0.08492208335512488,
            "min": 0.004,
            "med": 0.026,
            "max": 164.221,
            "p(90)": 0.106
        }
    },
    "root_group": {
        "checks": {
            "status is 200": {
                "name": "status is 200",
                "path": "::status is 200",
                "id": "6210a8cd14cd70477eba5c5e4cb3fb5f",
                "passes": 95615,
                "fails": 0
            }
        },
        "name": "",
        "path": "",
        "id": "d41d8cd98f00b204e9800998ecf8427e",
        "groups": {}
    }
}