{
    "root_group": {
        "name": "",
        "path": "",
        "id": "d41d8cd98f00b204e9800998ecf8427e",
        "groups": {},
        "checks": {
                "status is 200": {
                    "name": "status is 200",
                    "path": "::status is 200",
                    "id": "6210a8cd14cd70477eba5c5e4cb3fb5f",
                    "passes": 89457,
                    "fails": 22
                }
            }
    },
    "metrics": {
        "http_req_receiving": {
            "avg": 0.0971761754154649,
            "min": 0,
            "med": 0.023,
            "max": 282.476,
            "p(90)": 0.112,
            "p(95)": 0.223
        },
        "http_req_sending": {
            "p(90)": 0.061,
            "p(95)": 0.196,
            "avg": 0.3163993786251065,
            "min": 0.002,
            "med": 0.013,
            "max": 255.179
        },
        "checks": {
            "passes": 89457,
            "fails": 22,
            "value": 0.9997541322544955
        },
        "data_sent": {
            "count": 6263530,
            "rate": 61530.79878019202
        },
        "http_req_blocked": {
            "avg": 2.9380516657539504,
            "min": 0.045,
            "med": 0.205,
            "max": 532.194,
            "p(90)": 0.878,
            "p(95)": 4.250099999999996
        },
        "vus_max": {
            "value": 1000,
            "min": 1000,
            "max": 1000
        },
        "iteration_duration": {
            "p(95)": 2013.7801625,
            "avg": 1124.3969212357863,
            "min": 1000.500292,
            "med": 1005.295542,
            "max": 29090.685875,
            "p(90)": 1178.2481250000003
        },
        "vus": {
            "value": 119,
            "min": 119,
            "max": 1000
        },
        "http_req_tls_handshaking": {
            "max": 0,
            "p(90)": 0,
            "p(95)": 0,
            "avg": 0,
            "min": 0,
            "med": 0
        },
        "http_req_duration": {
            "p(95)": 1009.1015,
            "avg": 117.25128979984075,
            "min": 0.309,
            "med": 4.352,
            "max": 28086.851,
            "p(90)": 94.64920000000015
        },
        "data_received": {
            "count": 9393381,
            "rate": 92277.39568209602
        },
        "http_req_duration{expected_response:true}": {
            "avg": 114.5255528242614,
            "min": 0.309,
            "med": 4.35,
            "max": 28086.851,
            "p(90)": 93.83860000000008,
            "p(95)": 1008.8005999999999
        },
        "http_req_waiting": {
            "min": 0.233,
            "med": 4.265,
            "max": 28085.085,
            "p(90)": 89.83120000000002,
            "p(95)": 1008.3397,
            "avg": 116.83771424580087
        },
        "http_reqs": {
            "count": 89479,
            "rate": 879.0114111456002
        },
        "http_req_failed": {
            "passes": 22,
            "fails": 89457,
            "value": 0.0002458677455045318
        },
        "http_req_connecting": {
            "p(95)": 3.553199999999992,
            "avg": 2.524423227796482,
            "min": 0.036,
            "med": 0.181,
            "max": 477.613,
            "p(90)": 0.760200000000002
        },
        "iterations": {
            "count": 89479,
            "rate": 879.0114111456002
        }
    }
}