{
    "root_group": {
        "name": "",
        "path": "",
        "id": "d41d8cd98f00b204e9800998ecf8427e",
        "groups": {},
        "checks": {
                "status is 200": {
                    "name": "status is 200",
                    "path": "::status is 200",
                    "id": "6210a8cd14cd70477eba5c5e4cb3fb5f",
                    "passes": 100000,
                    "fails": 0
                }
            }
    },
    "metrics": {
        "iterations": {
            "count": 100000,
            "rate": 988.736570065324
        },
        "vus": {
            "value": 931,
            "min": 931,
            "max": 1000
        },
        "vus_max": {
            "value": 1000,
            "min": 1000,
            "max": 1000
        },
        "data_sent": {
            "count": 7000000,
            "rate": 69211.55990457268
        },
        "http_req_connecting": {
            "avg": 0.18941465999999968,
            "min": 0,
            "med": 0,
            "max": 82.722,
            "p(90)": 0,
            "p(95)": 0
        },
        "http_req_receiving": {
            "avg": 0.03708553999999804,
            "min": 0.003,
            "med": 0.013,
            "max": 75.722,
            "p(90)": 0.042,
            "p(95)": 0.063
        },
        "checks": {
            "passes": 100000,
            "fails": 0,
            "value": 1
        },
        "iteration_duration": {
            "p(95)": 1026.1129663499999,
            "avg": 1009.6890258290609,
            "min": 1000.2455,
            "med": 1002.941979,
            "max": 1268.232,
            "p(90)": 1016.7656337000001
        },
        "http_req_duration": {
            "max": 256.978,
            "p(90)": 14.311,
            "p(95)": 23.314149999999987,
            "avg": 8.5063565199999,
            "min": 0.181,
            "med": 2.373
        },
        "http_req_duration{expected_response:true}": {
            "p(90)": 14.311,
            "p(95)": 23.314149999999987,
            "avg": 8.5063565199999,
            "min": 0.181,
            "med": 2.373,
            "max": 256.978
        },
        "http_req_sending": {
            "med": 0.006,
            "max": 95.166,
            "p(90)": 0.033,
            "p(95)": 0.094,
            "avg": 0.17470673000004797,
            "min": 0.001
        },
        "http_req_tls_handshaking": {
            "avg": 0,
            "min": 0,
            "med": 0,
            "max": 0,
            "p(90)": 0,
            "p(95)": 0
        },
        "data_received": {
            "count": 10500000,
            "rate": 103817.33985685903
        },
        "http_req_failed": {
            "passes": 0,
            "fails": 100000,
            "value": 0
        },
        "http_reqs": {
            "count": 100000,
            "rate": 988.736570065324
        },
        "http_req_waiting": {
            "max": 256.893,
            "p(90)": 14.137100000000002,
            "p(95)": 22.84034999999997,
            "avg": 8.294564249999995,
            "min": 0.172,
            "med": 2.313
        },
        "http_req_blocked": {
            "avg": 0.22210773000042908,
            "min": 0,
            "med": 0.002,
            "max": 118.729,
            "p(90)": 0.007,
            "p(95)": 0.014
        }
    }
}