{
    "root_group": {
        "name": "",
        "path": "",
        "id": "d41d8cd98f00b204e9800998ecf8427e",
        "groups": {},
        "checks": {
                "status is 200": {
                    "name": "status is 200",
                    "path": "::status is 200",
                    "id": "6210a8cd14cd70477eba5c5e4cb3fb5f",
                    "passes": 99643,
                    "fails": 0
                }
            }
    },
    "metrics": {
        "iteration_duration": {
            "avg": 1009.9712175252124,
            "min": 1000.200041,
            "med": 1003.017584,
            "max": 1427.171292,
            "p(90)": 1013.693709,
            "p(95)": 1028.1255088999999
        },
        "http_reqs": {
            "rate": 986.7205318259581,
            "count": 99643
        },
        "http_req_duration{expected_response:true}": {
            "avg": 8.357411649589054,
            "min": 0.157,
            "med": 2.429,
            "max": 362.033,
            "p(90)": 10.669,
            "p(95)": 20.440599999999982
        },
        "http_req_receiving": {
            "avg": 0.036626767560189115,
            "min": 0.003,
            "med": 0.016,
            "max": 68.419,
            "p(90)": 0.046,
            "p(95)": 0.068
        },
        "vus": {
            "max": 1000,
            "value": 72,
            "min": 72
        },
        "http_req_duration": {
            "min": 0.157,
            "med": 2.429,
            "max": 362.033,
            "p(90)": 10.669,
            "p(95)": 20.440599999999982,
            "avg": 8.357411649589054
        },
        "http_req_connecting": {
            "avg": 0.41232752927952765,
            "min": 0,
            "med": 0,
            "max": 93.044,
            "p(90)": 0,
            "p(95)": 0
        },
        "http_req_blocked": {
            "avg": 0.4259986351263392,
            "min": 0,
            "med": 0.003,
            "max": 93.079,
            "p(90)": 0.007,
            "p(95)": 0.014
        },
        "checks": {
            "passes": 99643,
            "fails": 0,
            "value": 1
        },
        "iterations": {
            "count": 99643,
            "rate": 986.7205318259581
        },
        "data_sent": {
            "count": 6975010,
            "rate": 69070.43722781706
        },
        "http_req_sending": {
            "max": 89.542,
            "p(90)": 0.036,
            "p(95)": 0.104,
            "avg": 0.09020612586935299,
            "min": 0.001,
            "med": 0.007
        },
        "vus_max": {
            "value": 1000,
            "min": 1000,
            "max": 1000
        },
        "http_req_waiting": {
            "med": 2.363,
            "max": 361.751,
            "p(90)": 10.526600000000004,
            "p(95)": 20.102899999999998,
            "avg": 8.230578756159481,
            "min": 0.148
        },
        "http_req_failed": {
            "passes": 0,
            "fails": 99643,
            "value": 0
        },
        "http_req_tls_handshaking": {
            "med": 0,
            "max": 0,
            "p(90)": 0,
            "p(95)": 0,
            "avg": 0,
            "min": 0
        },
        "data_received": {
            "count": 10462515,
            "rate": 103605.6558417256
        }
    }
}