{
    "root_group": {
        "name": "",
        "path": "",
        "id": "d41d8cd98f00b204e9800998ecf8427e",
        "groups": {},
        "checks": {
                "status is 200": {
                    "name": "status is 200",
                    "path": "::status is 200",
                    "id": "6210a8cd14cd70477eba5c5e4cb3fb5f",
                    "passes": 81139,
                    "fails": 15
                }
            }
    },
    "metrics": {
        "vus": {
            "max": 1000,
            "value": 181,
            "min": 181
        },
        "iterations": {
            "count": 81154,
            "rate": 803.5438547470269
        },
        "http_req_failed": {
            "fails": 81139,
            "passes": 15,
            "value": 0.00018483377282697095
        },
        "http_req_duration": {
            "max": 34076.071,
            "p(90)": 874.4824000000008,
            "p(95)": 1092.7315999999998,
            "avg": 233.94203519234955,
            "min": 0.334,
            "med": 4.666
        },
        "data_received": {
            "count": 8520135,
            "rate": 84361.8567275188
        },
        "http_req_duration{expected_response:true}": {
            "max": 34076.071,
            "p(90)": 864.3602000000011,
            "p(95)": 1091.6320999999996,
            "avg": 232.85079017488394,
            "min": 0.334,
            "med": 4.664
        },
        "vus_max": {
            "value": 1000,
            "min": 1000,
            "max": 1000
        },
        "http_req_sending": {
            "avg": 0.22208520836924125,
            "min": 0.003,
            "med": 0.019,
            "max": 146.164,
            "p(90)": 0.138,
            "p(95)": 0.38
        },
        "http_req_waiting": {
            "med": 4.526,
            "max": 34075.695,
            "p(90)": 865.6818000000019,
            "p(95)": 1087.86455,
            "avg": 233.29127524212942,
            "min": 0.268
        },
        "checks": {
            "passes": 81139,
            "fails": 15,
            "value": 0.999815166227173
        },
        "http_req_connecting": {
            "med": 0.219,
            "max": 231.404,
            "p(90)": 1.08,
            "p(95)": 2.7703999999999858,
            "avg": 1.7626092244375031,
            "min": 0.04
        },
        "http_req_tls_handshaking": {
            "min": 0,
            "med": 0,
            "max": 0,
            "p(90)": 0,
            "p(95)": 0,
            "avg": 0
        },
        "data_sent": {
            "count": 5680780,
            "rate": 56248.06983229188
        },
        "http_reqs": {
            "count": 81154,
            "rate": 803.5438547470269
        },
        "http_req_receiving": {
            "avg": 0.4286747418487953,
            "min": 0.005,
            "med": 0.034,
            "max": 1232.321,
            "p(90)": 0.17,
            "p(95)": 0.377
        },
        "http_req_blocked": {
            "p(90)": 1.321,
            "p(95)": 3.6313499999999963,
            "avg": 1.9776544101338422,
            "min": 0.048,
            "med": 0.254,
            "max": 231.504
        },
        "iteration_duration": {
            "avg": 1237.4856117714921,
            "min": 1000.521583,
            "med": 1005.848917,
            "max": 35083.067041,
            "p(90)": 1876.0842125000001,
            "p(95)": 2108.18060055
        }
    }
}