{
    "metrics": {
        "http_req_blocked": {
            "min": 0.068,
            "med": 0.238,
            "max": 570.427,
            "p(90)": 0.938,
            "p(95)": 2.677649999999996,
            "avg": 3.4529378656885865
        },
        "http_req_waiting": {
            "avg": 88.6309285651906,
            "min": 0.304,
            "med": 4.041,
            "max": 10775.099,
            "p(90)": 83.46490000000009,
            "p(95)": 364.0045999999998
        },
        "http_req_failed": {
            "passes": 0,
            "fails": 91608,
            "value": 0
        },
        "vus": {
            "value": 196,
            "min": 196,
            "max": 1000
        },
        "http_req_sending": {
            "max": 522.458,
            "p(90)": 0.087,
            "p(95)": 0.258,
            "avg": 0.9098916033534699,
            "min": 0.003,
            "med": 0.016
        },
        "http_req_receiving": {
            "p(95)": 0.253,
            "avg": 0.12474933411929773,
            "min": 0.004,
            "med": 0.028,
            "max": 307.812,
            "p(90)": 0.123
        },
        "http_req_duration{expected_response:true}": {
            "med": 4.151,
            "max": 10775.148,
            "p(90)": 89.18200000000044,
            "p(95)": 380.8099999999991,
            "avg": 89.665569502664,
            "min": 0.36
        },
        "vus_max": {
            "min": 1000,
            "max": 1000,
            "value": 1000
        },
        "iterations": {
            "count": 91608,
            "rate": 907.0021600409708
        },
        "checks": {
            "passes": 91608,
            "fails": 0,
            "value": 1
        },
        "iteration_duration": {
            "avg": 1096.1962645290953,
            "min": 1000.526375,
            "med": 1005.116208,
            "max": 11810.135833,
            "p(90)": 1134.8889036,
            "p(95)": 1415.6965312499992
        },
        "data_sent": {
            "rate": 63490.15120286795,
            "count": 6412560
        },
        "http_req_connecting": {
            "med": 0.208,
            "max": 498.337,
            "p(90)": 0.79,
            "p(95)": 2.2062999999999917,
            "avg": 2.8511998733734902,
            "min": 0.057
        },
        "http_reqs": {
            "count": 91608,
            "rate": 907.0021600409708
        },
        "http_req_tls_handshaking": {
            "avg": 0,
            "min": 0,
            "med": 0,
            "max": 0,
            "p(90)": 0,
            "p(95)": 0
        },
        "http_req_duration": {
            "p(95)": 380.8099999999991,
            "avg": 89.665569502664,
            "min": 0.36,
            "med": 4.151,
            "max": 10775.148,
            "p(90)": 89.18200000000044
        },
        "data_received": {
            "count": 9618840,
            "rate": 95235.22680430193
        }
    },
    "root_group": {
        "checks": {
            "status is 200": {
                "fails": 0,
                "name": "status is 200",
                "path": "::status is 200",
                "id": "6210a8cd14cd70477eba5c5e4cb3fb5f",
                "passes": 91608
            }
        },
        "name": "",
        "path": "",
        "id": "d41d8cd98f00b204e9800998ecf8427e",
        "groups": {}
    }
}