{
    "root_group": {
        "name": "",
        "path": "",
        "id": "d41d8cd98f00b204e9800998ecf8427e",
        "groups": {},
        "checks": {
                "status is 200": {
                    "name": "status is 200",
                    "path": "::status is 200",
                    "id": "6210a8cd14cd70477eba5c5e4cb3fb5f",
                    "passes": 100000,
                    "fails": 0
                }
            }
    },
    "metrics": {
        "http_req_failed": {
            "passes": 0,
            "fails": 100000,
            "value": 0
        },
        "checks": {
            "passes": 100000,
            "fails": 0,
            "value": 1
        },
        "data_received": {
            "count": 10500000,
            "rate": 104010.5342661566
        },
        "iteration_duration": {
            "avg": 1007.6279752832636,
            "min": 1000.205167,
            "med": 1002.2923335,
            "max": 1496.332167,
            "p(90)": 1009.8706628,
            "p(95)": 1016.7315146
        },
        "http_req_waiting": {
            "min": 0.161,
            "med": 1.864,
            "max": 426.103,
            "p(90)": 8.767100000000001,
            "p(95)": 14.305049999999996,
            "avg": 6.531780450000086
        },
        "iterations": {
            "count": 100000,
            "rate": 990.576516820539
        },
        "data_sent": {
            "count": 7000000,
            "rate": 69340.35617743773
        },
        "http_req_tls_handshaking": {
            "min": 0,
            "med": 0,
            "max": 0,
            "p(90)": 0,
            "p(95)": 0,
            "avg": 0
        },
        "http_req_sending": {
            "avg": 0.3406823700000688,
            "min": 0.001,
            "med": 0.006,
            "max": 105.95,
            "p(90)": 0.024,
            "p(95)": 0.053
        },
        "vus_max": {
            "value": 1000,
            "min": 1000,
            "max": 1000
        },
        "http_req_blocked": {
            "p(90)": 0.006,
            "p(95)": 0.011,
            "avg": 0.26118092000043935,
            "min": 0,
            "med": 0.002,
            "max": 108.609
        },
        "http_reqs": {
            "count": 100000,
            "rate": 990.576516820539
        },
        "vus": {
            "value": 138,
            "min": 138,
            "max": 1000
        },
        "http_req_duration{expected_response:true}": {
            "avg": 6.900371969999904,
            "min": 0.169,
            "med": 1.906,
            "max": 426.163,
            "p(90)": 8.905100000000001,
            "p(95)": 14.664
        },
        "http_req_duration": {
            "min": 0.169,
            "med": 1.906,
            "max": 426.163,
            "p(90)": 8.905100000000001,
            "p(95)": 14.664,
            "avg": 6.900371969999904
        },
        "http_req_receiving": {
            "p(90)": 0.042,
            "p(95)": 0.062,
            "avg": 0.027909150000001992,
            "min": 0.003,
            "med": 0.013,
            "max": 33.285
        },
        "http_req_connecting": {
            "max": 69.902,
            "p(90)": 0,
            "p(95)": 0,
            "avg": 0.23610103999999996,
            "min": 0,
            "med": 0
        }
    }
}