{
    "root_group": {
        "name": "",
        "path": "",
        "id": "d41d8cd98f00b204e9800998ecf8427e",
        "groups": {},
        "checks": {
                "status is 200": {
                    "name": "status is 200",
                    "path": "::status is 200",
                    "id": "6210a8cd14cd70477eba5c5e4cb3fb5f",
                    "passes": 87690,
                    "fails": 0
                }
            }
    },
    "metrics": {
        "http_reqs": {
            "count": 87690,
            "rate": 863.7567235541435
        },
        "http_req_waiting": {
            "med": 4.5455000000000005,
            "max": 1788.285,
            "p(90)": 504.713,
            "p(95)": 514.7421,
            "avg": 145.21541857680378,
            "min": 0.325
        },
        "http_req_receiving": {
            "p(95)": 0.126,
            "avg": 0.07235114608280066,
            "min": 0.004,
            "med": 0.021,
            "max": 210.025,
            "p(90)": 0.078
        },
        "http_req_tls_handshaking": {
            "med": 0,
            "max": 0,
            "p(90)": 0,
            "p(95)": 0,
            "avg": 0,
            "min": 0
        },
        "checks": {
            "passes": 87690,
            "fails": 0,
            "value": 1
        },
        "vus": {
            "value": 222,
            "min": 222,
            "max": 1000
        },
        "data_sent": {
            "count": 6275019,
            "rate": 61809.668738510634
        },
        "vus_max": {
            "value": 1000,
            "min": 1000,
            "max": 1000
        },
        "iteration_duration": {
            "avg": 1147.0454358054387,
            "min": 1000.494917,
            "med": 1005.1550005,
            "max": 2789.0905,
            "p(90)": 1505.5756163,
            "p(95)": 1516.1506625
        },
        "data_received": {
            "count": 9207450,
            "rate": 90694.45597318506
        },
        "http_req_connecting": {
            "min": 0.043,
            "med": 0.147,
            "max": 168.332,
            "p(90)": 0.325,
            "p(95)": 0.586,
            "avg": 1.01778804880831
        },
        "http_req_failed": {
            "passes": 0,
            "fails": 87690,
            "value": 0
        },
        "iterations": {
            "count": 87690,
            "rate": 863.7567235541435
        },
        "http_req_duration{expected_response:true}": {
            "p(90)": 504.80740000000003,
            "p(95)": 515.0073,
            "avg": 145.62085569620092,
            "min": 0.35,
            "med": 4.5975,
            "max": 1788.319
        },
        "http_req_sending": {
            "avg": 0.3330859733149968,
            "min": 0.003,
            "med": 0.011,
            "max": 137.363,
            "p(90)": 0.04,
            "p(95)": 0.063
        },
        "http_req_duration": {
            "avg": 145.62085569620092,
            "min": 0.35,
            "med": 4.5975,
            "max": 1788.319,
            "p(90)": 504.80740000000003,
            "p(95)": 515.0073
        },
        "http_req_blocked": {
            "avg": 1.0821095449880027,
            "min": 0.052,
            "med": 0.168,
            "max": 174.173,
            "p(90)": 0.376,
            "p(95)": 0.69
        }
    }
}