{
    "metrics": {
        "http_req_duration{expected_response:true}": {
            "avg": 163.2430130228903,
            "min": 0.331,
            "med": 5.587,
            "max": 5116.289,
            "p(90)": 506.587,
            "p(95)": 527.86875
        },
        "http_req_waiting": {
            "p(90)": 506.4545,
            "p(95)": 527.43925,
            "avg": 162.63341857793017,
            "min": 0.311,
            "med": 5.517,
            "max": 5116.243
        },
        "iterations": {
            "count": 86156,
            "rate": 848.9267391772704
        },
        "http_req_receiving": {
            "avg": 0.1550492014485516,
            "min": 0.004,
            "med": 0.024,
            "max": 651.57,
            "p(90)": 0.092,
            "p(95)": 0.149
        },
        "data_sent": {
            "count": 6163530,
            "rate": 60731.526820201514
        },
        "http_reqs": {
            "count": 86156,
            "rate": 848.9267391772704
        },
        "vus_max": {
            "value": 1000,
            "min": 1000,
            "max": 1000
        },
        "checks": {
            "passes": 86156,
            "fails": 0,
            "value": 1
        },
        "vus": {
            "value": 162,
            "min": 162,
            "max": 1000
        },
        "http_req_blocked": {
            "p(90)": 0.398,
            "p(95)": 0.79,
            "avg": 2.1521349760898953,
            "min": 0.046,
            "med": 0.17,
            "max": 326.024
        },
        "http_req_failed": {
            "passes": 0,
            "fails": 86156,
            "value": 0
        },
        "http_req_connecting": {
            "med": 0.146,
            "max": 317.488,
            "p(90)": 0.336,
            "p(95)": 0.667,
            "avg": 1.9358304819164887,
            "min": 0.04
        },
        "data_received": {
            "count": 9046380,
            "rate": 89137.30761361339
        },
        "iteration_duration": {
            "max": 6116.651291,
            "p(90)": 1507.787604,
            "p(95)": 1530.4747607499999,
            "avg": 1166.2051535305775,
            "min": 1000.530417,
            "med": 1006.453083
        },
        "http_req_tls_handshaking": {
            "avg": 0,
            "min": 0,
            "med": 0,
            "max": 0,
            "p(90)": 0,
            "p(95)": 0
        },
        "http_req_duration": {
            "avg": 163.2430130228903,
            "min": 0.331,
            "med": 5.587,
            "max": 5116.289,
            "p(90)": 506.587,
            "p(95)": 527.86875
        },
        "http_req_sending": {
            "avg": 0.45454524351181574,
            "min": 0.003,
            "med": 0.012,
            "max": 168.086,
            "p(90)": 0.047,
            "p(95)": 0.083
        }
    },
    "root_group": {
        "groups": {},
        "checks": {
                "status is 200": {
                    "id": "6210a8cd14cd70477eba5c5e4cb3fb5f",
                    "passes": 86156,
                    "fails": 0,
                    "name": "status is 200",
                    "path": "::status is 200"
                }
            },
        "name": "",
        "path": "",
        "id": "d41d8cd98f00b204e9800998ecf8427e"
    }
}