{
    "root_group": {
        "checks": {
            "status is 200": {
                "fails": 0,
                "name": "status is 200",
                "path": "::status is 200",
                "id": "6210a8cd14cd70477eba5c5e4cb3fb5f",
                "passes": 86594
            }
        },
        "name": "",
        "path": "",
        "id": "d41d8cd98f00b204e9800998ecf8427e",
        "groups": {}
    },
    "metrics": {
        "http_req_connecting": {
            "med": 0.135,
            "max": 178.309,
            "p(90)": 0.304,
            "p(95)": 0.592,
            "avg": 0.862776277802158,
            "min": 0.042
        },
        "checks": {
            "passes": 86594,
            "fails": 0,
            "value": 1
        },
        "http_req_duration{expected_response:true}": {
            "min": 0.306,
            "med": 4.2465,
            "max": 4724.885,
            "p(90)": 504.26370000000003,
            "p(95)": 514.9759499999999,
            "avg": 159.0539231240051
        },
        "http_req_receiving": {
            "min": 0.005,
            "med": 0.021,
            "max": 815.304,
            "p(90)": 0.079,
            "p(95)": 0.126,
            "avg": 0.1535609049125872
        },
        "vus_max": {
            "value": 1000,
            "min": 1000,
            "max": 1000
        },
        "http_req_waiting": {
            "med": 4.189,
            "max": 4722.168,
            "p(90)": 504.17170000000004,
            "p(95)": 514.8485,
            "avg": 158.629895870385,
            "min": 0.244
        },
        "http_req_duration": {
            "p(90)": 504.26370000000003,
            "p(95)": 514.9759499999999,
            "avg": 159.0539231240051,
            "min": 0.306,
            "med": 4.2465,
            "max": 4724.885
        },
        "data_received": {
            "rate": 89582.1570324314,
            "count": 9092370
        },
        "iterations": {
            "count": 86594,
            "rate": 853.1634003088705
        },
        "http_req_blocked": {
            "max": 212.392,
            "p(90)": 0.356,
            "p(95)": 0.7203499999999962,
            "avg": 0.9381098343996009,
            "min": 0.053,
            "med": 0.155
        },
        "http_req_tls_handshaking": {
            "min": 0,
            "med": 0,
            "max": 0,
            "p(90)": 0,
            "p(95)": 0,
            "avg": 0
        },
        "iteration_duration": {
            "p(95)": 1516.21625625,
            "avg": 1160.3765651907322,
            "min": 1000.504792,
            "med": 1004.7853125,
            "max": 5852.748542,
            "p(90)": 1504.9744213000001
        },
        "http_req_failed": {
            "passes": 0,
            "fails": 86594,
            "value": 0
        },
        "http_reqs": {
            "rate": 853.1634003088705,
            "count": 86594
        },
        "data_sent": {
            "count": 6196208,
            "rate": 61047.85419660745
        },
        "http_req_sending": {
            "min": 0.003,
            "med": 0.011,
            "max": 168.353,
            "p(90)": 0.041,
            "p(95)": 0.067,
            "avg": 0.27046634870764075
        },
        "vus": {
            "min": 169,
            "max": 1000,
            "value": 169
        }
    }
}