{
    "metrics": {
        "http_req_failed": {
            "passes": 0,
            "fails": 87666,
            "value": 0
        },
        "checks": {
            "passes": 87666,
            "fails": 0,
            "value": 1
        },
        "iterations": {
            "count": 87666,
            "rate": 863.3937903662031
        },
        "http_req_waiting": {
            "p(95)": 510.24775,
            "avg": 144.33856013733745,
            "min": 0.273,
            "med": 4.148,
            "max": 1864.837,
            "p(90)": 503.8585
        },
        "data_received": {
            "count": 9204930,
            "rate": 90656.34798845132
        },
        "http_req_duration{expected_response:true}": {
            "avg": 144.81513198959775,
            "min": 0.337,
            "med": 4.199,
            "max": 1870.874,
            "p(90)": 503.9615,
            "p(95)": 510.55175
        },
        "http_req_tls_handshaking": {
            "avg": 0,
            "min": 0,
            "med": 0,
            "max": 0,
            "p(90)": 0,
            "p(95)": 0
        },
        "http_reqs": {
            "count": 87666,
            "rate": 863.3937903662031
        },
        "http_req_receiving": {
            "avg": 0.08390130723427408,
            "min": 0.004,
            "med": 0.021,
            "max": 453.012,
            "p(90)": 0.079,
            "p(95)": 0.126
        },
        "vus_max": {
            "min": 1000,
            "max": 1000,
            "value": 1000
        },
        "http_req_connecting": {
            "min": 0.056,
            "med": 0.151,
            "max": 253.078,
            "p(90)": 0.329,
            "p(95)": 0.513,
            "avg": 1.1826207651769243
        },
        "data_sent": {
            "count": 6272335,
            "rate": 61774.17801766476
        },
        "http_req_sending": {
            "p(95)": 0.058,
            "avg": 0.39267054502316023,
            "min": 0.003,
            "med": 0.011,
            "max": 187.106,
            "p(90)": 0.039
        },
        "vus": {
            "value": 234,
            "min": 234,
            "max": 1000
        },
        "http_req_blocked": {
            "min": 0.067,
            "med": 0.172,
            "max": 255.199,
            "p(90)": 0.373,
            "p(95)": 0.592,
            "avg": 1.2447014007710917
        },
        "iteration_duration": {
            "avg": 1146.4220474274312,
            "min": 1000.498667,
            "med": 1004.7632495,
            "max": 2871.9375,
            "p(90)": 1504.7748335,
            "p(95)": 1511.8277085
        },
        "http_req_duration": {
            "avg": 144.81513198959775,
            "min": 0.337,
            "med": 4.199,
            "max": 1870.874,
            "p(90)": 503.9615,
            "p(95)": 510.55175
        }
    },
    "root_group": {
        "name": "",
        "path": "",
        "id": "d41d8cd98f00b204e9800998ecf8427e",
        "groups": {},
        "checks": {
                "status is 200": {
                    "name": "status is 200",
                    "path": "::status is 200",
                    "id": "6210a8cd14cd70477eba5c5e4cb3fb5f",
                    "passes": 87666,
                    "fails": 0
                }
            }
    }
}