{
    "root_group": {
        "id": "d41d8cd98f00b204e9800998ecf8427e",
        "groups": {},
        "checks": {
                "status is 200": {
                    "id": "6210a8cd14cd70477eba5c5e4cb3fb5f",
                    "passes": 87956,
                    "fails": 0,
                    "name": "status is 200",
                    "path": "::status is 200"
                }
            },
        "name": "",
        "path": ""
    },
    "metrics": {
        "http_req_duration": {
            "med": 4.2765,
            "max": 1557.059,
            "p(90)": 504.024,
            "p(95)": 511.23425,
            "avg": 141.63226209695893,
            "min": 0.352
        },
        "http_req_waiting": {
            "max": 1549.909,
            "p(90)": 503.942,
            "p(95)": 511.13475,
            "avg": 141.49440868161267,
            "min": 0.276,
            "med": 4.225
        },
        "http_req_connecting": {
            "max": 120.217,
            "p(90)": 0.312,
            "p(95)": 0.499,
            "avg": 0.983700827686586,
            "min": 0.046,
            "med": 0.145
        },
        "iteration_duration": {
            "p(90)": 1504.6707920000001,
            "p(95)": 1512.25686425,
            "avg": 1142.933263726701,
            "min": 1000.530334,
            "med": 1004.7680835,
            "max": 2629.210584
        },
        "http_req_duration{expected_response:true}": {
            "p(95)": 511.23425,
            "avg": 141.63226209695893,
            "min": 0.352,
            "med": 4.2765,
            "max": 1557.059,
            "p(90)": 504.024
        },
        "data_received": {
            "count": 9235380,
            "rate": 90992.51736309155
        },
        "iterations": {
            "count": 87956,
            "rate": 866.5954034580147
        },
        "http_reqs": {
            "count": 87956,
            "rate": 866.5954034580147
        },
        "data_sent": {
            "count": 6293171,
            "rate": 62004.10502723269
        },
        "vus": {
            "value": 180,
            "min": 180,
            "max": 1000
        },
        "http_req_blocked": {
            "max": 120.233,
            "p(90)": 0.363,
            "p(95)": 0.597,
            "avg": 1.0236042111964947,
            "min": 0.058,
            "med": 0.165
        },
        "http_req_sending": {
            "avg": 0.07747393014690117,
            "min": 0.003,
            "med": 0.011,
            "max": 32.441,
            "p(90)": 0.04,
            "p(95)": 0.063
        },
        "http_req_receiving": {
            "p(90)": 0.08,
            "p(95)": 0.129,
            "avg": 0.060379485197143784,
            "min": 0.004,
            "med": 0.021,
            "max": 147.899
        },
        "http_req_failed": {
            "passes": 0,
            "fails": 87956,
            "value": 0
        },
        "http_req_tls_handshaking": {
            "max": 0,
            "p(90)": 0,
            "p(95)": 0,
            "avg": 0,
            "min": 0,
            "med": 0
        },
        "checks": {
            "passes": 87956,
            "fails": 0,
            "value": 1
        },
        "vus_max": {
            "value": 1000,
            "min": 1000,
            "max": 1000
        }
    }
}