{
    "root_group": {
        "path": "",
        "id": "d41d8cd98f00b204e9800998ecf8427e",
        "groups": {},
        "checks": {
                "status is 200": {
                    "name": "status is 200",
                    "path": "::status is 200",
                    "id": "6210a8cd14cd70477eba5c5e4cb3fb5f",
                    "passes": 88800,
                    "fails": 0
                }
            },
        "name": ""
    },
    "metrics": {
        "http_req_duration": {
            "p(95)": 501.93,
            "avg": 130.10070297297207,
            "min": 0.151,
            "med": 0.635,
            "max": 665.048,
            "p(90)": 501.392
        },
        "http_req_tls_handshaking": {
            "p(90)": 0,
            "p(95)": 0,
            "avg": 0,
            "min": 0,
            "med": 0,
            "max": 0
        },
        "http_req_connecting": {
            "avg": 1.5849358558558562,
            "min": 0,
            "med": 0,
            "max": 278.685,
            "p(90)": 0,
            "p(95)": 0
        },
        "iteration_duration": {
            "avg": 1131.96718033822,
            "min": 1000.210125,
            "med": 1000.9233545,
            "max": 1838.427875,
            "p(90)": 1501.6171292,
            "p(95)": 1502.2395410499998
        },
        "http_req_duration{expected_response:true}": {
            "avg": 130.10070297297207,
            "min": 0.151,
            "med": 0.635,
            "max": 665.048,
            "p(90)": 501.392,
            "p(95)": 501.93
        },
        "checks": {
            "passes": 88800,
            "fails": 0,
            "value": 1
        },
        "http_req_waiting": {
            "avg": 129.90709101351246,
            "min": 0.139,
            "med": 0.607,
            "max": 621.745,
            "p(90)": 501.368,
            "p(95)": 501.902
        },
        "vus": {
            "value": 202,
            "min": 202,
            "max": 1000
        },
        "data_sent": {
            "count": 6353853,
            "rate": 62598.97571361675
        },
        "vus_max": {
            "value": 1000,
            "min": 1000,
            "max": 1000
        },
        "http_req_receiving": {
            "max": 60.027,
            "p(90)": 0.029,
            "p(95)": 0.046,
            "avg": 0.017624515765768338,
            "min": 0.003,
            "med": 0.01
        },
        "http_req_sending": {
            "p(95)": 0.018,
            "avg": 0.17598744369391753,
            "min": 0.001,
            "med": 0.004,
            "max": 131.202,
            "p(90)": 0.01
        },
        "iterations": {
            "count": 88800,
            "rate": 874.8690036375043
        },
        "data_received": {
            "count": 9324000,
            "rate": 91861.24538193794
        },
        "http_reqs": {
            "count": 88800,
            "rate": 874.8690036375043
        },
        "http_req_blocked": {
            "avg": 1.6154551238693189,
            "min": 0,
            "med": 0.001,
            "max": 289.248,
            "p(90)": 0.004,
            "p(95)": 0.006
        },
        "http_req_failed": {
            "passes": 0,
            "fails": 88800,
            "value": 0
        }
    }
}