{
    "metrics": {
        "data_sent": {
            "count": 6014005,
            "rate": 59237.82125483962
        },
        "iteration_duration": {
            "max": 13060.756958,
            "p(90)": 1508.8907208,
            "p(95)": 1564.0738149499998,
            "avg": 1196.0205380365712,
            "min": 1000.517083,
            "med": 1005.8975829999999
        },
        "http_req_connecting": {
            "med": 0.15,
            "max": 218.238,
            "p(90)": 0.375,
            "p(95)": 0.816,
            "avg": 1.101386891875822,
            "min": 0
        },
        "checks": {
            "passes": 84047,
            "fails": 23,
            "value": 0.9997264184608065
        },
        "vus": {
            "value": 180,
            "min": 180,
            "max": 1000
        },
        "http_req_sending": {
            "avg": 0.11572549066254255,
            "min": 0.003,
            "med": 0.012,
            "max": 472.369,
            "p(90)": 0.047,
            "p(95)": 0.087
        },
        "iterations": {
            "count": 84070,
            "rate": 828.0877107508834
        },
        "http_req_duration": {
            "p(95)": 561.7679999999998,
            "avg": 194.25430789817943,
            "min": 0.331,
            "med": 5.216,
            "max": 12047.094,
            "p(90)": 508.028
        },
        "http_req_blocked": {
            "max": 228.959,
            "p(90)": 0.441,
            "p(95)": 0.9965499999999963,
            "avg": 1.1756763173545997,
            "min": 0.055,
            "med": 0.172
        },
        "http_req_receiving": {
            "avg": 0.25246502914237556,
            "min": 0.004,
            "med": 0.023,
            "max": 1457.828,
            "p(90)": 0.097,
            "p(95)": 0.165
        },
        "vus_max": {
            "value": 1000,
            "min": 1000,
            "max": 1000
        },
        "http_req_tls_handshaking": {
            "p(95)": 0,
            "avg": 0,
            "min": 0,
            "med": 0,
            "max": 0,
            "p(90)": 0
        },
        "http_req_duration{expected_response:true}": {
            "min": 0.331,
            "med": 5.214,
            "max": 12047.094,
            "p(90)": 507.9964,
            "p(95)": 560.1192999999998,
            "avg": 192.81838979380518
        },
        "data_received": {
            "count": 8825763,
            "rate": 86933.57771261864
        },
        "http_reqs": {
            "count": 84070,
            "rate": 828.0877107508834
        },
        "http_req_waiting": {
            "avg": 193.88611737837553,
            "min": 0.294,
            "med": 5.158,
            "max": 12046.863,
            "p(90)": 507.915,
            "p(95)": 560.7821999999994
        },
        "http_req_failed": {
            "passes": 23,
            "fails": 84047,
            "value": 0.0002735815391935292
        }
    },
    "root_group": {
        "name": "",
        "path": "",
        "id": "d41d8cd98f00b204e9800998ecf8427e",
        "groups": {},
        "checks": {
                "status is 200": {
                    "name": "status is 200",
                    "path": "::status is 200",
                    "id": "6210a8cd14cd70477eba5c5e4cb3fb5f",
                    "passes": 84047,
                    "fails": 23
                }
            }
    }
}