{
    "root_group": {
        "name": "",
        "path": "",
        "id": "d41d8cd98f00b204e9800998ecf8427e",
        "groups": {},
        "checks": {
                "status is 200": {
                    "name": "status is 200",
                    "path": "::status is 200",
                    "id": "6210a8cd14cd70477eba5c5e4cb3fb5f",
                    "passes": 80158,
                    "fails": 51
                }
            }
    },
    "metrics": {
        "http_req_sending": {
            "min": 0.003,
            "med": 0.012,
            "max": 161.643,
            "p(90)": 0.048,
            "p(95)": 0.094,
            "avg": 0.259399107331966
        },
        "http_req_duration": {
            "avg": 249.43702290267032,
            "min": 0.332,
            "med": 4.521,
            "max": 30949.444,
            "p(90)": 507.1652,
            "p(95)": 619.1071999999987
        },
        "http_req_connecting": {
            "min": 0,
            "med": 0.138,
            "max": 232.923,
            "p(90)": 0.3372000000000018,
            "p(95)": 0.7435999999999965,
            "avg": 1.8797746262888182
        },
        "http_req_failed": {
            "passes": 51,
            "fails": 80158,
            "value": 0.000635838870949644
        },
        "data_sent": {
            "count": 5738814,
            "rate": 56582.96385846441
        },
        "http_reqs": {
            "count": 80209,
            "rate": 790.8363902582611
        },
        "http_req_tls_handshaking": {
            "avg": 0,
            "min": 0,
            "med": 0,
            "max": 0,
            "p(90)": 0,
            "p(95)": 0
        },
        "http_req_receiving": {
            "avg": 0.1829919335735531,
            "min": 0,
            "med": 0.022,
            "max": 1367.001,
            "p(90)": 0.088,
            "p(95)": 0.14459999999999643
        },
        "vus_max": {
            "value": 1000,
            "min": 1000,
            "max": 1000
        },
        "iteration_duration": {
            "med": 1005.200125,
            "max": 31949.877833,
            "p(90)": 1508.422341,
            "p(95)": 1637.633359,
            "avg": 1252.5128216885787,
            "min": 1000.49375
        },
        "data_received": {
            "count": 8417094,
            "rate": 82989.99158977755
        },
        "iterations": {
            "count": 80209,
            "rate": 790.8363902582611
        },
        "http_req_waiting": {
            "avg": 248.99463186176473,
            "min": 0.282,
            "med": 4.459,
            "max": 30949.325,
            "p(90)": 507.0544,
            "p(95)": 615.0401999999998
        },
        "checks": {
            "passes": 80158,
            "fails": 51,
            "value": 0.9993641611290504
        },
        "vus": {
            "max": 1000,
            "value": 110,
            "min": 110
        },
        "http_req_duration{expected_response:true}": {
            "min": 0.332,
            "med": 4.515,
            "max": 30949.444,
            "p(90)": 507.062,
            "p(95)": 609.5380999999999,
            "avg": 244.0234950098589
        },
        "http_req_blocked": {
            "avg": 2.0372669027166417,
            "min": 0.07,
            "med": 0.16,
            "max": 289.932,
            "p(90)": 0.405,
            "p(95)": 0.8995999999999965
        }
    }
}