{
    "root_group": {
        "name": "",
        "path": "",
        "id": "d41d8cd98f00b204e9800998ecf8427e",
        "groups": {},
        "checks": {
                "status is 200": {
                    "name": "status is 200",
                    "path": "::status is 200",
                    "id": "6210a8cd14cd70477eba5c5e4cb3fb5f",
                    "passes": 87504,
                    "fails": 0
                }
            }
    },
    "metrics": {
        "http_req_duration{expected_response:true}": {
            "min": 0.327,
            "med": 4.195,
            "max": 4522.486,
            "p(90)": 503.703,
            "p(95)": 513.3856999999999,
            "avg": 146.99269186551496
        },
        "vus": {
            "value": 181,
            "min": 181,
            "max": 1000
        },
        "http_req_blocked": {
            "p(95)": 0.6998499999999961,
            "avg": 1.332940265587845,
            "min": 0.054,
            "med": 0.151,
            "max": 160.556,
            "p(90)": 0.354
        },
        "http_req_tls_handshaking": {
            "min": 0,
            "med": 0,
            "max": 0,
            "p(90)": 0,
            "p(95)": 0,
            "avg": 0
        },
        "http_req_sending": {
            "avg": 0.07190224446883316,
            "min": 0.003,
            "med": 0.011,
            "max": 81.219,
            "p(90)": 0.04,
            "p(95)": 0.065
        },
        "iterations": {
            "count": 87504,
            "rate": 862.1906010346603
        },
        "http_req_duration": {
            "p(90)": 503.703,
            "p(95)": 513.3856999999999,
            "avg": 146.99269186551496,
            "min": 0.327,
            "med": 4.195,
            "max": 4522.486
        },
        "data_sent": {
            "count": 6259573,
            "rate": 61676.55201008333
        },
        "checks": {
            "passes": 87504,
            "fails": 0,
            "value": 1
        },
        "vus_max": {
            "value": 1000,
            "min": 1000,
            "max": 1000
        },
        "http_reqs": {
            "count": 87504,
            "rate": 862.1906010346603
        },
        "http_req_connecting": {
            "med": 0.133,
            "max": 156.322,
            "p(90)": 0.302,
            "p(95)": 0.603,
            "avg": 1.266984617846042,
            "min": 0.044
        },
        "http_req_receiving": {
            "p(95)": 0.132,
            "avg": 0.09452095904187742,
            "min": 0.004,
            "med": 0.021,
            "max": 256.276,
            "p(90)": 0.078
        },
        "http_req_failed": {
            "passes": 0,
            "fails": 87504,
            "value": 0
        },
        "iteration_duration": {
            "min": 1000.486292,
            "med": 1004.728271,
            "max": 5623.603083,
            "p(90)": 1504.4032087,
            "p(95)": 1514.514375,
            "avg": 1148.7060791782912
        },
        "data_received": {
            "count": 9187920,
            "rate": 90530.01310863932
        },
        "http_req_waiting": {
            "avg": 146.8262686620038,
            "min": 0.25,
            "med": 4.1434999999999995,
            "max": 4521.116,
            "p(90)": 503.6317,
            "p(95)": 513.22195
        }
    }
}