{
    "root_group": {
        "id": "d41d8cd98f00b204e9800998ecf8427e",
        "groups": {},
        "checks": {
                "status is 200": {
                    "name": "status is 200",
                    "path": "::status is 200",
                    "id": "6210a8cd14cd70477eba5c5e4cb3fb5f",
                    "passes": 87405,
                    "fails": 0
                }
            },
        "name": "",
        "path": ""
    },
    "metrics": {
        "http_req_tls_handshaking": {
            "avg": 0,
            "min": 0,
            "med": 0,
            "max": 0,
            "p(90)": 0,
            "p(95)": 0
        },
        "iteration_duration": {
            "max": 5929.509834,
            "p(90)": 1504.3937834,
            "p(95)": 1512.7354082,
            "avg": 1150.3781083550143,
            "min": 1000.484709,
            "med": 1004.5925
        },
        "http_req_duration": {
            "avg": 148.16748083061503,
            "min": 0.297,
            "med": 4.113,
            "max": 4719.558,
            "p(90)": 503.7326,
            "p(95)": 511.58059999999995
        },
        "http_req_blocked": {
            "p(95)": 0.5507999999999962,
            "avg": 1.867832000457662,
            "min": 0.069,
            "med": 0.152,
            "max": 398.578,
            "p(90)": 0.334
        },
        "http_req_waiting": {
            "p(90)": 503.643,
            "p(95)": 511.4434,
            "avg": 148.01580319203708,
            "min": 0.277,
            "med": 4.059,
            "max": 4719.427
        },
        "vus": {
            "min": 185,
            "max": 1000,
            "value": 185
        },
        "vus_max": {
            "min": 1000,
            "max": 1000,
            "value": 1000
        },
        "data_sent": {
            "count": 6253158,
            "rate": 61604.42721004609
        },
        "data_received": {
            "count": 9177525,
            "rate": 90414.50269301978
        },
        "http_req_duration{expected_response:true}": {
            "max": 4719.558,
            "p(90)": 503.7326,
            "p(95)": 511.58059999999995,
            "avg": 148.16748083061503,
            "min": 0.297,
            "med": 4.113
        },
        "http_req_connecting": {
            "avg": 1.8072480064069074,
            "min": 0.057,
            "med": 0.132,
            "max": 396.41,
            "p(90)": 0.285,
            "p(95)": 0.45
        },
        "checks": {
            "passes": 87405,
            "fails": 0,
            "value": 1
        },
        "iterations": {
            "count": 87405,
            "rate": 861.0905018382837
        },
        "http_req_receiving": {
            "avg": 0.09288613923689416,
            "min": 0.004,
            "med": 0.021,
            "max": 217.769,
            "p(90)": 0.081,
            "p(95)": 0.13
        },
        "http_reqs": {
            "count": 87405,
            "rate": 861.0905018382837
        },
        "http_req_failed": {
            "passes": 0,
            "fails": 87405,
            "value": 0
        },
        "http_req_sending": {
            "p(95)": 0.063,
            "avg": 0.05879149934214775,
            "min": 0.003,
            "med": 0.011,
            "max": 83.511,
            "p(90)": 0.04
        }
    }
}