{
    "root_group": {
        "name": "",
        "path": "",
        "id": "d41d8cd98f00b204e9800998ecf8427e",
        "groups": {},
        "checks": {
                "status is 200": {
                    "name": "status is 200",
                    "path": "::status is 200",
                    "id": "6210a8cd14cd70477eba5c5e4cb3fb5f",
                    "passes": 87135,
                    "fails": 0
                }
            }
    },
    "metrics": {
        "checks": {
            "fails": 0,
            "passes": 87135,
            "value": 1
        },
        "vus": {
            "value": 368,
            "min": 368,
            "max": 1000
        },
        "http_req_blocked": {
            "p(95)": 0.496,
            "avg": 0.3769230619154166,
            "min": 0.07,
            "med": 0.152,
            "max": 346.653,
            "p(90)": 0.327
        },
        "http_req_sending": {
            "avg": 0.08249517415505592,
            "min": 0.003,
            "med": 0.011,
            "max": 266.701,
            "p(90)": 0.04,
            "p(95)": 0.06029999999999613
        },
        "http_req_receiving": {
            "p(90)": 0.083,
            "p(95)": 0.135,
            "avg": 0.09231887301314297,
            "min": 0.004,
            "med": 0.022,
            "max": 185.838
        },
        "http_req_connecting": {
            "avg": 0.30377693234636516,
            "min": 0.063,
            "med": 0.132,
            "max": 97.005,
            "p(90)": 0.276,
            "p(95)": 0.403
        },
        "http_req_waiting": {
            "avg": 149.6067540942221,
            "min": 0.256,
            "med": 4.126,
            "max": 4707.187,
            "p(90)": 503.6636,
            "p(95)": 513.4911
        },
        "data_sent": {
            "count": 6234172,
            "rate": 61419.191460426104
        },
        "http_req_duration": {
            "avg": 149.78156814139123,
            "min": 0.327,
            "med": 4.182,
            "max": 4707.232,
            "p(90)": 503.7516,
            "p(95)": 513.6332
        },
        "vus_max": {
            "min": 1000,
            "max": 1000,
            "value": 1000
        },
        "http_req_duration{expected_response:true}": {
            "avg": 149.78156814139123,
            "min": 0.327,
            "med": 4.182,
            "max": 4707.232,
            "p(90)": 503.7516,
            "p(95)": 513.6332
        },
        "http_reqs": {
            "count": 87135,
            "rate": 858.4558218644319
        },
        "data_received": {
            "rate": 90137.86129576534,
            "count": 9149175
        },
        "http_req_tls_handshaking": {
            "med": 0,
            "max": 0,
            "p(90)": 0,
            "p(95)": 0,
            "avg": 0,
            "min": 0
        },
        "http_req_failed": {
            "passes": 0,
            "fails": 87135,
            "value": 0
        },
        "iteration_duration": {
            "p(95)": 1514.3622251,
            "avg": 1150.4339894846967,
            "min": 1000.483334,
            "med": 1004.649208,
            "max": 5707.881083,
            "p(90)": 1504.37935
        },
        "iterations": {
            "count": 87135,
            "rate": 858.4558218644319
        }
    }
}