{
    "root_group": {
        "id": "d41d8cd98f00b204e9800998ecf8427e",
        "groups": {},
        "checks": {
                "status is 200": {
                    "passes": 84459,
                    "fails": 0,
                    "name": "status is 200",
                    "path": "::status is 200",
                    "id": "6210a8cd14cd70477eba5c5e4cb3fb5f"
                }
            },
        "name": "",
        "path": ""
    },
    "metrics": {
        "checks": {
            "passes": 84459,
            "fails": 0,
            "value": 1
        },
        "data_sent": {
            "count": 6042592,
            "rate": 59534.96496096753
        },
        "iteration_duration": {
            "avg": 1190.377403829938,
            "min": 1000.502125,
            "med": 1004.946208,
            "max": 6444.872875,
            "p(90)": 1506.906742,
            "p(95)": 1551.5834502999999
        },
        "data_received": {
            "count": 8868195,
            "rate": 87374.37155975903
        },
        "http_req_duration{expected_response:true}": {
            "p(90)": 505.8152,
            "p(95)": 548.5155999999998,
            "avg": 187.53855116683906,
            "min": 0.321,
            "med": 4.355,
            "max": 5443.301
        },
        "http_req_connecting": {
            "p(90)": 0.321,
            "p(95)": 0.704,
            "avg": 2.2171581951005277,
            "min": 0.043,
            "med": 0.134,
            "max": 249.667
        },
        "http_req_tls_handshaking": {
            "med": 0,
            "max": 0,
            "p(90)": 0,
            "p(95)": 0,
            "avg": 0,
            "min": 0
        },
        "http_req_waiting": {
            "avg": 187.15812945926456,
            "min": 0.261,
            "med": 4.3,
            "max": 5443.1,
            "p(90)": 505.71320000000003,
            "p(95)": 547.2615
        },
        "iterations": {
            "count": 84459,
            "rate": 832.1368719977052
        },
        "vus_max": {
            "value": 1000,
            "min": 1000,
            "max": 1000
        },
        "http_req_blocked": {
            "p(90)": 0.381,
            "p(95)": 0.857,
            "avg": 2.299227080595264,
            "min": 0.052,
            "med": 0.154,
            "max": 252.5
        },
        "http_req_failed": {
            "passes": 0,
            "fails": 84459,
            "value": 0
        },
        "http_reqs": {
            "count": 84459,
            "rate": 832.1368719977052
        },
        "http_req_duration": {
            "avg": 187.53855116683906,
            "min": 0.321,
            "med": 4.355,
            "max": 5443.301,
            "p(90)": 505.8152,
            "p(95)": 548.5155999999998
        },
        "http_req_sending": {
            "p(95)": 0.075,
            "avg": 0.20045296534408147,
            "min": 0.002,
            "med": 0.011,
            "max": 97.07,
            "p(90)": 0.043
        },
        "vus": {
            "value": 165,
            "min": 165,
            "max": 1000
        },
        "http_req_receiving": {
            "med": 0.022,
            "max": 698.013,
            "p(90)": 0.086,
            "p(95)": 0.143,
            "avg": 0.1799687422299657,
            "min": 0.005
        }
    }
}