{
    "metrics": {
        "http_req_sending": {
            "avg": 0.08616541882789913,
            "min": 0.003,
            "med": 0.011,
            "max": 56.416,
            "p(90)": 0.04,
            "p(95)": 0.06434999999999622
        },
        "http_req_blocked": {
            "avg": 1.3462126293801386,
            "min": 0.05,
            "med": 0.166,
            "max": 213.376,
            "p(90)": 0.386,
            "p(95)": 0.724
        },
        "http_req_connecting": {
            "avg": 1.1592207735818012,
            "min": 0.043,
            "med": 0.146,
            "max": 185.43,
            "p(90)": 0.334,
            "p(95)": 0.619
        },
        "data_sent": {
            "count": 6098709,
            "rate": 60084.66045916565
        },
        "data_received": {
            "count": 8947227,
            "rate": 88148.34358322053
        },
        "http_req_duration{expected_response:true}": {
            "min": 0.274,
            "med": 4.379,
            "max": 14218.13,
            "p(90)": 504.786,
            "p(95)": 518.973,
            "avg": 178.4057204234192
        },
        "http_req_receiving": {
            "p(90)": 0.081,
            "p(95)": 0.132,
            "avg": 0.1943897598986049,
            "min": 0,
            "med": 0.021,
            "max": 928.798
        },
        "vus": {
            "max": 1000,
            "value": 216,
            "min": 216
        },
        "http_req_waiting": {
            "p(90)": 504.70070000000004,
            "p(95)": 518.6863500000001,
            "avg": 178.33555113009461,
            "min": 0.249,
            "med": 4.326,
            "max": 14218.058
        },
        "checks": {
            "passes": 85211,
            "fails": 3,
            "value": 0.9999647945173328
        },
        "vus_max": {
            "value": 1000,
            "min": 1000,
            "max": 1000
        },
        "http_req_duration": {
            "max": 14218.13,
            "p(90)": 504.789,
            "p(95)": 519.0157499999999,
            "avg": 178.61610630882217,
            "min": 0.274,
            "med": 4.379
        },
        "http_req_tls_handshaking": {
            "avg": 0,
            "min": 0,
            "med": 0,
            "max": 0,
            "p(90)": 0,
            "p(95)": 0
        },
        "iterations": {
            "count": 85214,
            "rate": 839.5308345368408
        },
        "iteration_duration": {
            "p(95)": 1520.0952602,
            "avg": 1180.3290506067963,
            "min": 1000.5235,
            "med": 1004.898854,
            "max": 15222.385167,
            "p(90)": 1505.4475963
        },
        "http_req_failed": {
            "fails": 85211,
            "passes": 3,
            "value": 0.00003520548266716737
        },
        "http_reqs": {
            "count": 85214,
            "rate": 839.5308345368408
        }
    },
    "root_group": {
        "id": "d41d8cd98f00b204e9800998ecf8427e",
        "groups": {},
        "checks": {
                "status is 200": {
                    "name": "status is 200",
                    "path": "::status is 200",
                    "id": "6210a8cd14cd70477eba5c5e4cb3fb5f",
                    "passes": 85211,
                    "fails": 3
                }
            },
        "name": "",
        "path": ""
    }
}