{
    "root_group": {
        "name": "",
        "path": "",
        "id": "d41d8cd98f00b204e9800998ecf8427e",
        "groups": {},
        "checks": {
                "status is 200": {
                    "passes": 88005,
                    "fails": 0,
                    "name": "status is 200",
                    "path": "::status is 200",
                    "id": "6210a8cd14cd70477eba5c5e4cb3fb5f"
                }
            }
    },
    "metrics": {
        "http_req_tls_handshaking": {
            "p(95)": 0,
            "avg": 0,
            "min": 0,
            "med": 0,
            "max": 0,
            "p(90)": 0
        },
        "http_req_blocked": {
            "min": 0.069,
            "med": 0.165,
            "max": 167.091,
            "p(90)": 0.359,
            "p(95)": 0.608,
            "avg": 1.3030629396056663
        },
        "http_req_waiting": {
            "avg": 140.9821266064451,
            "min": 0.302,
            "med": 4.3,
            "max": 4496.975,
            "p(90)": 503.702,
            "p(95)": 509.9786
        },
        "iteration_duration": {
            "avg": 1142.7969072992817,
            "min": 1000.536083,
            "med": 1004.863875,
            "max": 5640.573292,
            "p(90)": 1504.4595004,
            "p(95)": 1511.4103916
        },
        "http_req_sending": {
            "avg": 0.11781887392759492,
            "min": 0.003,
            "med": 0.011,
            "max": 105.554,
            "p(90)": 0.039,
            "p(95)": 0.061
        },
        "data_sent": {
            "count": 6297832,
            "rate": 62055.29587696099
        },
        "http_req_duration": {
            "max": 4513.289,
            "p(90)": 503.7806,
            "p(95)": 510.1176,
            "avg": 141.1652590989148,
            "min": 0.348,
            "med": 4.351
        },
        "http_req_duration{expected_response:true}": {
            "p(95)": 510.1176,
            "avg": 141.1652590989148,
            "min": 0.348,
            "med": 4.351,
            "max": 4513.289,
            "p(90)": 503.7806
        },
        "http_req_connecting": {
            "avg": 1.2626884495199335,
            "min": 0.057,
            "med": 0.144,
            "max": 166.692,
            "p(90)": 0.31260000000000193,
            "p(95)": 0.515
        },
        "http_req_receiving": {
            "avg": 0.06531361854440168,
            "min": 0.004,
            "med": 0.021,
            "max": 194.193,
            "p(90)": 0.078,
            "p(95)": 0.13
        },
        "checks": {
            "passes": 88005,
            "fails": 0,
            "value": 1
        },
        "vus": {
            "value": 189,
            "min": 189,
            "max": 1000
        },
        "vus_max": {
            "max": 1000,
            "value": 1000,
            "min": 1000
        },
        "iterations": {
            "count": 88005,
            "rate": 867.151793450818
        },
        "data_received": {
            "count": 9240525,
            "rate": 91050.93831233589
        },
        "http_req_failed": {
            "passes": 0,
            "fails": 88005,
            "value": 0
        },
        "http_reqs": {
            "count": 88005,
            "rate": 867.151793450818
        }
    }
}