{
    "root_group": {
        "name": "",
        "path": "",
        "id": "d41d8cd98f00b204e9800998ecf8427e",
        "groups": {},
        "checks": {
                "status is 200": {
                    "path": "::status is 200",
                    "id": "6210a8cd14cd70477eba5c5e4cb3fb5f",
                    "passes": 86007,
                    "fails": 0,
                    "name": "status is 200"
                }
            }
    },
    "metrics": {
        "iteration_duration": {
            "max": 5831.720958,
            "p(90)": 1507.6992750000002,
            "p(95)": 1534.2720543999997,
            "avg": 1168.8522350999212,
            "min": 1000.48875,
            "med": 1005.966708
        },
        "http_req_duration{expected_response:true}": {
            "avg": 167.03421308730628,
            "min": 0.331,
            "med": 5.258,
            "max": 4678.641,
            "p(90)": 506.6524,
            "p(95)": 532.3596
        },
        "http_req_sending": {
            "avg": 0.1396631088166912,
            "min": 0.003,
            "med": 0.011,
            "max": 68.373,
            "p(90)": 0.046,
            "p(95)": 0.079
        },
        "http_req_duration": {
            "avg": 167.03421308730628,
            "min": 0.331,
            "med": 5.258,
            "max": 4678.641,
            "p(90)": 506.6524,
            "p(95)": 532.3596
        },
        "http_req_blocked": {
            "p(90)": 0.401,
            "p(95)": 0.794,
            "avg": 1.3748616507958304,
            "min": 0.047,
            "med": 0.164,
            "max": 183.865
        },
        "iterations": {
            "count": 86007,
            "rate": 847.4395407503758
        },
        "http_reqs": {
            "count": 86007,
            "rate": 847.4395407503758
        },
        "checks": {
            "passes": 86007,
            "fails": 0,
            "value": 1
        },
        "data_sent": {
            "count": 6152781,
            "rate": 60624.25040959036
        },
        "vus": {
            "max": 1000,
            "value": 137,
            "min": 137
        },
        "vus_max": {
            "min": 1000,
            "max": 1000,
            "value": 1000
        },
        "http_req_connecting": {
            "avg": 1.298160382294469,
            "min": 0.041,
            "med": 0.142,
            "max": 178.374,
            "p(90)": 0.34,
            "p(95)": 0.653
        },
        "http_req_failed": {
            "passes": 0,
            "fails": 86007,
            "value": 0
        },
        "http_req_tls_handshaking": {
            "max": 0,
            "p(90)": 0,
            "p(95)": 0,
            "avg": 0,
            "min": 0,
            "med": 0
        },
        "http_req_waiting": {
            "avg": 166.73626880370423,
            "min": 0.251,
            "med": 5.185,
            "max": 4676.097,
            "p(90)": 506.5464,
            "p(95)": 531.7925999999999
        },
        "data_received": {
            "count": 9030735,
            "rate": 88981.15177878946
        },
        "http_req_receiving": {
            "avg": 0.15828117478810505,
            "min": 0.004,
            "med": 0.022,
            "max": 592.067,
            "p(90)": 0.09,
            "p(95)": 0.152
        }
    }
}