{
    "root_group": {
        "checks": {
            "status is 200": {
                "name": "status is 200",
                "path": "::status is 200",
                "id": "6210a8cd14cd70477eba5c5e4cb3fb5f",
                "passes": 85275,
                "fails": 0
            }
        },
        "name": "",
        "path": "",
        "id": "d41d8cd98f00b204e9800998ecf8427e",
        "groups": {}
    },
    "metrics": {
        "http_reqs": {
            "count": 85275,
            "rate": 840.142187821488
        },
        "http_req_blocked": {
            "min": 0.055,
            "med": 0.159,
            "max": 467.504,
            "p(90)": 0.376,
            "p(95)": 0.7802999999999962,
            "avg": 2.262930225740228
        },
        "http_req_tls_handshaking": {
            "avg": 0,
            "min": 0,
            "med": 0,
            "max": 0,
            "p(90)": 0,
            "p(95)": 0
        },
        "data_sent": {
            "count": 6102276,
            "rate": 60120.54540405228
        },
        "http_req_connecting": {
            "med": 0.137,
            "max": 428.394,
            "p(90)": 0.317,
            "p(95)": 0.65,
            "avg": 2.083174412195736,
            "min": 0.047
        },
        "vus": {
            "value": 263,
            "min": 263,
            "max": 1000
        },
        "iterations": {
            "count": 85275,
            "rate": 840.142187821488
        },
        "vus_max": {
            "value": 1000,
            "min": 1000,
            "max": 1000
        },
        "http_req_duration": {
            "min": 0.329,
            "med": 4.681,
            "max": 5044.99,
            "p(90)": 506.1076,
            "p(95)": 535.4553000000001,
            "avg": 174.8674261858651
        },
        "data_received": {
            "count": 8953875,
            "rate": 88214.92972125624
        },
        "http_req_duration{expected_response:true}": {
            "avg": 174.8674261858651,
            "min": 0.329,
            "med": 4.681,
            "max": 5044.99,
            "p(90)": 506.1076,
            "p(95)": 535.4553000000001
        },
        "http_req_waiting": {
            "avg": 174.65316191146246,
            "min": 0.299,
            "med": 4.618,
            "max": 5044.747,
            "p(90)": 506.0108,
            "p(95)": 534.6901
        },
        "http_req_receiving": {
            "avg": 0.13598549399004028,
            "min": 0.004,
            "med": 0.022,
            "max": 905.72,
            "p(90)": 0.087,
            "p(95)": 0.143
        },
        "iteration_duration": {
            "p(90)": 1507.2156996,
            "p(95)": 1542.7921204999998,
            "avg": 1177.6469949446948,
            "min": 1000.505667,
            "med": 1005.322625,
            "max": 6045.737708
        },
        "http_req_sending": {
            "avg": 0.07827878041630879,
            "min": 0.003,
            "med": 0.011,
            "max": 57.507,
            "p(90)": 0.043,
            "p(95)": 0.069
        },
        "checks": {
            "passes": 85275,
            "fails": 0,
            "value": 1
        },
        "http_req_failed": {
            "passes": 0,
            "fails": 85275,
            "value": 0
        }
    }
}