{
    "metrics": {
        "http_req_failed": {
            "passes": 0,
            "fails": 88272,
            "value": 0
        },
        "iterations": {
            "count": 88272,
            "rate": 869.7364267660439
        },
        "vus_max": {
            "value": 1000,
            "min": 1000,
            "max": 1000
        },
        "http_req_duration": {
            "avg": 138.6360606081191,
            "min": 0.162,
            "med": 2.6745,
            "max": 740.86,
            "p(90)": 502.115,
            "p(95)": 505.01145
        },
        "data_sent": {
            "count": 6315144,
            "rate": 62222.5708840065
        },
        "http_req_receiving": {
            "avg": 0.02599422240348075,
            "min": 0.003,
            "med": 0.012,
            "max": 14.954,
            "p(90)": 0.051,
            "p(95)": 0.072
        },
        "http_req_waiting": {
            "avg": 138.531087683522,
            "min": 0.151,
            "med": 2.6045,
            "max": 740.549,
            "p(90)": 502.075,
            "p(95)": 504.945
        },
        "http_req_duration{expected_response:true}": {
            "min": 0.162,
            "med": 2.6745,
            "max": 740.86,
            "p(90)": 502.115,
            "p(95)": 505.01145,
            "avg": 138.6360606081191
        },
        "http_req_sending": {
            "max": 52.192,
            "p(90)": 0.027,
            "p(95)": 0.056,
            "avg": 0.07897870219319082,
            "min": 0.001,
            "med": 0.006
        },
        "vus": {
            "value": 209,
            "min": 209,
            "max": 1000
        },
        "http_req_blocked": {
            "min": 0,
            "med": 0.002,
            "max": 76.801,
            "p(90)": 0.009,
            "p(95)": 0.019,
            "avg": 0.3146495717785172
        },
        "data_received": {
            "count": 9268560,
            "rate": 91322.32481043461
        },
        "http_reqs": {
            "count": 88272,
            "rate": 869.7364267660439
        },
        "checks": {
            "passes": 88272,
            "fails": 0,
            "value": 1
        },
        "http_req_connecting": {
            "avg": 0.2963070849193398,
            "min": 0,
            "med": 0,
            "max": 71.798,
            "p(90)": 0,
            "p(95)": 0
        },
        "iteration_duration": {
            "avg": 1139.4610787265635,
            "min": 1000.201125,
            "med": 1003.5461045,
            "max": 1800.579667,
            "p(90)": 1502.5036625,
            "p(95)": 1506.0901603
        },
        "http_req_tls_handshaking": {
            "max": 0,
            "p(90)": 0,
            "p(95)": 0,
            "avg": 0,
            "min": 0,
            "med": 0
        }
    },
    "root_group": {
        "name": "",
        "path": "",
        "id": "d41d8cd98f00b204e9800998ecf8427e",
        "groups": {},
        "checks": {
                "status is 200": {
                    "name": "status is 200",
                    "path": "::status is 200",
                    "id": "6210a8cd14cd70477eba5c5e4cb3fb5f",
                    "passes": 88272,
                    "fails": 0
                }
            }
    }
}