{
    "metrics": {
        "http_req_tls_handshaking": {
            "avg": 0,
            "min": 0,
            "med": 0,
            "max": 0,
            "p(90)": 0,
            "p(95)": 0
        },
        "http_req_receiving": {
            "max": 270.248,
            "p(90)": 0.089,
            "p(95)": 0.15,
            "avg": 0.087050426705107,
            "min": 0.004,
            "med": 0.022
        },
        "data_sent": {
            "count": 6252450,
            "rate": 61598.54998070455
        },
        "http_req_connecting": {
            "avg": 1.3787025419269119,
            "min": 0.049,
            "med": 0.165,
            "max": 222.184,
            "p(90)": 0.363,
            "p(95)": 0.634
        },
        "http_req_blocked": {
            "min": 0.059,
            "med": 0.187,
            "max": 236.096,
            "p(90)": 0.415,
            "p(95)": 0.744,
            "avg": 1.5416444505456948
        },
        "vus_max": {
            "min": 1000,
            "max": 1000,
            "value": 1000
        },
        "http_reqs": {
            "count": 87414,
            "rate": 861.1945154320798
        },
        "http_req_sending": {
            "med": 0.011,
            "max": 22.175,
            "p(90)": 0.042,
            "p(95)": 0.067,
            "avg": 0.04024688265037977,
            "min": 0.003
        },
        "http_req_waiting": {
            "max": 1867.57,
            "p(90)": 505.1467,
            "p(95)": 517.33755,
            "avg": 148.97508774338212,
            "min": 0.301,
            "med": 4.8205
        },
        "checks": {
            "passes": 87414,
            "fails": 0,
            "value": 1
        },
        "data_received": {
            "count": 9178470,
            "rate": 90425.42412036838
        },
        "http_req_duration{expected_response:true}": {
            "avg": 149.10238505273495,
            "min": 0.331,
            "med": 4.8785,
            "max": 1867.82,
            "p(90)": 505.21770000000004,
            "p(95)": 517.5405999999999
        },
        "vus": {
            "value": 262,
            "min": 262,
            "max": 1000
        },
        "iteration_duration": {
            "avg": 1151.06101548379,
            "min": 1000.51425,
            "med": 1005.5553545,
            "max": 3102.310792,
            "p(90)": 1506.1609795,
            "p(95)": 1518.7988706
        },
        "http_req_failed": {
            "passes": 0,
            "fails": 87414,
            "value": 0
        },
        "iterations": {
            "count": 87414,
            "rate": 861.1945154320798
        },
        "http_req_duration": {
            "p(95)": 517.5405999999999,
            "avg": 149.10238505273495,
            "min": 0.331,
            "med": 4.8785,
            "max": 1867.82,
            "p(90)": 505.21770000000004
        }
    },
    "root_group": {
        "name": "",
        "path": "",
        "id": "d41d8cd98f00b204e9800998ecf8427e",
        "groups": {},
        "checks": {
                "status is 200": {
                    "name": "status is 200",
                    "path": "::status is 200",
                    "id": "6210a8cd14cd70477eba5c5e4cb3fb5f",
                    "passes": 87414,
                    "fails": 0
                }
            }
    }
}