{
    "root_group": {
        "name": "",
        "path": "",
        "id": "d41d8cd98f00b204e9800998ecf8427e",
        "groups": {},
        "checks": {
                "status is 200": {
                    "path": "::status is 200",
                    "id": "6210a8cd14cd70477eba5c5e4cb3fb5f",
                    "passes": 87211,
                    "fails": 0,
                    "name": "status is 200"
                }
            }
    },
    "metrics": {
        "http_req_duration{expected_response:true}": {
            "p(90)": 504.431,
            "p(95)": 513.9064999999999,
            "avg": 151.6243264381801,
            "min": 0.325,
            "med": 4.5,
            "max": 1825.079
        },
        "http_req_waiting": {
            "med": 4.447,
            "max": 1824.805,
            "p(90)": 504.349,
            "p(95)": 513.805,
            "avg": 151.46829374735128,
            "min": 0.304
        },
        "http_req_failed": {
            "passes": 0,
            "fails": 87211,
            "value": 0
        },
        "iterations": {
            "rate": 859.2586272306194,
            "count": 87211
        },
        "http_reqs": {
            "count": 87211,
            "rate": 859.2586272306194
        },
        "data_received": {
            "count": 9157155,
            "rate": 90222.15585921504
        },
        "http_req_connecting": {
            "avg": 0.7768112050085372,
            "min": 0.039,
            "med": 0.147,
            "max": 95.285,
            "p(90)": 0.329,
            "p(95)": 0.634
        },
        "http_req_duration": {
            "min": 0.325,
            "med": 4.5,
            "max": 1825.079,
            "p(90)": 504.431,
            "p(95)": 513.9064999999999,
            "avg": 151.6243264381801
        },
        "iteration_duration": {
            "avg": 1152.8912885203806,
            "min": 1000.5125,
            "med": 1005.058833,
            "max": 2908.769041,
            "p(90)": 1505.156166,
            "p(95)": 1515.063625
        },
        "http_req_receiving": {
            "p(95)": 0.135,
            "avg": 0.09640166951417148,
            "min": 0.005,
            "med": 0.021,
            "max": 377.754,
            "p(90)": 0.082
        },
        "checks": {
            "passes": 87211,
            "fails": 0,
            "value": 1
        },
        "http_req_tls_handshaking": {
            "min": 0,
            "med": 0,
            "max": 0,
            "p(90)": 0,
            "p(95)": 0,
            "avg": 0
        },
        "http_req_sending": {
            "avg": 0.059631021316123446,
            "min": 0.003,
            "med": 0.011,
            "max": 23.428,
            "p(90)": 0.041,
            "p(95)": 0.065
        },
        "http_req_blocked": {
            "med": 0.168,
            "max": 110.589,
            "p(90)": 0.382,
            "p(95)": 0.7254999999999961,
            "avg": 0.9277426242102531,
            "min": 0.047
        },
        "vus": {
            "value": 214,
            "min": 214,
            "max": 1000
        },
        "data_sent": {
            "rate": 61492.122296687936,
            "count": 6241182
        },
        "vus_max": {
            "min": 1000,
            "max": 1000,
            "value": 1000
        }
    }
}