{
    "metrics": {
        "http_req_duration": {
            "avg": 141.170043517288,
            "min": 0.326,
            "med": 4.311,
            "max": 3008.559,
            "p(90)": 503.982,
            "p(95)": 510.267
        },
        "http_req_duration{expected_response:true}": {
            "min": 0.326,
            "med": 4.311,
            "max": 3008.559,
            "p(90)": 503.982,
            "p(95)": 510.267,
            "avg": 141.170043517288
        },
        "data_sent": {
            "count": 6297487,
            "rate": 62040.99237853282
        },
        "http_req_waiting": {
            "p(95)": 510.16499999999996,
            "avg": 140.9444241856146,
            "min": 0.291,
            "med": 4.256,
            "max": 3008.478,
            "p(90)": 503.913
        },
        "http_req_blocked": {
            "max": 180.893,
            "p(90)": 0.369,
            "p(95)": 0.613,
            "avg": 1.6450063855654018,
            "min": 0.05,
            "med": 0.172
        },
        "data_received": {
            "count": 9241155,
            "rate": 91041.14497161176
        },
        "http_req_failed": {
            "passes": 0,
            "fails": 88011,
            "value": 0
        },
        "http_reqs": {
            "count": 88011,
            "rate": 867.0585235391598
        },
        "vus": {
            "value": 219,
            "min": 219,
            "max": 1000
        },
        "iterations": {
            "count": 88011,
            "rate": 867.0585235391598
        },
        "http_req_receiving": {
            "avg": 0.06879403710899819,
            "min": 0.004,
            "med": 0.021,
            "max": 582.26,
            "p(90)": 0.078,
            "p(95)": 0.123
        },
        "checks": {
            "passes": 88011,
            "fails": 0,
            "value": 1
        },
        "vus_max": {
            "value": 1000,
            "min": 1000,
            "max": 1000
        },
        "http_req_connecting": {
            "p(90)": 0.326,
            "p(95)": 0.529,
            "avg": 1.3740274511140764,
            "min": 0.042,
            "med": 0.151,
            "max": 170.683
        },
        "http_req_sending": {
            "min": 0.003,
            "med": 0.011,
            "max": 76.231,
            "p(90)": 0.039,
            "p(95)": 0.059,
            "avg": 0.1568252945654274
        },
        "http_req_tls_handshaking": {
            "avg": 0,
            "min": 0,
            "med": 0,
            "max": 0,
            "p(90)": 0,
            "p(95)": 0
        },
        "iteration_duration": {
            "med": 1004.872666,
            "max": 4009.402917,
            "p(90)": 1504.760167,
            "p(95)": 1511.6442915,
            "avg": 1143.159273867523,
            "min": 1000.520209
        }
    },
    "root_group": {
        "path": "",
        "id": "d41d8cd98f00b204e9800998ecf8427e",
        "groups": {},
        "checks": {
                "status is 200": {
                    "name": "status is 200",
                    "path": "::status is 200",
                    "id": "6210a8cd14cd70477eba5c5e4cb3fb5f",
                    "passes": 88011,
                    "fails": 0
                }
            },
        "name": ""
    }
}