{
    "metrics": {
        "http_req_tls_handshaking": {
            "avg": 0,
            "min": 0,
            "med": 0,
            "max": 0,
            "p(90)": 0,
            "p(95)": 0
        },
        "vus_max": {
            "value": 1000,
            "min": 1000,
            "max": 1000
        },
        "checks": {
            "passes": 87826,
            "fails": 0,
            "value": 1
        },
        "http_req_sending": {
            "med": 0.011,
            "max": 81.912,
            "p(90)": 0.041,
            "p(95)": 0.062,
            "avg": 0.10868357889462456,
            "min": 0.003
        },
        "vus": {
            "min": 228,
            "max": 1000,
            "value": 228
        },
        "http_req_duration": {
            "avg": 143.69293224102162,
            "min": 0.341,
            "med": 4.2835,
            "max": 4610.009,
            "p(90)": 504.2945,
            "p(95)": 510.8515
        },
        "http_reqs": {
            "count": 87826,
            "rate": 865.1099651830325
        },
        "http_req_waiting": {
            "avg": 143.50377127502193,
            "min": 0.316,
            "med": 4.223,
            "max": 4609.423,
            "p(90)": 504.2235,
            "p(95)": 510.76725
        },
        "http_req_failed": {
            "passes": 0,
            "fails": 87826,
            "value": 0
        },
        "iteration_duration": {
            "avg": 1144.6899634853764,
            "min": 1000.536083,
            "med": 1004.914896,
            "max": 5676.785792,
            "p(90)": 1504.973312,
            "p(95)": 1511.8655105
        },
        "data_sent": {
            "count": 6282927,
            "rate": 61888.53822578205
        },
        "http_req_connecting": {
            "avg": 0.4583481087605072,
            "min": 0.046,
            "med": 0.161,
            "max": 75.666,
            "p(90)": 0.349,
            "p(95)": 0.576
        },
        "data_received": {
            "count": 9221730,
            "rate": 90836.54634421841
        },
        "iterations": {
            "count": 87826,
            "rate": 865.1099651830325
        },
        "http_req_duration{expected_response:true}": {
            "p(95)": 510.8515,
            "avg": 143.69293224102162,
            "min": 0.341,
            "med": 4.2835,
            "max": 4610.009,
            "p(90)": 504.2945
        },
        "http_req_blocked": {
            "avg": 0.5429340514198553,
            "min": 0.053,
            "med": 0.182,
            "max": 128.445,
            "p(90)": 0.397,
            "p(95)": 0.658
        },
        "http_req_receiving": {
            "med": 0.022,
            "max": 220.689,
            "p(90)": 0.084,
            "p(95)": 0.136,
            "avg": 0.0804773871063253,
            "min": 0.005
        }
    },
    "root_group": {
        "name": "",
        "path": "",
        "id": "d41d8cd98f00b204e9800998ecf8427e",
        "groups": {},
        "checks": {
                "status is 200": {
                    "name": "status is 200",
                    "path": "::status is 200",
                    "id": "6210a8cd14cd70477eba5c5e4cb3fb5f",
                    "passes": 87826,
                    "fails": 0
                }
            }
    }
}