{
    "root_group": {
        "checks": {
            "status is 200": {
                "fails": 136,
                "name": "status is 200",
                "path": "::status is 200",
                "id": "6210a8cd14cd70477eba5c5e4cb3fb5f",
                "passes": 83983
            }
        },
        "name": "",
        "path": "",
        "id": "d41d8cd98f00b204e9800998ecf8427e",
        "groups": {}
    },
    "metrics": {
        "http_req_tls_handshaking": {
            "min": 0,
            "med": 0,
            "max": 0,
            "p(90)": 0,
            "p(95)": 0,
            "avg": 0
        },
        "http_req_sending": {
            "max": 61.962,
            "p(90)": 0.045,
            "p(95)": 0.074,
            "avg": 0.07344836481651493,
            "min": 0.003,
            "med": 0.012
        },
        "http_req_connecting": {
            "avg": 0.32794730084761115,
            "min": 0.041,
            "med": 0.143,
            "max": 64.412,
            "p(90)": 0.321,
            "p(95)": 0.568
        },
        "http_req_receiving": {
            "avg": 0.15352271187247893,
            "min": 0,
            "med": 0.023,
            "max": 481.066,
            "p(90)": 0.09,
            "p(95)": 0.147
        },
        "data_received": {
            "count": 8819835,
            "rate": 86890.63379667136
        },
        "http_req_blocked": {
            "avg": 0.41671184869054917,
            "min": 0.051,
            "med": 0.165,
            "max": 216.942,
            "p(90)": 0.381,
            "p(95)": 0.699
        },
        "vus_max": {
            "value": 1000,
            "min": 1000,
            "max": 1000
        },
        "iteration_duration": {
            "med": 1006.348958,
            "max": 13181.079958,
            "p(90)": 1508.071592,
            "p(95)": 1536.8847624999999,
            "avg": 1193.7666394037017,
            "min": 1000.515291
        },
        "vus": {
            "value": 220,
            "min": 220,
            "max": 1000
        },
        "http_req_failed": {
            "passes": 136,
            "fails": 83983,
            "value": 0.001616757212995875
        },
        "http_req_duration": {
            "p(90)": 507.1222,
            "p(95)": 535.1961,
            "avg": 192.87532641852493,
            "min": 0.323,
            "med": 5.579,
            "max": 12180.846
        },
        "data_sent": {
            "count": 6017829,
            "rate": 59286.026993701016
        },
        "http_req_waiting": {
            "avg": 192.64835534183976,
            "min": 0.297,
            "med": 5.506,
            "max": 12180.785,
            "p(90)": 507.00100000000003,
            "p(95)": 534.8783999999999
        },
        "http_reqs": {
            "count": 84119,
            "rate": 828.7176828525928
        },
        "http_req_duration{expected_response:true}": {
            "p(95)": 532.2119,
            "avg": 189.08557824797774,
            "min": 0.323,
            "med": 5.553,
            "max": 12180.846,
            "p(90)": 506.9226
        },
        "iterations": {
            "count": 84119,
            "rate": 828.7176828525928
        },
        "checks": {
            "passes": 83983,
            "fails": 136,
            "value": 0.9983832427870041
        }
    }
}