{
    "root_group": {
        "groups": {},
        "checks": {
                "status is 200": {
                    "name": "status is 200",
                    "path": "::status is 200",
                    "id": "6210a8cd14cd70477eba5c5e4cb3fb5f",
                    "passes": 88944,
                    "fails": 0
                }
            },
        "name": "",
        "path": "",
        "id": "d41d8cd98f00b204e9800998ecf8427e"
    },
    "metrics": {
        "data_received": {
            "count": 9339120,
            "rate": 92011.02541763296
        },
        "iterations": {
            "count": 88944,
            "rate": 876.295480167933
        },
        "http_req_waiting": {
            "avg": 128.47134726344433,
            "min": 0.148,
            "med": 0.575,
            "max": 643.852,
            "p(90)": 501.361,
            "p(95)": 501.868
        },
        "http_req_receiving": {
            "avg": 0.03341272036337826,
            "min": 0.003,
            "med": 0.01,
            "max": 123.449,
            "p(90)": 0.028,
            "p(95)": 0.044
        },
        "http_reqs": {
            "count": 88944,
            "rate": 876.295480167933
        },
        "http_req_connecting": {
            "p(95)": 0,
            "avg": 0.1303292521136895,
            "min": 0,
            "med": 0,
            "max": 59.464,
            "p(90)": 0
        },
        "checks": {
            "fails": 0,
            "passes": 88944,
            "value": 1
        },
        "http_req_blocked": {
            "avg": 0.19405120075586108,
            "min": 0,
            "med": 0.001,
            "max": 127.658,
            "p(90)": 0.004,
            "p(95)": 0.006
        },
        "http_req_sending": {
            "p(95)": 0.016,
            "avg": 0.2879109889374695,
            "min": 0.001,
            "med": 0.004,
            "max": 171.469,
            "p(90)": 0.01
        },
        "data_sent": {
            "count": 6363882,
            "rate": 62698.33865040998
        },
        "http_req_failed": {
            "passes": 0,
            "fails": 88944,
            "value": 0
        },
        "iteration_duration": {
            "max": 1729.682375,
            "p(90)": 1501.5954167,
            "p(95)": 1502.1662251,
            "avg": 1129.2109615961188,
            "min": 1000.219459,
            "med": 1000.8753955
        },
        "http_req_duration{expected_response:true}": {
            "avg": 128.7926709727474,
            "min": 0.157,
            "med": 0.6,
            "max": 708.229,
            "p(90)": 501.384,
            "p(95)": 501.892
        },
        "vus_max": {
            "value": 1000,
            "min": 1000,
            "max": 1000
        },
        "http_req_duration": {
            "avg": 128.7926709727474,
            "min": 0.157,
            "med": 0.6,
            "max": 708.229,
            "p(90)": 501.384,
            "p(95)": 501.892
        },
        "http_req_tls_handshaking": {
            "p(90)": 0,
            "p(95)": 0,
            "avg": 0,
            "min": 0,
            "med": 0,
            "max": 0
        },
        "vus": {
            "min": 204,
            "max": 1000,
            "value": 204
        }
    }
}