{
    "root_group": {
        "groups": {},
        "checks": {
                "status is 200": {
                    "name": "status is 200",
                    "path": "::status is 200",
                    "id": "6210a8cd14cd70477eba5c5e4cb3fb5f",
                    "passes": 22156,
                    "fails": 4115
                }
            },
        "name": "",
        "path": "",
        "id": "d41d8cd98f00b204e9800998ecf8427e"
    },
    "metrics": {
        "http_req_connecting": {
            "p(90)": 0.872,
            "p(95)": 5.964999999999998,
            "avg": 2.6819029728598007,
            "min": 0.037,
            "med": 0.19,
            "max": 148.859
        },
        "http_req_duration{expected_response:true}": {
            "avg": 1911.3931436631096,
            "min": 3.255,
            "med": 993.4135,
            "max": 47796.529,
            "p(90)": 3791.3445000000006,
            "p(95)": 7136.7654999999995
        },
        "http_req_blocked": {
            "p(95)": 6.958999999999991,
            "avg": 2.828699173994114,
            "min": 0.046,
            "med": 0.235,
            "max": 149.268,
            "p(90)": 1.138
        },
        "http_req_failed": {
            "passes": 4115,
            "fails": 22156,
            "value": 0.15663659548551634
        },
        "checks": {
            "passes": 22156,
            "fails": 4115,
            "value": 0.8433634045144837
        },
        "http_req_sending": {
            "avg": 0.5073833504624963,
            "min": 0.003,
            "med": 0.022,
            "max": 73.406,
            "p(90)": 0.107,
            "p(95)": 0.4154999999999988
        },
        "data_sent": {
            "count": 2023945,
            "rate": 16202.984789386936
        },
        "http_req_waiting": {
            "avg": 2902.662197251711,
            "min": 3.217,
            "med": 1289.454,
            "max": 59989.836,
            "p(90)": 7290.243,
            "p(95)": 14985.4825
        },
        "vus": {
            "value": 14,
            "min": 14,
            "max": 1000
        },
        "data_received": {
            "rate": 19417.387277438873,
            "count": 2425462
        },
        "iteration_duration": {
            "p(95)": 16001.5506875,
            "avg": 3908.9092214297557,
            "min": 1003.772541,
            "med": 2293.722667,
            "max": 61044.855834,
            "p(90)": 8295.850875
        },
        "http_req_tls_handshaking": {
            "min": 0,
            "med": 0,
            "max": 0,
            "p(90)": 0,
            "p(95)": 0,
            "avg": 0
        },
        "http_reqs": {
            "count": 26271,
            "rate": 210.3162948607715
        },
        "http_req_receiving": {
            "avg": 1.6344735259411451,
            "min": 0,
            "med": 0.055,
            "max": 1084.196,
            "p(90)": 0.209,
            "p(95)": 0.524
        },
        "iterations": {
            "count": 26271,
            "rate": 210.3162948607715
        },
        "http_req_duration": {
            "avg": 2904.8040541281316,
            "min": 3.255,
            "med": 1290.167,
            "max": 59989.952,
            "p(90)": 7291.87,
            "p(95)": 14988.7325
        },
        "vus_max": {
            "value": 1000,
            "min": 1000,
            "max": 1000
        }
    }
}