{
    "root_group": {
        "name": "",
        "path": "",
        "id": "d41d8cd98f00b204e9800998ecf8427e",
        "groups": {},
        "checks": {
                "status is 200": {
                    "path": "::status is 200",
                    "id": "6210a8cd14cd70477eba5c5e4cb3fb5f",
                    "passes": 17692,
                    "fails": 4867,
                    "name": "status is 200"
                }
            }
    },
    "metrics": {
        "data_received": {
            "count": 1982807,
            "rate": 15876.24661585042
        },
        "iterations": {
            "count": 22559,
            "rate": 180.6289000427019
        },
        "http_req_duration{expected_response:true}": {
            "max": 51087.063,
            "p(90)": 4302.4426,
            "p(95)": 7279.382,
            "avg": 2095.3588013226413,
            "min": 8.095,
            "med": 986.332
        },
        "http_req_blocked": {
            "med": 0.254,
            "max": 273.335,
            "p(90)": 1.4182000000000003,
            "p(95)": 8.47899999999997,
            "avg": 6.829821800611769,
            "min": 0.065
        },
        "iteration_duration": {
            "min": 1008.879333,
            "med": 2436.406542,
            "max": 61064.7805,
            "p(90)": 9396.520674800002,
            "p(95)": 16006.9376744,
            "avg": 4543.275211836324
        },
        "http_req_duration": {
            "max": 60029.938,
            "p(90)": 8395.345000000003,
            "p(95)": 15000.4014,
            "avg": 3534.7963569307162,
            "min": 8.095,
            "med": 1416.694
        },
        "http_req_tls_handshaking": {
            "med": 0,
            "max": 0,
            "p(90)": 0,
            "p(95)": 0,
            "avg": 0,
            "min": 0
        },
        "http_req_sending": {
            "avg": 0.6244460747373712,
            "min": 0.003,
            "med": 0.026,
            "max": 177.136,
            "p(90)": 0.145,
            "p(95)": 0.542099999999999
        },
        "checks": {
            "passes": 17692,
            "fails": 4867,
            "value": 0.7842546212154794
        },
        "vus_max": {
            "value": 1000,
            "min": 1000,
            "max": 1000
        },
        "http_req_failed": {
            "passes": 4867,
            "fails": 17692,
            "value": 0.2157453787845206
        },
        "vus": {
            "min": 22,
            "max": 1000,
            "value": 22
        },
        "data_sent": {
            "count": 1738814,
            "rate": 13922.605620765578
        },
        "http_req_connecting": {
            "p(90)": 1.0832000000000004,
            "p(95)": 7.134299999999997,
            "avg": 6.43104149120077,
            "min": 0,
            "med": 0.203,
            "max": 260.205
        },
        "http_reqs": {
            "count": 22559,
            "rate": 180.6289000427019
        },
        "http_req_waiting": {
            "max": 60029.879,
            "p(90)": 8395.160600000001,
            "p(95)": 15000.326899999998,
            "avg": 3532.0597004299493,
            "min": 7.959,
            "med": 1413.656
        },
        "http_req_receiving": {
            "max": 787.366,
            "p(90)": 0.263,
            "p(95)": 0.787099999999999,
            "avg": 2.112210425994066,
            "min": 0,
            "med": 0.07
        }
    }
}