{
    "root_group": {
        "name": "",
        "path": "",
        "id": "d41d8cd98f00b204e9800998ecf8427e",
        "groups": {},
        "checks": {
                "status is 200": {
                    "name": "status is 200",
                    "path": "::status is 200",
                    "id": "6210a8cd14cd70477eba5c5e4cb3fb5f",
                    "passes": 36386,
                    "fails": 316
                }
            }
    },
    "metrics": {
        "data_sent": {
            "count": 2826054,
            "rate": 27602.709198093035
        },
        "http_reqs": {
            "rate": 358.47674283237706,
            "count": 36702
        },
        "http_req_sending": {
            "med": 0.027,
            "max": 24.138,
            "p(90)": 0.064,
            "p(95)": 0.1,
            "avg": 0.068333469565689,
            "min": 0.003
        },
        "http_req_failed": {
            "passes": 316,
            "fails": 36386,
            "value": 0.008609885019889924
        },
        "vus": {
            "value": 195,
            "min": 195,
            "max": 1000
        },
        "http_req_duration{expected_response:true}": {
            "avg": 1736.4951985928692,
            "min": 36.703,
            "med": 1679.479,
            "max": 14167.611,
            "p(90)": 2220.389,
            "p(95)": 2381.5765
        },
        "data_received": {
            "count": 3831906,
            "rate": 37427.09339327129
        },
        "http_req_connecting": {
            "max": 46.125,
            "p(90)": 0.366,
            "p(95)": 0.9299499999999984,
            "avg": 0.4177515394256478,
            "min": 0.05,
            "med": 0.173
        },
        "vus_max": {
            "value": 1000,
            "min": 1000,
            "max": 1000
        },
        "http_req_tls_handshaking": {
            "max": 0,
            "p(90)": 0,
            "p(95)": 0,
            "avg": 0,
            "min": 0,
            "med": 0
        },
        "iteration_duration": {
            "avg": 2756.2831559278843,
            "min": 1041.213375,
            "med": 2683.338646,
            "max": 15215.027417,
            "p(90)": 3266.4154911,
            "p(95)": 3407.4886979
        },
        "iterations": {
            "count": 36702,
            "rate": 358.47674283237706
        },
        "http_req_blocked": {
            "avg": 0.5911423083210661,
            "min": 0.061,
            "med": 0.215,
            "max": 156.509,
            "p(90)": 0.458,
            "p(95)": 1.164
        },
        "http_req_waiting": {
            "avg": 1754.4300224238407,
            "min": 34.936,
            "med": 1681.5985,
            "max": 14167.511,
            "p(90)": 2264.7998000000002,
            "p(95)": 2406.2948
        },
        "http_req_receiving": {
            "med": 0.066,
            "max": 196.966,
            "p(90)": 0.144,
            "p(95)": 0.227,
            "avg": 0.2116674840608131,
            "min": 0.006
        },
        "http_req_duration": {
            "p(95)": 2406.4659,
            "avg": 1754.710023377476,
            "min": 36.703,
            "med": 1681.8115,
            "max": 14167.611,
            "p(90)": 2265.0862
        },
        "checks": {
            "fails": 316,
            "passes": 36386,
            "value": 0.9913901149801101
        }
    }
}