{
    "root_group": {
        "name": "",
        "path": "",
        "id": "d41d8cd98f00b204e9800998ecf8427e",
        "groups": {},
        "checks": {
                "status is 200": {
                    "passes": 35135,
                    "fails": 0,
                    "name": "status is 200",
                    "path": "::status is 200",
                    "id": "6210a8cd14cd70477eba5c5e4cb3fb5f"
                }
            }
    },
    "metrics": {
        "http_req_failed": {
            "passes": 0,
            "fails": 35135,
            "value": 0
        },
        "vus": {
            "value": 371,
            "min": 371,
            "max": 1000
        },
        "http_req_duration{expected_response:true}": {
            "avg": 1880.3600218016238,
            "min": 172.908,
            "med": 1847.945,
            "max": 2941.403,
            "p(90)": 2064.3366,
            "p(95)": 2170.9312999999997
        },
        "iterations": {
            "count": 35135,
            "rate": 341.7481882239498
        },
        "checks": {
            "passes": 35135,
            "fails": 0,
            "value": 1
        },
        "http_req_sending": {
            "avg": 0.4485849437883126,
            "min": 0.002,
            "med": 0.012,
            "max": 93.185,
            "p(90)": 0.025,
            "p(95)": 0.043
        },
        "http_req_receiving": {
            "min": 0.006,
            "med": 0.033,
            "max": 11.111,
            "p(90)": 0.066,
            "p(95)": 0.088,
            "avg": 0.04894395901522444
        },
        "vus_max": {
            "value": 1000,
            "min": 1000,
            "max": 1000
        },
        "http_req_duration": {
            "avg": 1880.3600218016238,
            "min": 172.908,
            "med": 1847.945,
            "max": 2941.403,
            "p(90)": 2064.3366,
            "p(95)": 2170.9312999999997
        },
        "iteration_duration": {
            "p(95)": 3183.1436171,
            "avg": 2885.4652189284834,
            "min": 1245.248541,
            "med": 2848.824916,
            "max": 4178.93,
            "p(90)": 3065.6104414
        },
        "http_req_blocked": {
            "avg": 4.577832218582386,
            "min": 0,
            "med": 0.004,
            "max": 286.92,
            "p(90)": 0.011,
            "p(95)": 0.021
        },
        "http_req_connecting": {
            "avg": 3.3886999288458814,
            "min": 0,
            "med": 0,
            "max": 258.933,
            "p(90)": 0,
            "p(95)": 0
        },
        "http_req_waiting": {
            "p(90)": 2064.2698,
            "p(95)": 2170.8609,
            "avg": 1879.862492898812,
            "min": 172.691,
            "med": 1847.858,
            "max": 2937.106
        },
        "data_sent": {
            "count": 2705395,
            "rate": 26314.610493244134
        },
        "http_req_tls_handshaking": {
            "max": 0,
            "p(90)": 0,
            "p(95)": 0,
            "avg": 0,
            "min": 0,
            "med": 0
        },
        "http_reqs": {
            "count": 35135,
            "rate": 341.7481882239498
        },
        "data_received": {
            "rate": 35883.55976351473,
            "count": 3689175
        }
    }
}