{
    "root_group": {
        "name": "",
        "path": "",
        "id": "d41d8cd98f00b204e9800998ecf8427e",
        "groups": {},
        "checks": {
                "status is 200": {
                    "name": "status is 200",
                    "path": "::status is 200",
                    "id": "6210a8cd14cd70477eba5c5e4cb3fb5f",
                    "passes": 16691,
                    "fails": 7850
                }
            }
    },
    "metrics": {
        "http_req_blocked": {
            "max": 232.842,
            "p(90)": 1.511,
            "p(95)": 8.764,
            "avg": 5.046445295627713,
            "min": 0.05,
            "med": 0.257
        },
        "http_req_failed": {
            "fails": 16691,
            "passes": 7850,
            "value": 0.3198728658163889
        },
        "iteration_duration": {
            "avg": 4155.79659032378,
            "min": 2038.112375,
            "med": 4009.759167,
            "max": 48395.765541,
            "p(90)": 4332.782,
            "p(95)": 4886.035542
        },
        "http_req_connecting": {
            "avg": 4.67982547573452,
            "min": 0.04,
            "med": 0.205,
            "max": 193.585,
            "p(90)": 1.125,
            "p(95)": 7.108
        },
        "http_req_duration{expected_response:true}": {
            "avg": 3037.820767898855,
            "min": 918.319,
            "med": 2993.85,
            "max": 47263.903,
            "p(90)": 3104.73,
            "p(95)": 3381.7219999999998
        },
        "vus_max": {
            "min": 1000,
            "max": 1000,
            "value": 1000
        },
        "http_req_receiving": {
            "avg": 1.185369707835878,
            "min": 0,
            "med": 0.071,
            "max": 544.898,
            "p(90)": 0.27,
            "p(95)": 0.796
        },
        "http_req_tls_handshaking": {
            "max": 0,
            "p(90)": 0,
            "p(95)": 0,
            "avg": 0,
            "min": 0,
            "med": 0
        },
        "http_reqs": {
            "count": 24541,
            "rate": 235.81935194082325
        },
        "checks": {
            "fails": 7850,
            "passes": 16691,
            "value": 0.6801271341836111
        },
        "http_req_sending": {
            "avg": 0.256344199502887,
            "min": 0.003,
            "med": 0.026,
            "max": 60.088,
            "p(90)": 0.15,
            "p(95)": 0.578
        },
        "http_req_waiting": {
            "avg": 3147.252133042643,
            "min": 911.591,
            "med": 3008.141,
            "max": 47240.724,
            "p(90)": 3301.806,
            "p(95)": 3810.53
        },
        "iterations": {
            "count": 24541,
            "rate": 235.81935194082325
        },
        "http_req_duration": {
            "avg": 3148.6938469500233,
            "min": 918.319,
            "med": 3008.523,
            "max": 47263.903,
            "p(90)": 3302.814,
            "p(95)": 3812.116
        },
        "vus": {
            "value": 59,
            "min": 59,
            "max": 1000
        },
        "data_received": {
            "count": 2036809,
            "rate": 19572.10294638508
        },
        "data_sent": {
            "count": 1889657,
            "rate": 18158.09009944339
        }
    }
}