{
    "root_group": {
        "path": "",
        "id": "d41d8cd98f00b204e9800998ecf8427e",
        "groups": {},
        "checks": {
                "status is 200": {
                    "id": "6210a8cd14cd70477eba5c5e4cb3fb5f",
                    "passes": 22284,
                    "fails": 4348,
                    "name": "status is 200",
                    "path": "::status is 200"
                }
            },
        "name": ""
    },
    "metrics": {
        "http_req_tls_handshaking": {
            "p(90)": 0,
            "p(95)": 0,
            "avg": 0,
            "min": 0,
            "med": 0,
            "max": 0
        },
        "http_reqs": {
            "rate": 213.15302725800785,
            "count": 26632
        },
        "http_req_receiving": {
            "avg": 1.6046453514568817,
            "min": 0,
            "med": 0.059,
            "max": 409.657,
            "p(90)": 0.195,
            "p(95)": 0.406
        },
        "data_sent": {
            "count": 2050664,
            "rate": 16412.783098866603
        },
        "http_req_blocked": {
            "max": 252.675,
            "p(90)": 0.84,
            "p(95)": 3.1696999999999926,
            "avg": 4.7409675202763335,
            "min": 0.051,
            "med": 0.244
        },
        "http_req_duration": {
            "med": 1216.1795,
            "max": 60004.933,
            "p(90)": 7022.9366,
            "p(95)": 14987.5166,
            "avg": 2864.624003078992,
            "min": 4.046
        },
        "checks": {
            "passes": 22284,
            "fails": 4348,
            "value": 0.8367377590868128
        },
        "http_req_duration{expected_response:true}": {
            "avg": 1707.9291030784443,
            "min": 4.046,
            "med": 793.3545,
            "max": 49094.313,
            "p(90)": 3697.9553,
            "p(95)": 6073.640549999937
        },
        "iterations": {
            "count": 26628,
            "rate": 213.1210126849742
        },
        "vus": {
            "max": 1000,
            "value": 4,
            "min": 4
        },
        "vus_max": {
            "value": 1000,
            "min": 1000,
            "max": 1000
        },
        "data_received": {
            "count": 2449709,
            "rate": 19606.596922919314
        },
        "http_req_sending": {
            "avg": 0.43820163712828997,
            "min": 0.003,
            "med": 0.024,
            "max": 104.983,
            "p(90)": 0.084,
            "p(95)": 0.224
        },
        "iteration_duration": {
            "avg": 3862.287200619268,
            "min": 1004.400625,
            "med": 2220.352167,
            "max": 61038.622209,
            "p(90)": 8017.926400200001,
            "p(95)": 16001.9640522
        },
        "http_req_failed": {
            "passes": 4348,
            "fails": 22284,
            "value": 0.16326224091318714
        },
        "http_req_waiting": {
            "avg": 2862.581156090422,
            "min": 3.914,
            "med": 1214.4415,
            "max": 60004.918,
            "p(90)": 7022.7687000000005,
            "p(95)": 14973.285749999997
        },
        "http_req_connecting": {
            "avg": 4.3516660408530505,
            "min": 0.044,
            "med": 0.199,
            "max": 248.381,
            "p(90)": 0.69,
            "p(95)": 2.5333499999999964
        }
    }
}