{
    "root_group": {
        "name": "",
        "path": "",
        "id": "d41d8cd98f00b204e9800998ecf8427e",
        "groups": {},
        "checks": {
                "status is 200": {
                    "fails": 3487,
                    "name": "status is 200",
                    "path": "::status is 200",
                    "id": "6210a8cd14cd70477eba5c5e4cb3fb5f",
                    "passes": 20401
                }
            }
    },
    "metrics": {
        "http_req_sending": {
            "med": 0.023,
            "max": 498.675,
            "p(90)": 0.087,
            "p(95)": 0.19,
            "avg": 0.44849267414603516,
            "min": 0.003
        },
        "http_req_blocked": {
            "avg": 0.696577821500339,
            "min": 0.05,
            "med": 0.23,
            "max": 97.223,
            "p(90)": 0.724,
            "p(95)": 1.931649999999999
        },
        "iterations": {
            "count": 23888,
            "rate": 191.1855566995191
        },
        "http_req_duration{expected_response:true}": {
            "p(90)": 4195.669,
            "p(95)": 7371.387,
            "avg": 2045.661314788489,
            "min": 3.895,
            "med": 890.305,
            "max": 56688.674
        },
        "checks": {
            "passes": 20401,
            "fails": 3487,
            "value": 0.8540271265907569
        },
        "data_received": {
            "count": 2231633,
            "rate": 17860.683081631694
        },
        "vus": {
            "min": 10,
            "max": 1000,
            "value": 10
        },
        "http_req_failed": {
            "passes": 3487,
            "fails": 20401,
            "value": 0.14597287340924314
        },
        "http_req_receiving": {
            "med": 0.063,
            "max": 987.68,
            "p(90)": 0.224,
            "p(95)": 0.614,
            "avg": 2.0099637474882686,
            "min": 0
        },
        "iteration_duration": {
            "max": 61057.914459,
            "p(90)": 8290.9032329,
            "p(95)": 16000.69408915,
            "avg": 4301.426701513451,
            "min": 1004.253084,
            "med": 2210.229417
        },
        "http_req_connecting": {
            "max": 60.466,
            "p(90)": 0.5573000000000006,
            "p(95)": 1.499,
            "avg": 0.5417078030810435,
            "min": 0,
            "med": 0.184
        },
        "http_req_tls_handshaking": {
            "p(95)": 0,
            "avg": 0,
            "min": 0,
            "med": 0,
            "max": 0,
            "p(90)": 0
        },
        "http_reqs": {
            "count": 23888,
            "rate": 191.1855566995191
        },
        "data_sent": {
            "count": 1840223,
            "rate": 14728.066757629738
        },
        "http_req_waiting": {
            "p(95)": 14999.49095,
            "avg": 3296.8833041694534,
            "min": 3.864,
            "med": 1207.377,
            "max": 59998.762,
            "p(90)": 7288.962
        },
        "vus_max": {
            "value": 1000,
            "min": 1000,
            "max": 1000
        },
        "http_req_duration": {
            "max": 59998.774,
            "p(90)": 7289.3279,
            "p(95)": 14999.50865,
            "avg": 3299.3417605910654,
            "min": 3.895,
            "med": 1208.8015
        }
    }
}