{
    "metrics": {
        "http_req_duration{expected_response:true}": {
            "max": 2757.128,
            "p(90)": 2090.2705,
            "p(95)": 2169.15475,
            "avg": 1878.9138206937616,
            "min": 107.152,
            "med": 1844.635
        },
        "http_req_connecting": {
            "avg": 3.281537947061161,
            "min": 0,
            "med": 0,
            "max": 223.002,
            "p(90)": 0,
            "p(95)": 0
        },
        "http_req_sending": {
            "p(90)": 0.026,
            "p(95)": 0.039,
            "avg": 0.4792116986904901,
            "min": 0.002,
            "med": 0.013,
            "max": 130.767
        },
        "http_req_duration": {
            "max": 2757.128,
            "p(90)": 2090.2705,
            "p(95)": 2169.15475,
            "avg": 1878.9138206937616,
            "min": 107.152,
            "med": 1844.635
        },
        "http_req_tls_handshaking": {
            "med": 0,
            "max": 0,
            "p(90)": 0,
            "p(95)": 0,
            "avg": 0,
            "min": 0
        },
        "data_received": {
            "rate": 35853.28813939576,
            "count": 3705030
        },
        "http_req_receiving": {
            "avg": 0.05604588221957399,
            "min": 0.005,
            "med": 0.034,
            "max": 35.683,
            "p(90)": 0.07,
            "p(95)": 0.091
        },
        "iteration_duration": {
            "avg": 2882.836263124975,
            "min": 1212.9755,
            "med": 2845.314625,
            "max": 3757.829667,
            "p(90)": 3091.74925,
            "p(95)": 3183.8660524999996
        },
        "http_reqs": {
            "count": 35286,
            "rate": 341.45988704186436
        },
        "http_req_failed": {
            "passes": 0,
            "fails": 35286,
            "value": 0
        },
        "iterations": {
            "count": 35286,
            "rate": 341.45988704186436
        },
        "vus_max": {
            "min": 1000,
            "max": 1000,
            "value": 1000
        },
        "http_req_waiting": {
            "min": 106.645,
            "med": 1844.5325,
            "max": 2757.104,
            "p(90)": 2089.443,
            "p(95)": 2168.11875,
            "avg": 1878.3785631128574
        },
        "checks": {
            "passes": 35286,
            "fails": 0,
            "value": 1
        },
        "http_req_blocked": {
            "avg": 3.3890948251424597,
            "min": 0,
            "med": 0.004,
            "max": 227.172,
            "p(90)": 0.011,
            "p(95)": 0.02
        },
        "vus": {
            "min": 152,
            "max": 1000,
            "value": 152
        },
        "data_sent": {
            "count": 2717022,
            "rate": 26292.411302223558
        }
    },
    "root_group": {
        "groups": {},
        "checks": {
                "status is 200": {
                    "name": "status is 200",
                    "path": "::status is 200",
                    "id": "6210a8cd14cd70477eba5c5e4cb3fb5f",
                    "passes": 35286,
                    "fails": 0
                }
            },
        "name": "",
        "path": "",
        "id": "d41d8cd98f00b204e9800998ecf8427e"
    }
}