{
    "metrics": {
        "vus": {
            "value": 63,
            "min": 63,
            "max": 1000
        },
        "http_req_receiving": {
            "max": 276.986,
            "p(90)": 0.236,
            "p(95)": 0.441,
            "avg": 0.6189010713735194,
            "min": 0,
            "med": 0.069
        },
        "data_sent": {
            "rate": 19198.819733378212,
            "count": 1997996
        },
        "http_req_sending": {
            "avg": 0.48160771543089065,
            "min": 0.004,
            "med": 0.025,
            "max": 84.018,
            "p(90)": 0.087,
            "p(95)": 0.23264999999999886
        },
        "http_req_waiting": {
            "avg": 2924.416118043753,
            "min": 59.5,
            "med": 2992.6945,
            "max": 15017.283,
            "p(90)": 3081.7713000000003,
            "p(95)": 3091.08985
        },
        "http_req_blocked": {
            "p(95)": 5.210749999999983,
            "avg": 4.621323030676716,
            "min": 0.074,
            "med": 0.24,
            "max": 245.928,
            "p(90)": 0.824
        },
        "checks": {
            "passes": 21244,
            "fails": 4704,
            "value": 0.818714351780484
        },
        "iteration_duration": {
            "avg": 3930.9551353623224,
            "min": 1163.371834,
            "med": 3994.2842915,
            "max": 16032.853916,
            "p(90)": 4083.650617,
            "p(95)": 4093.8933104000002
        },
        "http_req_connecting": {
            "avg": 3.7673382148912893,
            "min": 0.062,
            "med": 0.194,
            "max": 162.227,
            "p(90)": 0.6693000000000006,
            "p(95)": 4.698749999999983
        },
        "http_req_duration{expected_response:true}": {
            "med": 2966.186,
            "max": 10002.871,
            "p(90)": 3014.5454,
            "p(95)": 3076.6803499999996,
            "avg": 2872.5337677932653,
            "min": 66.017
        },
        "data_received": {
            "count": 2400530,
            "rate": 23066.784285136906
        },
        "http_req_duration": {
            "med": 2993.1095,
            "max": 15018.365,
            "p(90)": 3082.1717,
            "p(95)": 3091.64525,
            "avg": 2925.5166268305916,
            "min": 66.017
        },
        "vus_max": {
            "value": 1000,
            "min": 1000,
            "max": 1000
        },
        "http_reqs": {
            "count": 25948,
            "rate": 249.33532121270403
        },
        "http_req_failed": {
            "passes": 4704,
            "fails": 21244,
            "value": 0.18128564821951595
        },
        "iterations": {
            "count": 25948,
            "rate": 249.33532121270403
        },
        "http_req_tls_handshaking": {
            "avg": 0,
            "min": 0,
            "med": 0,
            "max": 0,
            "p(90)": 0,
            "p(95)": 0
        }
    },
    "root_group": {
        "name": "",
        "path": "",
        "id": "d41d8cd98f00b204e9800998ecf8427e",
        "groups": {},
        "checks": {
                "status is 200": {
                    "name": "status is 200",
                    "path": "::status is 200",
                    "id": "6210a8cd14cd70477eba5c5e4cb3fb5f",
                    "passes": 21244,
                    "fails": 4704
                }
            }
    }
}