{
    "metrics": {
        "http_reqs": {
            "count": 24997,
            "rate": 240.3209619745171
        },
        "checks": {
            "passes": 17192,
            "fails": 7805,
            "value": 0.6877625315037804
        },
        "vus_max": {
            "value": 1000,
            "min": 1000,
            "max": 1000
        },
        "http_req_duration": {
            "avg": 3076.141202744336,
            "min": 87.025,
            "med": 3008.397,
            "max": 15003.337,
            "p(90)": 3307.6488,
            "p(95)": 3932.9775999999997
        },
        "iterations": {
            "count": 24997,
            "rate": 240.3209619745171
        },
        "vus": {
            "value": 29,
            "min": 29,
            "max": 1000
        },
        "iteration_duration": {
            "avg": 4079.0897303382667,
            "min": 1143.023,
            "med": 4009.337083,
            "max": 16005.371833,
            "p(90)": 4308.6918995999995,
            "p(95)": 4938.357824999999
        },
        "http_req_tls_handshaking": {
            "min": 0,
            "med": 0,
            "max": 0,
            "p(90)": 0,
            "p(95)": 0,
            "avg": 0
        },
        "data_received": {
            "rate": 20048.115531113028,
            "count": 2085306
        },
        "http_req_sending": {
            "p(95)": 0.38,
            "avg": 0.36773148777855585,
            "min": 0.003,
            "med": 0.024,
            "max": 109.957,
            "p(90)": 0.106
        },
        "http_req_receiving": {
            "p(90)": 0.22840000000000057,
            "p(95)": 0.595,
            "avg": 1.2864946593591218,
            "min": 0,
            "med": 0.067,
            "max": 395.695
        },
        "http_req_failed": {
            "passes": 7805,
            "fails": 17192,
            "value": 0.31223746849621953
        },
        "http_req_blocked": {
            "p(90)": 0.9224000000000006,
            "p(95)": 3.8115999999999746,
            "avg": 2.0294082889946954,
            "min": 0.062,
            "med": 0.241,
            "max": 168.472
        },
        "http_req_connecting": {
            "max": 114.904,
            "p(90)": 0.6994000000000005,
            "p(95)": 3.0463999999999922,
            "avg": 1.7241736208345066,
            "min": 0.046,
            "med": 0.194
        },
        "http_req_waiting": {
            "avg": 3074.486976597189,
            "min": 79.892,
            "med": 3008,
            "max": 15003.326,
            "p(90)": 3307.206,
            "p(95)": 3930.6794
        },
        "http_req_duration{expected_response:true}": {
            "p(90)": 3181.6597,
            "p(95)": 3533.9398499999993,
            "avg": 2937.137182875767,
            "min": 87.025,
            "med": 2993.527,
            "max": 13105.597
        },
        "data_sent": {
            "rate": 18504.714072037816,
            "count": 1924769
        }
    },
    "root_group": {
        "name": "",
        "path": "",
        "id": "d41d8cd98f00b204e9800998ecf8427e",
        "groups": {},
        "checks": {
                "status is 200": {
                    "path": "::status is 200",
                    "id": "6210a8cd14cd70477eba5c5e4cb3fb5f",
                    "passes": 17192,
                    "fails": 7805,
                    "name": "status is 200"
                }
            }
    }
}