{
    "metrics": {
        "data_sent": {
            "count": 3080770,
            "rate": 30089.832424723798
        },
        "data_received": {
            "count": 4176281,
            "rate": 40789.671234320616
        },
        "http_reqs": {
            "rate": 390.7770444769325,
            "count": 40010
        },
        "http_req_duration": {
            "p(90)": 2000.4601,
            "p(95)": 2270.79565,
            "avg": 1525.5294658835232,
            "min": 159.318,
            "med": 1490.8055,
            "max": 3516.207
        },
        "http_req_duration{expected_response:true}": {
            "med": 1486.353,
            "max": 3516.207,
            "p(90)": 1986.187,
            "p(95)": 2218.0344999999998,
            "avg": 1511.4255387758149,
            "min": 159.318
        },
        "vus": {
            "value": 257,
            "min": 257,
            "max": 1000
        },
        "iterations": {
            "count": 40010,
            "rate": 390.7770444769325
        },
        "http_req_blocked": {
            "avg": 3.0385924268932847,
            "min": 0.058,
            "med": 0.213,
            "max": 227.739,
            "p(90)": 0.507,
            "p(95)": 1.821
        },
        "http_req_failed": {
            "passes": 359,
            "fails": 39651,
            "value": 0.008972756810797301
        },
        "vus_max": {
            "value": 1000,
            "min": 1000,
            "max": 1000
        },
        "http_req_tls_handshaking": {
            "avg": 0,
            "min": 0,
            "med": 0,
            "max": 0,
            "p(90)": 0,
            "p(95)": 0
        },
        "http_req_receiving": {
            "avg": 0.19659817545613661,
            "min": 0.008,
            "med": 0.064,
            "max": 254.103,
            "p(90)": 0.136,
            "p(95)": 0.193
        },
        "http_req_connecting": {
            "p(90)": 0.3891000000000009,
            "p(95)": 1.439549999999998,
            "avg": 2.8926857035740845,
            "min": 0.05,
            "med": 0.17,
            "max": 213.415
        },
        "http_req_sending": {
            "min": 0.003,
            "med": 0.028,
            "max": 47.324,
            "p(90)": 0.073,
            "p(95)": 0.146,
            "avg": 0.1823671582104593
        },
        "http_req_waiting": {
            "p(95)": 2270.5272999999997,
            "avg": 1525.1505005498573,
            "min": 157.08,
            "med": 1490.701,
            "max": 3516.166,
            "p(90)": 2000.3042
        },
        "checks": {
            "passes": 39651,
            "fails": 359,
            "value": 0.9910272431892027
        },
        "iteration_duration": {
            "p(95)": 3274.6641251499996,
            "avg": 2529.4127596429316,
            "min": 1215.698708,
            "med": 2492.8748335,
            "max": 4516.598083,
            "p(90)": 3005.0993589000004
        }
    },
    "root_group": {
        "name": "",
        "path": "",
        "id": "d41d8cd98f00b204e9800998ecf8427e",
        "groups": {},
        "checks": {
                "status is 200": {
                    "id": "6210a8cd14cd70477eba5c5e4cb3fb5f",
                    "passes": 39651,
                    "fails": 359,
                    "name": "status is 200",
                    "path": "::status is 200"
                }
            }
    }
}