{
    "root_group": {
        "checks": {
            "status is 200": {
                "name": "status is 200",
                "path": "::status is 200",
                "id": "6210a8cd14cd70477eba5c5e4cb3fb5f",
                "passes": 21732,
                "fails": 4451
            }
        },
        "name": "",
        "path": "",
        "id": "d41d8cd98f00b204e9800998ecf8427e",
        "groups": {}
    },
    "metrics": {
        "http_reqs": {
            "count": 26183,
            "rate": 209.6358896899359
        },
        "http_req_blocked": {
            "avg": 6.047007600351343,
            "min": 0.054,
            "med": 0.239,
            "max": 208.093,
            "p(90)": 0.826,
            "p(95)": 4.663099999999989
        },
        "http_req_connecting": {
            "max": 199.323,
            "p(90)": 0.6568000000000006,
            "p(95)": 3.5755999999999952,
            "avg": 5.6105462704808495,
            "min": 0.044,
            "med": 0.195
        },
        "http_req_waiting": {
            "avg": 2911.036742237358,
            "min": 4.661,
            "med": 1286.6,
            "max": 59999.881,
            "p(90)": 6210.858,
            "p(95)": 13179.400099999997
        },
        "http_req_receiving": {
            "min": 0,
            "med": 0.065,
            "max": 993.004,
            "p(90)": 0.242,
            "p(95)": 0.6638999999999988,
            "avg": 1.5878578466944193
        },
        "iteration_duration": {
            "max": 61060.573375,
            "p(90)": 7212.552458,
            "p(95)": 14193.805541,
            "avg": 3917.3920418687453,
            "min": 1005.136833,
            "med": 2291.332375
        },
        "http_req_duration": {
            "p(90)": 6211.384000000001,
            "p(95)": 13179.446399999997,
            "avg": 2913.1739742581044,
            "min": 4.727,
            "med": 1287.319,
            "max": 59999.893
        },
        "http_req_sending": {
            "med": 0.024,
            "max": 129.051,
            "p(90)": 0.097,
            "p(95)": 0.298,
            "avg": 0.5493741740824413,
            "min": 0.003
        },
        "data_received": {
            "count": 2407534,
            "rate": 19276.07730392889
        },
        "vus_max": {
            "value": 1000,
            "min": 1000,
            "max": 1000
        },
        "http_req_tls_handshaking": {
            "avg": 0,
            "min": 0,
            "med": 0,
            "max": 0,
            "p(90)": 0,
            "p(95)": 0
        },
        "data_sent": {
            "count": 2016245,
            "rate": 16143.196517125038
        },
        "http_req_failed": {
            "passes": 4451,
            "fails": 21732,
            "value": 0.16999579880074858
        },
        "iterations": {
            "count": 26181,
            "rate": 209.61987656006616
        },
        "vus": {
            "value": 4,
            "min": 4,
            "max": 1000
        },
        "http_req_duration{expected_response:true}": {
            "avg": 1873.6620017025593,
            "min": 4.727,
            "med": 877.347,
            "max": 52114.886,
            "p(90)": 3802.0927000000006,
            "p(95)": 6611.558999999999
        },
        "checks": {
            "passes": 21732,
            "fails": 4451,
            "value": 0.8300042011992514
        }
    }
}