{
    "root_group": {
        "path": "",
        "id": "d41d8cd98f00b204e9800998ecf8427e",
        "groups": {},
        "checks": {
                "status is 200": {
                    "name": "status is 200",
                    "path": "::status is 200",
                    "id": "6210a8cd14cd70477eba5c5e4cb3fb5f",
                    "passes": 18524,
                    "fails": 7475
                }
            },
        "name": ""
    },
    "metrics": {
        "http_req_duration": {
            "avg": 2919.767172737426,
            "min": 68.573,
            "med": 3001.749,
            "max": 6083.232,
            "p(90)": 3088.9226,
            "p(95)": 3097.5469
        },
        "data_sent": {
            "rate": 19247.621531748293,
            "count": 2001923
        },
        "data_received": {
            "count": 2215003,
            "rate": 21296.293331805
        },
        "http_req_failed": {
            "passes": 7475,
            "fails": 18524,
            "value": 0.2875110581176199
        },
        "http_req_duration{expected_response:true}": {
            "med": 2975.44,
            "max": 4874.774,
            "p(90)": 3017.7145,
            "p(95)": 3084.30395,
            "avg": 2852.0090889117005,
            "min": 68.573
        },
        "http_req_receiving": {
            "avg": 0.6530210777337675,
            "min": 0.008,
            "med": 0.061,
            "max": 472.93,
            "p(90)": 0.193,
            "p(95)": 0.367
        },
        "http_req_waiting": {
            "min": 66.472,
            "med": 3001.499,
            "max": 6083.145,
            "p(90)": 3088.6072,
            "p(95)": 3097.2767,
            "avg": 2918.814861110058
        },
        "http_reqs": {
            "count": 25999,
            "rate": 249.96911080192586
        },
        "iteration_duration": {
            "avg": 3925.0555528917944,
            "min": 1172.175625,
            "med": 4002.730625,
            "max": 7083.335208,
            "p(90)": 4090.074175,
            "p(95)": 4099.039183
        },
        "http_req_connecting": {
            "med": 0.19,
            "max": 199.811,
            "p(90)": 0.541,
            "p(95)": 2.650699999999992,
            "avg": 4.573645717142935,
            "min": 0.063
        },
        "http_req_sending": {
            "avg": 0.2992905496365412,
            "min": 0.003,
            "med": 0.024,
            "max": 83.664,
            "p(90)": 0.076,
            "p(95)": 0.241
        },
        "checks": {
            "fails": 7475,
            "passes": 18524,
            "value": 0.7124889418823801
        },
        "vus_max": {
            "value": 1000,
            "min": 1000,
            "max": 1000
        },
        "iterations": {
            "count": 25999,
            "rate": 249.96911080192586
        },
        "http_req_blocked": {
            "avg": 4.701019962306262,
            "min": 0.074,
            "med": 0.231,
            "max": 254.923,
            "p(90)": 0.662,
            "p(95)": 3.383099999999999
        },
        "http_req_tls_handshaking": {
            "min": 0,
            "med": 0,
            "max": 0,
            "p(90)": 0,
            "p(95)": 0,
            "avg": 0
        },
        "vus": {
            "value": 57,
            "min": 57,
            "max": 1000
        }
    }
}