{
    "metrics": {
        "http_req_blocked": {
            "med": 0.242,
            "max": 106.527,
            "p(90)": 0.686,
            "p(95)": 2.385349999999999,
            "avg": 1.574821476883893,
            "min": 0.05
        },
        "vus_max": {
            "value": 1000,
            "min": 1000,
            "max": 1000
        },
        "http_req_duration": {
            "min": 70.546,
            "med": 3006.6324999999997,
            "max": 13560.39,
            "p(90)": 3099.8437,
            "p(95)": 3194.7021,
            "avg": 3053.3097755629647
        },
        "checks": {
            "passes": 17360,
            "fails": 7774,
            "value": 0.6906978594732235
        },
        "http_req_failed": {
            "passes": 7774,
            "fails": 17360,
            "value": 0.30930214052677646
        },
        "data_sent": {
            "count": 1935318,
            "rate": 18530.660144103484
        },
        "data_received": {
            "count": 2103771,
            "rate": 20143.5967742876
        },
        "iteration_duration": {
            "avg": 4055.526339340685,
            "min": 1129.974291,
            "med": 4007.4861874999997,
            "max": 14665.730709,
            "p(90)": 4101.0377748,
            "p(95)": 4195.8671579
        },
        "http_req_connecting": {
            "min": 0.043,
            "med": 0.197,
            "max": 106.365,
            "p(90)": 0.557,
            "p(95)": 1.9254999999999887,
            "avg": 1.3770058884379741
        },
        "http_reqs": {
            "count": 25134,
            "rate": 240.65792394939587
        },
        "http_req_receiving": {
            "avg": 0.854457666905389,
            "min": 0.007,
            "med": 0.069,
            "max": 308.932,
            "p(90)": 0.205,
            "p(95)": 0.3733499999999989
        },
        "vus": {
            "value": 52,
            "min": 52,
            "max": 1000
        },
        "http_req_tls_handshaking": {
            "p(95)": 0,
            "avg": 0,
            "min": 0,
            "med": 0,
            "max": 0,
            "p(90)": 0
        },
        "http_req_duration{expected_response:true}": {
            "max": 13560.39,
            "p(90)": 3086.1007,
            "p(95)": 3106.6667,
            "avg": 2975.7728249999986,
            "min": 70.546,
            "med": 2996.615
        },
        "http_req_sending": {
            "med": 0.024,
            "max": 110.833,
            "p(90)": 0.08,
            "p(95)": 0.18534999999999888,
            "avg": 0.6169368584387979,
            "min": 0.003
        },
        "http_req_waiting": {
            "p(95)": 3193.3334999999997,
            "avg": 3051.8383810376095,
            "min": 48.045,
            "med": 3006.31,
            "max": 13560.132,
            "p(90)": 3099.1115
        },
        "iterations": {
            "count": 25134,
            "rate": 240.65792394939587
        }
    },
    "root_group": {
        "path": "",
        "id": "d41d8cd98f00b204e9800998ecf8427e",
        "groups": {},
        "checks": {
                "status is 200": {
                    "name": "status is 200",
                    "path": "::status is 200",
                    "id": "6210a8cd14cd70477eba5c5e4cb3fb5f",
                    "passes": 17360,
                    "fails": 7774
                }
            },
        "name": ""
    }
}