{
    "root_group": {
        "id": "d41d8cd98f00b204e9800998ecf8427e",
        "groups": {},
        "checks": {
                "status is 200": {
                    "name": "status is 200",
                    "path": "::status is 200",
                    "id": "6210a8cd14cd70477eba5c5e4cb3fb5f",
                    "passes": 35125,
                    "fails": 0
                }
            },
        "name": "",
        "path": ""
    },
    "metrics": {
        "http_req_tls_handshaking": {
            "avg": 0,
            "min": 0,
            "med": 0,
            "max": 0,
            "p(90)": 0,
            "p(95)": 0
        },
        "http_req_failed": {
            "passes": 0,
            "fails": 35125,
            "value": 0
        },
        "checks": {
            "passes": 35125,
            "fails": 0,
            "value": 1
        },
        "data_received": {
            "rate": 35834.85572868866,
            "count": 3688125
        },
        "data_sent": {
            "count": 2704625,
            "rate": 26278.894201038347
        },
        "vus": {
            "value": 1,
            "min": 1,
            "max": 1000
        },
        "http_req_duration": {
            "p(95)": 2409.6407999999997,
            "avg": 1883.4709841992826,
            "min": 103.565,
            "med": 1831.39,
            "max": 2761.665,
            "p(90)": 2191.0188
        },
        "http_req_duration{expected_response:true}": {
            "max": 2761.665,
            "p(90)": 2191.0188,
            "p(95)": 2409.6407999999997,
            "avg": 1883.4709841992826,
            "min": 103.565,
            "med": 1831.39
        },
        "http_req_blocked": {
            "max": 155.614,
            "p(90)": 0.011,
            "p(95)": 0.02,
            "avg": 1.874648654803534,
            "min": 0,
            "med": 0.004
        },
        "http_req_receiving": {
            "avg": 0.04675299644127888,
            "min": 0.006,
            "med": 0.032,
            "max": 12.283,
            "p(90)": 0.064,
            "p(95)": 0.085
        },
        "iterations": {
            "count": 35125,
            "rate": 341.2843402732253
        },
        "http_reqs": {
            "count": 35125,
            "rate": 341.2843402732253
        },
        "http_req_waiting": {
            "min": 102.47,
            "med": 1831.329,
            "max": 2761.633,
            "p(90)": 2190.968,
            "p(95)": 2409.5042,
            "avg": 1883.2210988754491
        },
        "iteration_duration": {
            "p(90)": 3191.7444078,
            "p(95)": 3412.3258996,
            "avg": 2885.9645804218494,
            "min": 1123.742875,
            "med": 2832.308375,
            "max": 3866.671583
        },
        "http_req_sending": {
            "p(95)": 0.045,
            "avg": 0.20313232740215495,
            "min": 0.002,
            "med": 0.013,
            "max": 96.533,
            "p(90)": 0.025
        },
        "vus_max": {
            "value": 1000,
            "min": 1000,
            "max": 1000
        },
        "http_req_connecting": {
            "p(95)": 0,
            "avg": 1.802394533807827,
            "min": 0,
            "med": 0,
            "max": 128.215,
            "p(90)": 0
        }
    }
}