{
    "root_group": {
        "name": "",
        "path": "",
        "id": "d41d8cd98f00b204e9800998ecf8427e",
        "groups": {},
        "checks": {
                "status is 200": {
                    "fails": 29,
                    "name": "status is 200",
                    "path": "::status is 200",
                    "id": "6210a8cd14cd70477eba5c5e4cb3fb5f",
                    "passes": 55197
                }
            }
    },
    "metrics": {
        "http_req_blocked": {
            "avg": 0.6962142650200953,
            "min": 0.06,
            "med": 0.174,
            "max": 261.245,
            "p(90)": 0.347,
            "p(95)": 0.6317499999999976
        },
        "http_req_waiting": {
            "avg": 822.6777924890469,
            "min": 21.642,
            "med": 689.0045,
            "max": 2984.711,
            "p(90)": 1297.5320000000002,
            "p(95)": 1561.2639999999992
        },
        "data_sent": {
            "count": 4252402,
            "rate": 41763.4634784213
        },
        "http_req_duration{expected_response:true}": {
            "avg": 821.7987938112647,
            "min": 35.055,
            "med": 689.023,
            "max": 2366.526,
            "p(90)": 1296.873,
            "p(95)": 1559.8996
        },
        "vus_max": {
            "max": 1000,
            "value": 1000,
            "min": 1000
        },
        "http_req_receiving": {
            "p(90)": 0.093,
            "p(95)": 0.128,
            "avg": 0.08940370477673423,
            "min": 0.007,
            "med": 0.042,
            "max": 125.566
        },
        "checks": {
            "passes": 55197,
            "fails": 29,
            "value": 0.9994748850179264
        },
        "http_reqs": {
            "count": 55226,
            "rate": 542.3826425768999
        },
        "data_received": {
            "count": 5796729,
            "rate": 56930.52535621176
        },
        "iteration_duration": {
            "avg": 1824.6540970925819,
            "min": 1044.136583,
            "med": 1689.882146,
            "max": 4033.411542,
            "p(90)": 2298.434271,
            "p(95)": 2566.60041675
        },
        "vus": {
            "value": 533,
            "min": 533,
            "max": 1000
        },
        "iterations": {
            "rate": 542.3826425768999,
            "count": 55226
        },
        "http_req_duration": {
            "p(95)": 1561.9039999999998,
            "avg": 822.9517619056307,
            "min": 35.055,
            "med": 689.1445,
            "max": 3021.974,
            "p(90)": 1297.6375
        },
        "http_req_tls_handshaking": {
            "avg": 0,
            "min": 0,
            "med": 0,
            "max": 0,
            "p(90)": 0,
            "p(95)": 0
        },
        "http_req_connecting": {
            "p(90)": 0.287,
            "p(95)": 0.499,
            "avg": 0.5720861369644743,
            "min": 0.052,
            "med": 0.146,
            "max": 230.133
        },
        "http_req_failed": {
            "passes": 29,
            "fails": 55197,
            "value": 0.0005251149820736609
        },
        "http_req_sending": {
            "max": 72.775,
            "p(90)": 0.046,
            "p(95)": 0.068,
            "avg": 0.1845657118024185,
            "min": 0.003,
            "med": 0.018
        }
    }
}