{
    "metrics": {
        "http_req_blocked": {
            "p(90)": 0.386,
            "p(95)": 0.9278499999999978,
            "avg": 1.5838229802294215,
            "min": 0.064,
            "med": 0.183,
            "max": 178.537
        },
        "vus_max": {
            "value": 1000,
            "min": 1000,
            "max": 1000
        },
        "http_req_connecting": {
            "med": 0.152,
            "max": 161.951,
            "p(90)": 0.309,
            "p(95)": 0.7188499999999978,
            "avg": 1.479399764054993,
            "min": 0.052
        },
        "http_reqs": {
            "count": 49164,
            "rate": 480.53400382116604
        },
        "data_received": {
            "rate": 50201.81665780449,
            "count": 5136207
        },
        "iteration_duration": {
            "avg": 2057.951681578028,
            "min": 1045.481792,
            "med": 1804.866166,
            "max": 5341.059459,
            "p(90)": 2989.6761498,
            "p(95)": 3381.6640222999995
        },
        "iterations": {
            "count": 49164,
            "rate": 480.53400382116604
        },
        "http_req_receiving": {
            "p(90)": 0.111,
            "p(95)": 0.15,
            "avg": 0.10879875518672127,
            "min": 0.006,
            "med": 0.045,
            "max": 127.661
        },
        "http_req_tls_handshaking": {
            "p(90)": 0,
            "p(95)": 0,
            "avg": 0,
            "min": 0,
            "med": 0,
            "max": 0
        },
        "vus": {
            "value": 165,
            "min": 165,
            "max": 1000
        },
        "http_req_sending": {
            "avg": 0.25937372874462045,
            "min": 0.003,
            "med": 0.02,
            "max": 108.577,
            "p(90)": 0.058,
            "p(95)": 0.094
        },
        "http_req_duration{expected_response:true}": {
            "p(90)": 1936.1808,
            "p(95)": 2272.204699999999,
            "avg": 1038.732840428804,
            "min": 25.289,
            "med": 797.682,
            "max": 4340.537
        },
        "http_req_failed": {
            "passes": 377,
            "fails": 48787,
            "value": 0.007668212513221056
        },
        "checks": {
            "passes": 48787,
            "fails": 377,
            "value": 0.992331787486779
        },
        "data_sent": {
            "count": 3785628,
            "rate": 37001.11829422979
        },
        "http_req_duration": {
            "avg": 1055.7486570864858,
            "min": 25.289,
            "med": 803.5305,
            "max": 4340.537,
            "p(90)": 1987.424,
            "p(95)": 2381.1941999999995
        },
        "http_req_waiting": {
            "p(90)": 1987.0562000000002,
            "p(95)": 2381.04895,
            "avg": 1055.3804846025541,
            "min": 23.61,
            "med": 803.4200000000001,
            "max": 4340.467
        }
    },
    "root_group": {
        "path": "",
        "id": "d41d8cd98f00b204e9800998ecf8427e",
        "groups": {},
        "checks": {
                "status is 200": {
                    "name": "status is 200",
                    "path": "::status is 200",
                    "id": "6210a8cd14cd70477eba5c5e4cb3fb5f",
                    "passes": 48787,
                    "fails": 377
                }
            },
        "name": ""
    }
}