{
    "metrics": {
        "http_req_duration{expected_response:true}": {
            "p(90)": 2046.8615,
            "p(95)": 2218.1596999999997,
            "avg": 1824.4750753042345,
            "min": 157.377,
            "med": 1766.733,
            "max": 2779.476
        },
        "data_received": {
            "count": 3761940,
            "rate": 36612.861900603
        },
        "http_req_waiting": {
            "max": 2779.441,
            "p(90)": 2044.3774000000003,
            "p(95)": 2215.0404,
            "avg": 1823.691402729706,
            "min": 121.73,
            "med": 1766.6135
        },
        "http_reqs": {
            "count": 35828,
            "rate": 348.6939228628857
        },
        "http_req_connecting": {
            "p(95)": 0,
            "avg": 3.039217874288267,
            "min": 0,
            "med": 0,
            "max": 222.696,
            "p(90)": 0
        },
        "http_req_duration": {
            "max": 2779.476,
            "p(90)": 2046.8615,
            "p(95)": 2218.1596999999997,
            "avg": 1824.4750753042345,
            "min": 157.377,
            "med": 1766.733
        },
        "iterations": {
            "count": 35828,
            "rate": 348.6939228628857
        },
        "http_req_sending": {
            "min": 0.002,
            "med": 0.013,
            "max": 97.804,
            "p(90)": 0.026,
            "p(95)": 0.043,
            "avg": 0.7374300826165653
        },
        "http_req_failed": {
            "fails": 35828,
            "passes": 0,
            "value": 0
        },
        "http_req_blocked": {
            "p(90)": 0.01,
            "p(95)": 0.019,
            "avg": 3.2468062967504476,
            "min": 0,
            "med": 0.004,
            "max": 225.808
        },
        "http_req_receiving": {
            "med": 0.032,
            "max": 19.136,
            "p(90)": 0.063,
            "p(95)": 0.082,
            "avg": 0.046242491905770206,
            "min": 0.006
        },
        "data_sent": {
            "count": 2758756,
            "rate": 26849.4320604422
        },
        "http_req_tls_handshaking": {
            "avg": 0,
            "min": 0,
            "med": 0,
            "max": 0,
            "p(90)": 0,
            "p(95)": 0
        },
        "checks": {
            "passes": 35828,
            "fails": 0,
            "value": 1
        },
        "iteration_duration": {
            "avg": 2828.3000962435176,
            "min": 1171.719292,
            "med": 2767.5759795000004,
            "max": 3849.67325,
            "p(90)": 3058.2372080000005,
            "p(95)": 3256.7309124999992
        },
        "vus": {
            "value": 313,
            "min": 313,
            "max": 1000
        },
        "vus_max": {
            "min": 1000,
            "max": 1000,
            "value": 1000
        }
    },
    "root_group": {
        "name": "",
        "path": "",
        "id": "d41d8cd98f00b204e9800998ecf8427e",
        "groups": {},
        "checks": {
                "status is 200": {
                    "name": "status is 200",
                    "path": "::status is 200",
                    "id": "6210a8cd14cd70477eba5c5e4cb3fb5f",
                    "passes": 35828,
                    "fails": 0
                }
            }
    }
}