{
    "root_group": {
        "name": "",
        "path": "",
        "id": "d41d8cd98f00b204e9800998ecf8427e",
        "groups": {},
        "checks": {
                "status is 200": {
                    "name": "status is 200",
                    "path": "::status is 200",
                    "id": "6210a8cd14cd70477eba5c5e4cb3fb5f",
                    "passes": 21207,
                    "fails": 4626
                }
            }
    },
    "metrics": {
        "iterations": {
            "count": 25833,
            "rate": 207.95462127968173
        },
        "http_req_connecting": {
            "avg": 5.888147021251941,
            "min": 0.051,
            "med": 0.191,
            "max": 215.703,
            "p(90)": 0.7878000000000006,
            "p(95)": 3.691799999999946
        },
        "http_req_tls_handshaking": {
            "avg": 0,
            "min": 0,
            "med": 0,
            "max": 0,
            "p(90)": 0,
            "p(95)": 0
        },
        "http_req_failed": {
            "passes": 4626,
            "fails": 21207,
            "value": 0.17907327836488213
        },
        "iteration_duration": {
            "min": 1004.167209,
            "med": 2391.948083,
            "max": 61002.741375,
            "p(90)": 8189.4008748,
            "p(95)": 16001.1442168,
            "avg": 3981.894795104244
        },
        "http_req_duration": {
            "avg": 2974.879951534857,
            "min": 3.784,
            "med": 1385.737,
            "max": 59998.323,
            "p(90)": 7188.4198,
            "p(95)": 14882.291799999999
        },
        "checks": {
            "passes": 21207,
            "fails": 4626,
            "value": 0.8209267216351178
        },
        "http_req_waiting": {
            "avg": 2972.7688874695114,
            "min": 3.707,
            "med": 1383.72,
            "max": 59998.311,
            "p(90)": 7188.1544,
            "p(95)": 14878.096599999999
        },
        "http_req_duration{expected_response:true}": {
            "avg": 1879.9919808553875,
            "min": 3.784,
            "med": 1083.36,
            "max": 51482.724,
            "p(90)": 3903.545,
            "p(95)": 6387.914599999999
        },
        "data_sent": {
            "rate": 16012.505838535493,
            "count": 1989141
        },
        "vus_max": {
            "max": 1000,
            "value": 1000,
            "min": 1000
        },
        "data_received": {
            "count": 2346892,
            "rate": 18892.387142194668
        },
        "http_req_blocked": {
            "min": 0.063,
            "med": 0.236,
            "max": 216.852,
            "p(90)": 1.021,
            "p(95)": 4.989999999999972,
            "avg": 6.02135264971153
        },
        "http_req_receiving": {
            "p(90)": 0.227,
            "p(95)": 0.506,
            "avg": 1.7010702976812777,
            "min": 0,
            "med": 0.062,
            "max": 585.786
        },
        "http_reqs": {
            "count": 25833,
            "rate": 207.95462127968173
        },
        "http_req_sending": {
            "min": 0.003,
            "med": 0.024,
            "max": 78.601,
            "p(90)": 0.107,
            "p(95)": 0.32439999999999886,
            "avg": 0.4099937676615356
        },
        "vus": {
            "value": 9,
            "min": 9,
            "max": 1000
        }
    }
}