{
    "root_group": {
        "groups": {},
        "checks": {
                "status is 200": {
                    "passes": 34412,
                    "fails": 81,
                    "name": "status is 200",
                    "path": "::status is 200",
                    "id": "6210a8cd14cd70477eba5c5e4cb3fb5f"
                }
            },
        "name": "",
        "path": "",
        "id": "d41d8cd98f00b204e9800998ecf8427e"
    },
    "metrics": {
        "http_reqs": {
            "rate": 335.4984083546214,
            "count": 34493
        },
        "checks": {
            "passes": 34412,
            "fails": 81,
            "value": 0.9976516974458586
        },
        "http_req_duration{expected_response:true}": {
            "p(95)": 2389.7418999999995,
            "avg": 1934.3401225154118,
            "min": 45.754,
            "med": 1883.412,
            "max": 3075.447,
            "p(90)": 2182.8053
        },
        "http_req_connecting": {
            "min": 0,
            "med": 0,
            "max": 71.476,
            "p(90)": 0,
            "p(95)": 0,
            "avg": 0.505087901893138
        },
        "vus": {
            "min": 317,
            "max": 1000,
            "value": 317
        },
        "data_received": {
            "count": 3619659,
            "rate": 35206.84873123476
        },
        "http_req_waiting": {
            "p(90)": 2183.4348,
            "p(95)": 2400.5858,
            "avg": 1936.4301698895445,
            "min": 45.542,
            "med": 1883.555,
            "max": 3078.092
        },
        "http_req_receiving": {
            "avg": 0.04949352042443023,
            "min": 0.007,
            "med": 0.033,
            "max": 22.098,
            "p(90)": 0.065,
            "p(95)": 0.086
        },
        "http_req_sending": {
            "max": 193.355,
            "p(90)": 0.025,
            "p(95)": 0.04,
            "avg": 0.37705096686290696,
            "min": 0.002,
            "med": 0.013
        },
        "iteration_duration": {
            "med": 2884.348084,
            "max": 4134.15425,
            "p(90)": 3185.4145750000002,
            "p(95)": 3405.1348666,
            "avg": 2938.1810581633363,
            "min": 1070.564458
        },
        "http_req_failed": {
            "passes": 81,
            "fails": 34412,
            "value": 0.00234830255414142
        },
        "iterations": {
            "count": 34493,
            "rate": 335.4984083546214
        },
        "http_req_tls_handshaking": {
            "avg": 0,
            "min": 0,
            "med": 0,
            "max": 0,
            "p(90)": 0,
            "p(95)": 0
        },
        "vus_max": {
            "value": 1000,
            "min": 1000,
            "max": 1000
        },
        "http_req_duration": {
            "max": 3079.667,
            "p(90)": 2183.6434,
            "p(95)": 2400.6292,
            "avg": 1936.8567143768403,
            "min": 45.754,
            "med": 1883.612
        },
        "http_req_blocked": {
            "avg": 0.7183353144122289,
            "min": 0,
            "med": 0.004,
            "max": 193.502,
            "p(90)": 0.01,
            "p(95)": 0.02
        },
        "data_sent": {
            "count": 2655961,
            "rate": 25833.377443305846
        }
    }
}