{
    "metrics": {
        "http_req_sending": {
            "med": 0.023,
            "max": 133.793,
            "p(90)": 0.094,
            "p(95)": 0.2577499999999989,
            "avg": 0.8817995997711697,
            "min": 0.003
        },
        "http_req_duration{expected_response:true}": {
            "p(90)": 4045.5854000000004,
            "p(95)": 7305.417249999999,
            "avg": 2001.922468598554,
            "min": 4.496,
            "med": 1105.3980000000001,
            "max": 52318.547
        },
        "http_req_receiving": {
            "min": 0,
            "med": 0.061,
            "max": 903.332,
            "p(90)": 0.198,
            "p(95)": 0.40174999999999894,
            "avg": 1.8062702360532519
        },
        "http_req_connecting": {
            "max": 216.068,
            "p(90)": 0.593,
            "p(95)": 1.804,
            "avg": 2.11125345095158,
            "min": 0.039,
            "med": 0.187
        },
        "http_req_tls_handshaking": {
            "max": 0,
            "p(90)": 0,
            "p(95)": 0,
            "avg": 0,
            "min": 0,
            "med": 0
        },
        "data_sent": {
            "count": 1888502,
            "rate": 15119.680652186995
        },
        "vus_max": {
            "value": 1000,
            "min": 1000,
            "max": 1000
        },
        "http_req_waiting": {
            "avg": 3166.433119905227,
            "min": 4.409,
            "med": 1402.9005000000002,
            "max": 60021.297,
            "p(90)": 7812.460500000002,
            "p(95)": 14999.7125
        },
        "iterations": {
            "count": 24483,
            "rate": 196.01522339266475
        },
        "iteration_duration": {
            "med": 2406.424083,
            "max": 61025.140834,
            "p(90)": 8813.474825,
            "p(95)": 16001.6015839,
            "avg": 4167.615303317673,
            "min": 1004.998459
        },
        "http_reqs": {
            "count": 24486,
            "rate": 196.03924192267243
        },
        "checks": {
            "fails": 4264,
            "passes": 20222,
            "value": 0.8258596749162787
        },
        "http_req_duration": {
            "avg": 3169.121189741073,
            "min": 4.496,
            "med": 1404.1680000000001,
            "max": 60021.304,
            "p(90)": 7812.561500000002,
            "p(95)": 14999.7495
        },
        "http_req_failed": {
            "passes": 4264,
            "fails": 20222,
            "value": 0.17414032508372132
        },
        "data_received": {
            "count": 2228868,
            "rate": 17844.710980384836
        },
        "vus": {
            "min": 43,
            "max": 1000,
            "value": 43
        },
        "http_req_blocked": {
            "avg": 2.421339050886219,
            "min": 0.054,
            "med": 0.231,
            "max": 233.133,
            "p(90)": 0.737,
            "p(95)": 2.240749999999999
        }
    },
    "root_group": {
        "groups": {},
        "checks": {
                "status is 200": {
                    "name": "status is 200",
                    "path": "::status is 200",
                    "id": "6210a8cd14cd70477eba5c5e4cb3fb5f",
                    "passes": 20222,
                    "fails": 4264
                }
            },
        "name": "",
        "path": "",
        "id": "d41d8cd98f00b204e9800998ecf8427e"
    }
}