{
    "root_group": {
        "name": "",
        "path": "",
        "id": "d41d8cd98f00b204e9800998ecf8427e",
        "groups": {},
        "checks": {
                "status is 200": {
                    "fails": 3955,
                    "name": "status is 200",
                    "path": "::status is 200",
                    "id": "6210a8cd14cd70477eba5c5e4cb3fb5f",
                    "passes": 16109
                }
            }
    },
    "metrics": {
        "vus": {
            "value": 4,
            "min": 4,
            "max": 1000
        },
        "iteration_duration": {
            "avg": 5124.268517651701,
            "min": 1004.919,
            "med": 2575.681833,
            "max": 61123.333833,
            "p(90)": 10533.346320500008,
            "p(95)": 16033.6220643
        },
        "http_req_blocked": {
            "med": 0.251,
            "max": 880.334,
            "p(90)": 2.3035000000000068,
            "p(95)": 42.8437,
            "avg": 6.135721391547056,
            "min": 0.056
        },
        "iterations": {
            "count": 20064,
            "rate": 74.37182027710094
        },
        "http_req_failed": {
            "passes": 3955,
            "fails": 16109,
            "value": 0.19711921850079744
        },
        "data_received": {
            "count": 1794748,
            "rate": 6652.645319910604
        },
        "http_reqs": {
            "count": 20064,
            "rate": 74.37182027710094
        },
        "http_req_connecting": {
            "avg": 5.637128787878764,
            "min": 0.045,
            "med": 0.197,
            "max": 838.392,
            "p(90)": 1.614400000000001,
            "p(95)": 41.90049999999994
        },
        "http_req_sending": {
            "avg": 0.5627371411483345,
            "min": 0.003,
            "med": 0.025,
            "max": 204.838,
            "p(90)": 0.238,
            "p(95)": 0.8015499999999973
        },
        "http_req_tls_handshaking": {
            "med": 0,
            "max": 0,
            "p(90)": 0,
            "p(95)": 0,
            "avg": 0,
            "min": 0
        },
        "http_req_waiting": {
            "avg": 9686.414260317011,
            "min": 4.193,
            "med": 1582.0235,
            "max": 206945.175,
            "p(90)": 11001.863400000004,
            "p(95)": 28948.11099999988
        },
        "vus_max": {
            "value": 1000,
            "min": 1000,
            "max": 1000
        },
        "http_req_duration": {
            "p(95)": 28948.24229999988,
            "avg": 9690.092570275146,
            "min": 4.344,
            "med": 1584.653,
            "max": 206945.259,
            "p(90)": 11045.606700000024
        },
        "http_req_receiving": {
            "avg": 3.115572816985657,
            "min": 0,
            "med": 0.067,
            "max": 1470.545,
            "p(90)": 0.325,
            "p(95)": 1.472849999999999
        },
        "data_sent": {
            "count": 1544928,
            "rate": 5726.630161336771
        },
        "http_req_duration{expected_response:true}": {
            "max": 200857.12,
            "p(90)": 5492.159400000002,
            "p(95)": 8916.014,
            "avg": 3741.776448010436,
            "min": 4.344,
            "med": 1185.571
        },
        "checks": {
            "passes": 16109,
            "fails": 3955,
            "value": 0.8028807814992025
        }
    }
}