{
    "metrics": {
        "iterations": {
            "count": 26289,
            "rate": 215.44349874800358
        },
        "data_sent": {
            "count": 2024330,
            "rate": 16589.780433662218
        },
        "http_req_duration": {
            "avg": 2958.499375366142,
            "min": 6.238,
            "med": 1230.858,
            "max": 60000.956,
            "p(90)": 5680.979800000005,
            "p(95)": 12115.962399999999
        },
        "http_req_waiting": {
            "avg": 2956.2427462817363,
            "min": 6.182,
            "med": 1226.34,
            "max": 60000.946,
            "p(90)": 5680.802200000004,
            "p(95)": 12110.958599999989
        },
        "http_req_blocked": {
            "max": 198.992,
            "p(90)": 0.983,
            "p(95)": 3.795199999999974,
            "avg": 5.362570809083698,
            "min": 0.067,
            "med": 0.268
        },
        "http_req_failed": {
            "passes": 4429,
            "fails": 21860,
            "value": 0.16847350602913766
        },
        "iteration_duration": {
            "avg": 3964.83884999904,
            "min": 1006.562709,
            "med": 2248.827416,
            "max": 61181.117334,
            "p(90)": 6683.999991600005,
            "p(95)": 13117.4618914
        },
        "http_reqs": {
            "count": 26289,
            "rate": 215.44349874800358
        },
        "vus": {
            "value": 32,
            "min": 32,
            "max": 1000
        },
        "http_req_sending": {
            "avg": 0.8046956521738244,
            "min": 0.003,
            "med": 0.025,
            "max": 198.499,
            "p(90)": 0.099,
            "p(95)": 0.25
        },
        "http_req_receiving": {
            "min": 0,
            "med": 0.064,
            "max": 500.791,
            "p(90)": 0.212,
            "p(95)": 0.4357999999999965,
            "avg": 1.4519334322340272
        },
        "checks": {
            "passes": 21860,
            "fails": 4429,
            "value": 0.8315264939708623
        },
        "data_received": {
            "count": 2422917,
            "rate": 19856.27888683543
        },
        "http_req_connecting": {
            "max": 193.242,
            "p(90)": 0.813,
            "p(95)": 3.2443999999999953,
            "avg": 5.16038019704056,
            "min": 0,
            "med": 0.222
        },
        "vus_max": {
            "value": 1000,
            "min": 1000,
            "max": 1000
        },
        "http_req_tls_handshaking": {
            "med": 0,
            "max": 0,
            "p(90)": 0,
            "p(95)": 0,
            "avg": 0,
            "min": 0
        },
        "http_req_duration{expected_response:true}": {
            "avg": 1799.704255397974,
            "min": 6.238,
            "med": 690.2255,
            "max": 51636.92,
            "p(90)": 3671.9881000000005,
            "p(95)": 5981.9193000000005
        }
    },
    "root_group": {
        "path": "",
        "id": "d41d8cd98f00b204e9800998ecf8427e",
        "groups": {},
        "checks": {
                "status is 200": {
                    "name": "status is 200",
                    "path": "::status is 200",
                    "id": "6210a8cd14cd70477eba5c5e4cb3fb5f",
                    "passes": 21860,
                    "fails": 4429
                }
            },
        "name": ""
    }
}