{
    "metrics": {
        "http_req_tls_handshaking": {
            "avg": 0,
            "min": 0,
            "med": 0,
            "max": 0,
            "p(90)": 0,
            "p(95)": 0
        },
        "http_req_failed": {
            "passes": 0,
            "fails": 35075,
            "value": 0
        },
        "http_req_duration{expected_response:true}": {
            "p(90)": 2084.8934,
            "p(95)": 2263.8208,
            "avg": 1886.487447099061,
            "min": 144.896,
            "med": 1862.781,
            "max": 3052.787
        },
        "vus": {
            "value": 11,
            "min": 11,
            "max": 1000
        },
        "http_req_sending": {
            "min": 0.002,
            "med": 0.013,
            "max": 114.232,
            "p(90)": 0.026,
            "p(95)": 0.046,
            "avg": 0.358706657163277
        },
        "vus_max": {
            "value": 1000,
            "min": 1000,
            "max": 1000
        },
        "http_reqs": {
            "count": 35075,
            "rate": 340.82330316830894
        },
        "http_req_connecting": {
            "avg": 3.365652031361365,
            "min": 0,
            "med": 0,
            "max": 227.859,
            "p(90)": 0,
            "p(95)": 0
        },
        "http_req_receiving": {
            "med": 0.034,
            "max": 9.61,
            "p(90)": 0.069,
            "p(95)": 0.091,
            "avg": 0.04851583749108841,
            "min": 0.007
        },
        "http_req_blocked": {
            "min": 0,
            "med": 0.004,
            "max": 260.721,
            "p(90)": 0.011,
            "p(95)": 0.02,
            "avg": 4.492016764073911
        },
        "iteration_duration": {
            "avg": 2891.5157883411134,
            "min": 1226.468,
            "med": 2863.44425,
            "max": 4205.164083,
            "p(90)": 3086.2547004000003,
            "p(95)": 3268.2970042
        },
        "data_sent": {
            "count": 2700775,
            "rate": 26243.39434395979
        },
        "iterations": {
            "count": 35075,
            "rate": 340.82330316830894
        },
        "http_req_duration": {
            "max": 3052.787,
            "p(90)": 2084.8934,
            "p(95)": 2263.8208,
            "avg": 1886.487447099061,
            "min": 144.896,
            "med": 1862.781
        },
        "http_req_waiting": {
            "min": 144.652,
            "med": 1862.721,
            "max": 3052.642,
            "p(90)": 2084.7676,
            "p(95)": 2263.7509999999997,
            "avg": 1886.0802246044116
        },
        "data_received": {
            "rate": 35786.44683267244,
            "count": 3682875
        },
        "checks": {
            "passes": 35075,
            "fails": 0,
            "value": 1
        }
    },
    "root_group": {
        "groups": {},
        "checks": {
                "status is 200": {
                    "passes": 35075,
                    "fails": 0,
                    "name": "status is 200",
                    "path": "::status is 200",
                    "id": "6210a8cd14cd70477eba5c5e4cb3fb5f"
                }
            },
        "name": "",
        "path": "",
        "id": "d41d8cd98f00b204e9800998ecf8427e"
    }
}