{
    "metrics": {
        "http_reqs": {
            "count": 35827,
            "rate": 348.69984556354706
        },
        "iteration_duration": {
            "max": 3944.349583,
            "p(90)": 3035.6274246,
            "p(95)": 3154.8306955999997,
            "avg": 2829.116507905609,
            "min": 1114.005917,
            "med": 2796.8615
        },
        "vus_max": {
            "value": 1000,
            "min": 1000,
            "max": 1000
        },
        "http_req_duration": {
            "avg": 1827.6015128534266,
            "min": 93.629,
            "med": 1796.16,
            "max": 2849.583,
            "p(90)": 2035.084,
            "p(95)": 2152.531
        },
        "http_req_waiting": {
            "avg": 1827.4472914840765,
            "min": 88.913,
            "med": 1796.082,
            "max": 2848.219,
            "p(90)": 2035.0313999999998,
            "p(95)": 2152.4512999999997
        },
        "http_req_failed": {
            "passes": 0,
            "fails": 35827,
            "value": 0
        },
        "iterations": {
            "count": 35827,
            "rate": 348.69984556354706
        },
        "http_req_sending": {
            "med": 0.012,
            "max": 22.218,
            "p(90)": 0.023,
            "p(95)": 0.036,
            "avg": 0.11021475423564712,
            "min": 0.002
        },
        "http_req_blocked": {
            "min": 0,
            "med": 0.004,
            "max": 106.612,
            "p(90)": 0.008,
            "p(95)": 0.016,
            "avg": 0.9978197448840204
        },
        "checks": {
            "passes": 35827,
            "fails": 0,
            "value": 1
        },
        "data_received": {
            "count": 3761835,
            "rate": 36613.483784172444
        },
        "http_req_tls_handshaking": {
            "avg": 0,
            "min": 0,
            "med": 0,
            "max": 0,
            "p(90)": 0,
            "p(95)": 0
        },
        "http_req_duration{expected_response:true}": {
            "avg": 1827.6015128534266,
            "min": 93.629,
            "med": 1796.16,
            "max": 2849.583,
            "p(90)": 2035.084,
            "p(95)": 2152.531
        },
        "http_req_connecting": {
            "med": 0,
            "max": 90.13,
            "p(90)": 0,
            "p(95)": 0,
            "avg": 0.9164963016719246,
            "min": 0
        },
        "http_req_receiving": {
            "p(95)": 0.074,
            "avg": 0.044006615122670255,
            "min": 0.007,
            "med": 0.03,
            "max": 17.312,
            "p(90)": 0.057
        },
        "vus": {
            "value": 316,
            "min": 316,
            "max": 1000
        },
        "data_sent": {
            "count": 2758679,
            "rate": 26849.888108393126
        }
    },
    "root_group": {
        "name": "",
        "path": "",
        "id": "d41d8cd98f00b204e9800998ecf8427e",
        "groups": {},
        "checks": {
                "status is 200": {
                    "path": "::status is 200",
                    "id": "6210a8cd14cd70477eba5c5e4cb3fb5f",
                    "passes": 35827,
                    "fails": 0,
                    "name": "status is 200"
                }
            }
    }
}