{
    "root_group": {
        "id": "d41d8cd98f00b204e9800998ecf8427e",
        "groups": {},
        "checks": {
                "status is 200": {
                    "name": "status is 200",
                    "path": "::status is 200",
                    "id": "6210a8cd14cd70477eba5c5e4cb3fb5f",
                    "passes": 21789,
                    "fails": 4259
                }
            },
        "name": "",
        "path": ""
    },
    "metrics": {
        "vus": {
            "value": 4,
            "min": 4,
            "max": 1000
        },
        "http_reqs": {
            "count": 26048,
            "rate": 209.97464359488586
        },
        "http_req_connecting": {
            "avg": 0.5180268350737064,
            "min": 0.046,
            "med": 0.183,
            "max": 28.73,
            "p(90)": 0.667,
            "p(95)": 1.6606499999999988
        },
        "checks": {
            "passes": 21789,
            "fails": 4259,
            "value": 0.8364941646191646
        },
        "http_req_waiting": {
            "min": 3.278,
            "med": 1288.464,
            "max": 60001.056,
            "p(90)": 7873.0903,
            "p(95)": 14999.951649999999,
            "avg": 2930.705150261038
        },
        "http_req_tls_handshaking": {
            "avg": 0,
            "min": 0,
            "med": 0,
            "max": 0,
            "p(90)": 0,
            "p(95)": 0
        },
        "http_req_receiving": {
            "max": 710.36,
            "p(90)": 0.203,
            "p(95)": 0.6056499999999988,
            "avg": 1.5064488252456882,
            "min": 0,
            "med": 0.059
        },
        "data_sent": {
            "count": 2005696,
            "rate": 16168.04755680621
        },
        "iteration_duration": {
            "min": 1003.652292,
            "med": 2290.8883335,
            "max": 61004.990459,
            "p(90)": 8874.917416400001,
            "p(95)": 16002.696984,
            "avg": 3934.3016895993073
        },
        "http_req_sending": {
            "max": 20.083,
            "p(90)": 0.084,
            "p(95)": 0.219,
            "avg": 0.1156463068181806,
            "min": 0.003,
            "med": 0.023
        },
        "data_received": {
            "count": 2375493,
            "rate": 19149.005529681595
        },
        "http_req_duration{expected_response:true}": {
            "avg": 1709.2439095874138,
            "min": 3.304,
            "med": 832.489,
            "max": 51056.133,
            "p(90)": 3577.2266,
            "p(95)": 7068.820799999998
        },
        "http_req_failed": {
            "passes": 4259,
            "fails": 21789,
            "value": 0.16350583538083538
        },
        "vus_max": {
            "max": 1000,
            "value": 1000,
            "min": 1000
        },
        "iterations": {
            "count": 26048,
            "rate": 209.97464359488586
        },
        "http_req_duration": {
            "p(95)": 15000.01465,
            "avg": 2932.3272453931145,
            "min": 3.304,
            "med": 1289.237,
            "max": 60001.075,
            "p(90)": 7873.2102
        },
        "http_req_blocked": {
            "med": 0.228,
            "max": 40.949,
            "p(90)": 0.8383000000000006,
            "p(95)": 2.569949999999997,
            "avg": 0.6906127917690371,
            "min": 0.058
        }
    }
}