{
    "metrics": {
        "http_req_duration{expected_response:true}": {
            "p(90)": 2011.543,
            "p(95)": 2206.6389999999997,
            "avg": 1793.9926541635518,
            "min": 123.047,
            "med": 1757.185,
            "max": 2992.931
        },
        "http_req_waiting": {
            "avg": 1793.7700986723996,
            "min": 122.307,
            "med": 1757.114,
            "max": 2992.283,
            "p(90)": 2011.413,
            "p(95)": 2206.2684999999997
        },
        "data_received": {
            "count": 3804255,
            "rate": 37043.211573720335
        },
        "data_sent": {
            "count": 2789787,
            "rate": 27165.02182072825
        },
        "http_req_blocked": {
            "min": 0,
            "med": 0.004,
            "max": 188.091,
            "p(90)": 0.009,
            "p(95)": 0.017,
            "avg": 2.216546106924101
        },
        "http_req_tls_handshaking": {
            "p(90)": 0,
            "p(95)": 0,
            "avg": 0,
            "min": 0,
            "med": 0,
            "max": 0
        },
        "iteration_duration": {
            "avg": 2796.7667627855963,
            "min": 1174.582291,
            "med": 2757.892,
            "max": 4090.108417,
            "p(90)": 3013.087,
            "p(95)": 3207.724104
        },
        "http_req_receiving": {
            "med": 0.031,
            "max": 10.641,
            "p(90)": 0.062,
            "p(95)": 0.079,
            "avg": 0.0468509839640042,
            "min": 0.007
        },
        "http_req_sending": {
            "max": 84.791,
            "p(90)": 0.024,
            "p(95)": 0.037,
            "avg": 0.17570450719000727,
            "min": 0.002,
            "med": 0.013
        },
        "checks": {
            "passes": 36231,
            "fails": 0,
            "value": 1
        },
        "vus_max": {
            "value": 1000,
            "min": 1000,
            "max": 1000
        },
        "iterations": {
            "count": 36231,
            "rate": 352.7924911782889
        },
        "vus": {
            "value": 300,
            "min": 300,
            "max": 1000
        },
        "http_reqs": {
            "count": 36231,
            "rate": 352.7924911782889
        },
        "http_req_failed": {
            "passes": 0,
            "fails": 36231,
            "value": 0
        },
        "http_req_connecting": {
            "med": 0,
            "max": 178.085,
            "p(90)": 0,
            "p(95)": 0,
            "avg": 2.161891667356682,
            "min": 0
        },
        "http_req_duration": {
            "max": 2992.931,
            "p(90)": 2011.543,
            "p(95)": 2206.6389999999997,
            "avg": 1793.9926541635518,
            "min": 123.047,
            "med": 1757.185
        }
    },
    "root_group": {
        "groups": {},
        "checks": {
                "status is 200": {
                    "name": "status is 200",
                    "path": "::status is 200",
                    "id": "6210a8cd14cd70477eba5c5e4cb3fb5f",
                    "passes": 36231,
                    "fails": 0
                }
            },
        "name": "",
        "path": "",
        "id": "d41d8cd98f00b204e9800998ecf8427e"
    }
}