{
    "metrics": {
        "http_req_duration": {
            "max": 4188.439,
            "p(90)": 3001.4143000000004,
            "p(95)": 3012.4736,
            "avg": 1969.299015698577,
            "min": 52.222,
            "med": 1808.4144999999999
        },
        "http_reqs": {
            "count": 34398,
            "rate": 331.9570148573877
        },
        "vus_max": {
            "value": 1000,
            "min": 1000,
            "max": 1000
        },
        "http_req_connecting": {
            "p(90)": 0,
            "p(95)": 0,
            "avg": 0.6887599860457002,
            "min": 0,
            "med": 0,
            "max": 72.891
        },
        "http_req_waiting": {
            "med": 1808.356,
            "max": 4188.344,
            "p(90)": 3001.3233,
            "p(95)": 3012.0885999999996,
            "avg": 1968.6372807430712,
            "min": 48.716
        },
        "iteration_duration": {
            "avg": 2971.9221445033786,
            "min": 1096.2915,
            "med": 2808.8842919999997,
            "max": 5193.998417,
            "p(90)": 4002.0695543,
            "p(95)": 4021.20812495
        },
        "data_sent": {
            "count": 2648646,
            "rate": 25560.690144018856
        },
        "http_req_tls_handshaking": {
            "avg": 0,
            "min": 0,
            "med": 0,
            "max": 0,
            "p(90)": 0,
            "p(95)": 0
        },
        "checks": {
            "passes": 30612,
            "fails": 3786,
            "value": 0.8899354613640328
        },
        "http_req_failed": {
            "passes": 3786,
            "fails": 30612,
            "value": 0.11006453863596721
        },
        "data_received": {
            "count": 3513354,
            "rate": 33905.532472157174
        },
        "vus": {
            "value": 176,
            "min": 176,
            "max": 1000
        },
        "http_req_sending": {
            "avg": 0.605244171172393,
            "min": 0.002,
            "med": 0.013,
            "max": 151.886,
            "p(90)": 0.028,
            "p(95)": 0.056
        },
        "http_req_receiving": {
            "min": 0.005,
            "med": 0.031,
            "max": 27.635,
            "p(90)": 0.07,
            "p(95)": 0.105,
            "avg": 0.056490784347925094
        },
        "iterations": {
            "count": 34398,
            "rate": 331.9570148573877
        },
        "http_req_duration{expected_response:true}": {
            "avg": 1819.1265493923797,
            "min": 52.222,
            "med": 1796.3049999999998,
            "max": 3530.066,
            "p(90)": 1918.3072,
            "p(95)": 2051.914
        },
        "http_req_blocked": {
            "avg": 0.7932575440438626,
            "min": 0,
            "med": 0.004,
            "max": 174.049,
            "p(90)": 0.012,
            "p(95)": 0.026
        }
    },
    "root_group": {
        "name": "",
        "path": "",
        "id": "d41d8cd98f00b204e9800998ecf8427e",
        "groups": {},
        "checks": {
                "status is 200": {
                    "name": "status is 200",
                    "path": "::status is 200",
                    "id": "6210a8cd14cd70477eba5c5e4cb3fb5f",
                    "passes": 30612,
                    "fails": 3786
                }
            }
    }
}