{
    "root_group": {
        "name": "",
        "path": "",
        "id": "d41d8cd98f00b204e9800998ecf8427e",
        "groups": {},
        "checks": {
                "status is 200": {
                    "name": "status is 200",
                    "path": "::status is 200",
                    "id": "6210a8cd14cd70477eba5c5e4cb3fb5f",
                    "passes": 43580,
                    "fails": 435
                }
            }
    },
    "metrics": {
        "http_req_waiting": {
            "p(90)": 1669.4120000000007,
            "p(95)": 2126.3794999999977,
            "avg": 1293.1452712257033,
            "min": 48.407,
            "med": 1185.313,
            "max": 3322.421
        },
        "http_reqs": {
            "count": 44015,
            "rate": 430.77831859984707
        },
        "iteration_duration": {
            "p(90)": 2673.5537498000003,
            "p(95)": 3130.062287399999,
            "avg": 2295.893472126102,
            "min": 1057.962083,
            "med": 2186.372833,
            "max": 4388.814875
        },
        "http_req_tls_handshaking": {
            "p(90)": 0,
            "p(95)": 0,
            "avg": 0,
            "min": 0,
            "med": 0,
            "max": 0
        },
        "http_req_duration{expected_response:true}": {
            "p(90)": 1601.1431,
            "p(95)": 1965.8508,
            "avg": 1275.8638359798092,
            "min": 56.465,
            "med": 1183.5985,
            "max": 3326.904
        },
        "http_req_blocked": {
            "avg": 1.6774129274111207,
            "min": 0.067,
            "med": 0.205,
            "max": 130.395,
            "p(90)": 0.418,
            "p(95)": 1.4118999999999942
        },
        "http_req_failed": {
            "fails": 43580,
            "passes": 435,
            "value": 0.00988299443371578
        },
        "checks": {
            "passes": 43580,
            "fails": 435,
            "value": 0.9901170055662842
        },
        "http_req_sending": {
            "avg": 0.28836435306147984,
            "min": 0.003,
            "med": 0.026,
            "max": 63.562,
            "p(90)": 0.064,
            "p(95)": 0.11
        },
        "vus": {
            "value": 133,
            "min": 133,
            "max": 1000
        },
        "vus_max": {
            "min": 1000,
            "max": 1000,
            "value": 1000
        },
        "http_req_connecting": {
            "max": 129.732,
            "p(90)": 0.328,
            "p(95)": 1.072299999999998,
            "avg": 1.5978699307053983,
            "min": 0.059,
            "med": 0.165
        },
        "data_received": {
            "count": 4591669,
            "rate": 44939.03104366786
        },
        "iterations": {
            "count": 44015,
            "rate": 430.77831859984707
        },
        "data_sent": {
            "count": 3389155,
            "rate": 33169.93053218822
        },
        "http_req_duration": {
            "avg": 1293.6288524593908,
            "min": 56.465,
            "med": 1185.455,
            "max": 3383.74,
            "p(90)": 1670.9862,
            "p(95)": 2127.3839999999996
        },
        "http_req_receiving": {
            "min": 0.008,
            "med": 0.058,
            "max": 365.031,
            "p(90)": 0.128,
            "p(95)": 0.187,
            "avg": 0.19521688060888176
        }
    }
}