{
    "root_group": {
        "id": "d41d8cd98f00b204e9800998ecf8427e",
        "groups": {},
        "checks": {
                "status is 200": {
                    "fails": 0,
                    "name": "status is 200",
                    "path": "::status is 200",
                    "id": "6210a8cd14cd70477eba5c5e4cb3fb5f",
                    "passes": 36206
                }
            },
        "name": "",
        "path": ""
    },
    "metrics": {
        "http_req_tls_handshaking": {
            "avg": 0,
            "min": 0,
            "med": 0,
            "max": 0,
            "p(90)": 0,
            "p(95)": 0
        },
        "http_req_receiving": {
            "avg": 0.044781804120861475,
            "min": 0.006,
            "med": 0.031,
            "max": 8.712,
            "p(90)": 0.065,
            "p(95)": 0.084
        },
        "http_req_waiting": {
            "p(90)": 2012.7415,
            "p(95)": 2082.4719999999998,
            "avg": 1794.5939948903558,
            "min": 72.015,
            "med": 1750.3865,
            "max": 2765.427
        },
        "data_sent": {
            "count": 2787862,
            "rate": 27139.52153945478
        },
        "iterations": {
            "count": 36206,
            "rate": 352.46131869421794
        },
        "http_req_failed": {
            "passes": 0,
            "fails": 36206,
            "value": 0
        },
        "iteration_duration": {
            "min": 1148.743458,
            "med": 2751.005541,
            "max": 3766.78775,
            "p(90)": 3013.8077710000002,
            "p(95)": 3084.36498975,
            "avg": 2797.351045709498
        },
        "http_req_connecting": {
            "med": 0,
            "max": 157.376,
            "p(90)": 0,
            "p(95)": 0,
            "avg": 1.8647203502181924,
            "min": 0
        },
        "checks": {
            "passes": 36206,
            "fails": 0,
            "value": 1
        },
        "http_reqs": {
            "count": 36206,
            "rate": 352.46131869421794
        },
        "http_req_duration{expected_response:true}": {
            "min": 74.028,
            "med": 1750.454,
            "max": 2765.698,
            "p(90)": 2013.054,
            "p(95)": 2082.5585,
            "avg": 1794.8295325912816
        },
        "http_req_sending": {
            "max": 91.922,
            "p(90)": 0.025,
            "p(95)": 0.039,
            "avg": 0.19075589681272279,
            "min": 0.002,
            "med": 0.013
        },
        "vus": {
            "max": 1000,
            "value": 294,
            "min": 294
        },
        "vus_max": {
            "value": 1000,
            "min": 1000,
            "max": 1000
        },
        "data_received": {
            "count": 3801630,
            "rate": 37008.43846289288
        },
        "http_req_duration": {
            "avg": 1794.8295325912816,
            "min": 74.028,
            "med": 1750.454,
            "max": 2765.698,
            "p(90)": 2013.054,
            "p(95)": 2082.5585
        },
        "http_req_blocked": {
            "avg": 1.9761540904814228,
            "min": 0,
            "med": 0.004,
            "max": 170.387,
            "p(90)": 0.01,
            "p(95)": 0.018
        }
    }
}