{
    "root_group": {
        "name": "",
        "path": "",
        "id": "d41d8cd98f00b204e9800998ecf8427e",
        "groups": {},
        "checks": {
                "status is 200": {
                    "name": "status is 200",
                    "path": "::status is 200",
                    "id": "6210a8cd14cd70477eba5c5e4cb3fb5f",
                    "passes": 33648,
                    "fails": 215
                }
            }
    },
    "metrics": {
        "vus": {
            "value": 116,
            "min": 116,
            "max": 1000
        },
        "http_reqs": {
            "count": 33863,
            "rate": 327.8087226471317
        },
        "data_sent": {
            "count": 2607451,
            "rate": 25241.27164382914
        },
        "http_req_waiting": {
            "max": 3271.593,
            "p(90)": 2365.8822,
            "p(95)": 2514.3587,
            "avg": 1999.9495365738353,
            "min": 109.748,
            "med": 1915.928
        },
        "http_req_sending": {
            "min": 0.002,
            "med": 0.013,
            "max": 151.312,
            "p(90)": 0.026,
            "p(95)": 0.039,
            "avg": 0.4194750908071466
        },
        "data_received": {
            "count": 3550025,
            "rate": 34365.80222116716
        },
        "http_req_connecting": {
            "p(90)": 0,
            "p(95)": 0,
            "avg": 3.9467061394442355,
            "min": 0,
            "med": 0,
            "max": 242.677
        },
        "iteration_duration": {
            "avg": 3004.832068312536,
            "min": 1144.403583,
            "med": 2916.925416,
            "max": 4481.085209,
            "p(90)": 3367.1168672,
            "p(95)": 3520.3235535999984
        },
        "http_req_tls_handshaking": {
            "min": 0,
            "med": 0,
            "max": 0,
            "p(90)": 0,
            "p(95)": 0,
            "avg": 0
        },
        "http_req_receiving": {
            "avg": 0.05094451170894282,
            "min": 0.007,
            "med": 0.036,
            "max": 17.743,
            "p(90)": 0.072,
            "p(95)": 0.089
        },
        "checks": {
            "fails": 215,
            "passes": 33648,
            "value": 0.9936508873992262
        },
        "vus_max": {
            "value": 1000,
            "min": 1000,
            "max": 1000
        },
        "http_req_duration": {
            "p(90)": 2366.0004,
            "p(95)": 2514.4834,
            "avg": 2000.4199561763703,
            "min": 110.17,
            "med": 1916.008,
            "max": 3271.811
        },
        "http_req_duration{expected_response:true}": {
            "avg": 1993.0275853542657,
            "min": 110.17,
            "med": 1915.538,
            "max": 3177.56,
            "p(90)": 2355.7675,
            "p(95)": 2468.813849999997
        },
        "iterations": {
            "count": 33863,
            "rate": 327.8087226471317
        },
        "http_req_blocked": {
            "max": 245.436,
            "p(90)": 0.009,
            "p(95)": 0.018,
            "avg": 4.0016546378023605,
            "min": 0,
            "med": 0.004
        },
        "http_req_failed": {
            "passes": 215,
            "fails": 33648,
            "value": 0.006349112600773706
        }
    }
}