{
    "root_group": {
        "name": "",
        "path": "",
        "id": "d41d8cd98f00b204e9800998ecf8427e",
        "groups": {},
        "checks": {
                "status is 200": {
                    "name": "status is 200",
                    "path": "::status is 200",
                    "id": "6210a8cd14cd70477eba5c5e4cb3fb5f",
                    "passes": 7183,
                    "fails": 4147
                }
            }
    },
    "metrics": {
        "http_req_sending": {
            "med": 0.024,
            "max": 511.379,
            "p(90)": 0.3321000000000003,
            "p(95)": 8.379499999999995,
            "avg": 2.402339982347622,
            "min": 0.003
        },
        "checks": {
            "passes": 7183,
            "fails": 4147,
            "value": 0.6339805825242718
        },
        "iteration_duration": {
            "max": 61175.560333,
            "p(90)": 16018.419175,
            "p(95)": 24782.79058279999,
            "avg": 9171.243406993797,
            "min": 1089.775958,
            "med": 5082.401291
        },
        "vus_max": {
            "value": 1000,
            "min": 1000,
            "max": 1000
        },
        "http_reqs": {
            "count": 11330,
            "rate": 90.78325743276102
        },
        "iterations": {
            "count": 11305,
            "rate": 90.58294133074699
        },
        "data_received": {
            "count": 806431,
            "rate": 6461.644578531236
        },
        "data_sent": {
            "count": 873411,
            "rate": 6998.3314790472405
        },
        "vus": {
            "value": 35,
            "min": 35,
            "max": 1000
        },
        "http_req_tls_handshaking": {
            "avg": 0,
            "min": 0,
            "med": 0,
            "max": 0,
            "p(90)": 0,
            "p(95)": 0
        },
        "http_req_failed": {
            "passes": 4147,
            "fails": 7183,
            "value": 0.36601941747572814
        },
        "http_req_duration": {
            "avg": 8264.794889320385,
            "min": 88.763,
            "med": 4085.8695,
            "max": 60014.375,
            "p(90)": 15006.5123,
            "p(95)": 25530.914449999986
        },
        "http_req_waiting": {
            "max": 60014.341,
            "p(90)": 15006.296400000001,
            "p(95)": 25476.40179999996,
            "avg": 8257.980443159731,
            "min": 88.683,
            "med": 4079.0705
        },
        "http_req_blocked": {
            "max": 426.923,
            "p(90)": 4.136500000000007,
            "p(95)": 199.8739,
            "avg": 19.029795233892283,
            "min": 0.049,
            "med": 0.273
        },
        "http_req_duration{expected_response:true}": {
            "min": 88.763,
            "med": 2112.26,
            "max": 54898.413,
            "p(90)": 8099.3796,
            "p(95)": 11905.7142,
            "avg": 3999.0426586384497
        },
        "http_req_receiving": {
            "avg": 4.412106178287715,
            "min": 0,
            "med": 0.057,
            "max": 1002.916,
            "p(90)": 0.276,
            "p(95)": 0.7785499999999995
        },
        "http_req_connecting": {
            "med": 0.218,
            "max": 419.287,
            "p(90)": 3.4450000000000025,
            "p(95)": 198.91205,
            "avg": 18.700787290379562,
            "min": 0
        }
    }
}