{
    "root_group": {
        "checks": {
            "status is 200": {
                "name": "status is 200",
                "path": "::status is 200",
                "id": "6210a8cd14cd70477eba5c5e4cb3fb5f",
                "passes": 3615,
                "fails": 18187
            }
        },
        "name": "",
        "path": "",
        "id": "d41d8cd98f00b204e9800998ecf8427e",
        "groups": {}
    },
    "metrics": {
        "http_req_tls_handshaking": {
            "min": 0,
            "med": 0,
            "max": 0,
            "p(90)": 0,
            "p(95)": 0,
            "avg": 0
        },
        "http_reqs": {
            "count": 21802,
            "rate": 209.4366192407007
        },
        "http_req_duration{expected_response:true}": {
            "p(90)": 4003.8048,
            "p(95)": 4576.8773,
            "avg": 3074.748470262793,
            "min": 26.939,
            "med": 3006.263,
            "max": 25849.345
        },
        "data_received": {
            "rate": 9914.95357384205,
            "count": 1032130
        },
        "http_req_receiving": {
            "avg": 1.5934725713237223,
            "min": 0,
            "med": 0.064,
            "max": 2413.216,
            "p(90)": 0.4229000000000005,
            "p(95)": 1.303799999999996
        },
        "http_req_blocked": {
            "max": 516.188,
            "p(90)": 2.1193000000000035,
            "p(95)": 22.595449999999914,
            "avg": 5.324364783047405,
            "min": 0.076,
            "med": 0.295
        },
        "vus_max": {
            "min": 1000,
            "max": 1000,
            "value": 1000
        },
        "http_req_waiting": {
            "med": 3098.2799999999997,
            "max": 59989.811,
            "p(90)": 4246.603700000001,
            "p(95)": 6752.9559,
            "avg": 3669.4780388496433,
            "min": 21.841
        },
        "http_req_failed": {
            "passes": 18187,
            "fails": 3615,
            "value": 0.8341895238968902
        },
        "checks": {
            "passes": 3615,
            "fails": 18187,
            "value": 0.1658104761031098
        },
        "iterations": {
            "count": 21802,
            "rate": 209.4366192407007
        },
        "http_req_connecting": {
            "p(90)": 1.5128000000000008,
            "p(95)": 17.718299999999928,
            "avg": 4.668091551233864,
            "min": 0.062,
            "med": 0.237,
            "max": 280.988
        },
        "http_req_sending": {
            "avg": 0.7960380699017724,
            "min": 0.003,
            "med": 0.027,
            "max": 178.001,
            "p(90)": 0.247,
            "p(95)": 0.869899999999998
        },
        "http_req_duration": {
            "med": 3098.6144999999997,
            "max": 59989.947,
            "p(90)": 4248.024,
            "p(95)": 6779.662899999998,
            "avg": 3671.8675494908607,
            "min": 26.939
        },
        "vus": {
            "value": 47,
            "min": 47,
            "max": 1000
        },
        "data_sent": {
            "count": 1678754,
            "rate": 16126.619681533954
        },
        "iteration_duration": {
            "max": 61002.962417,
            "p(90)": 5250.2318164,
            "p(95)": 7799.1050875,
            "avg": 4681.034186352614,
            "min": 1095.904791,
            "med": 4099.654270999999
        }
    }
}