{
    "metrics": {
        "http_req_waiting": {
            "avg": 3404.400994541455,
            "min": 34.468,
            "med": 3097.52,
            "max": 31066.844,
            "p(90)": 3291.6272,
            "p(95)": 4086.5268
        },
        "http_reqs": {
            "count": 23083,
            "rate": 221.30912646316608
        },
        "http_req_tls_handshaking": {
            "p(95)": 0,
            "avg": 0,
            "min": 0,
            "med": 0,
            "max": 0,
            "p(90)": 0
        },
        "http_req_sending": {
            "avg": 1.1962193389073001,
            "min": 0.003,
            "med": 0.024,
            "max": 86.386,
            "p(90)": 0.1068000000000005,
            "p(95)": 0.26289999999999897
        },
        "http_req_failed": {
            "fails": 3964,
            "passes": 19119,
            "value": 0.8282718884027206
        },
        "iterations": {
            "count": 23083,
            "rate": 221.30912646316608
        },
        "iteration_duration": {
            "max": 32066.594625,
            "p(90)": 4294.8447414,
            "p(95)": 5088.8101206,
            "avg": 4409.2111931769605,
            "min": 1111.575458,
            "med": 4098.841791
        },
        "http_req_duration{expected_response:true}": {
            "avg": 3047.2019492936342,
            "min": 37.698,
            "med": 3004.326,
            "max": 13107.198,
            "p(90)": 3110.8062,
            "p(95)": 3387.7493499999996
        },
        "http_req_receiving": {
            "med": 0.057,
            "max": 438.59,
            "p(90)": 0.248,
            "p(95)": 0.553799999999998,
            "avg": 0.7669649092405697,
            "min": 0
        },
        "vus": {
            "value": 51,
            "min": 51,
            "max": 1000
        },
        "vus_max": {
            "value": 1000,
            "min": 1000,
            "max": 1000
        },
        "checks": {
            "passes": 3964,
            "fails": 19119,
            "value": 0.17172811159727938
        },
        "data_sent": {
            "count": 1777391,
            "rate": 17040.802737663787
        },
        "http_req_connecting": {
            "max": 101.069,
            "p(90)": 0.7736000000000011,
            "p(95)": 1.7908999999999988,
            "avg": 1.837727071871084,
            "min": 0.043,
            "med": 0.234
        },
        "http_req_blocked": {
            "p(90)": 0.932,
            "p(95)": 2.2542999999999926,
            "avg": 2.0801397998527014,
            "min": 0.053,
            "med": 0.284,
            "max": 139.054
        },
        "data_received": {
            "count": 1093245,
            "rate": 10481.527356072607
        },
        "http_req_duration": {
            "min": 37.698,
            "med": 3097.824,
            "max": 31066.87,
            "p(90)": 3292.1996,
            "p(95)": 4087.8024,
            "avg": 3406.3641787895667
        }
    },
    "root_group": {
        "name": "",
        "path": "",
        "id": "d41d8cd98f00b204e9800998ecf8427e",
        "groups": {},
        "checks": {
                "status is 200": {
                    "name": "status is 200",
                    "path": "::status is 200",
                    "id": "6210a8cd14cd70477eba5c5e4cb3fb5f",
                    "passes": 3964,
                    "fails": 19119
                }
            }
    }
}