{
    "root_group": {
        "id": "d41d8cd98f00b204e9800998ecf8427e",
        "groups": {},
        "checks": {
                "status is 200": {
                    "name": "status is 200",
                    "path": "::status is 200",
                    "id": "6210a8cd14cd70477eba5c5e4cb3fb5f",
                    "passes": 8057,
                    "fails": 17664
                }
            },
        "name": "",
        "path": ""
    },
    "metrics": {
        "http_req_sending": {
            "p(90)": 0.074,
            "p(95)": 0.191,
            "avg": 0.12012686131954167,
            "min": 0.003,
            "med": 0.026,
            "max": 14.861
        },
        "iteration_duration": {
            "p(90)": 4076.394958,
            "p(95)": 4083.8785,
            "avg": 3964.3244199829383,
            "min": 1056.717125,
            "med": 4004.006917,
            "max": 7166.226292
        },
        "http_req_connecting": {
            "med": 0.207,
            "max": 98.633,
            "p(90)": 0.632,
            "p(95)": 2.716,
            "avg": 1.8131203296916973,
            "min": 0.066
        },
        "http_req_waiting": {
            "p(95)": 3081.709,
            "avg": 2960.9947594183827,
            "min": 37.009,
            "med": 3003.068,
            "max": 6056.634,
            "p(90)": 3074.879
        },
        "http_req_duration{expected_response:true}": {
            "avg": 2825.2556117661593,
            "min": 46.243,
            "med": 2997.057,
            "max": 5995.763,
            "p(90)": 3006.6697999999997,
            "p(95)": 3025.3934
        },
        "http_req_blocked": {
            "avg": 2.3285679794720084,
            "min": 0.081,
            "med": 0.251,
            "max": 111.701,
            "p(90)": 0.759,
            "p(95)": 3.878
        },
        "data_received": {
            "count": 1482828,
            "rate": 14248.08158988523
        },
        "http_req_tls_handshaking": {
            "avg": 0,
            "min": 0,
            "med": 0,
            "max": 0,
            "p(90)": 0,
            "p(95)": 0
        },
        "checks": {
            "passes": 8057,
            "fails": 17664,
            "value": 0.31324598577038215
        },
        "data_sent": {
            "count": 1980517,
            "rate": 19030.2366870296
        },
        "vus_max": {
            "value": 1000,
            "min": 1000,
            "max": 1000
        },
        "iterations": {
            "count": 25721,
            "rate": 247.1459310003844
        },
        "http_req_receiving": {
            "avg": 0.23541872399984232,
            "min": 0.01,
            "med": 0.062,
            "max": 155.346,
            "p(90)": 0.203,
            "p(95)": 0.379
        },
        "vus": {
            "value": 19,
            "min": 19,
            "max": 1000
        },
        "http_reqs": {
            "count": 25721,
            "rate": 247.1459310003844
        },
        "http_req_duration": {
            "avg": 2961.350305003711,
            "min": 46.243,
            "med": 3003.216,
            "max": 6057.788,
            "p(90)": 3075.112,
            "p(95)": 3082.187
        },
        "http_req_failed": {
            "fails": 8057,
            "passes": 17664,
            "value": 0.6867540142296178
        }
    }
}