{
    "root_group": {
        "name": "",
        "path": "",
        "id": "d41d8cd98f00b204e9800998ecf8427e",
        "groups": {},
        "checks": {
                "status is 200": {
                    "name": "status is 200",
                    "path": "::status is 200",
                    "id": "6210a8cd14cd70477eba5c5e4cb3fb5f",
                    "passes": 7928,
                    "fails": 17526
                }
            }
    },
    "metrics": {
        "http_req_duration{expected_response:true}": {
            "p(90)": 3005.8393,
            "p(95)": 3012.68765,
            "avg": 2879.167093970724,
            "min": 23.678,
            "med": 2996.1985,
            "max": 10085.427
        },
        "http_reqs": {
            "rate": 244.8255899008819,
            "count": 25454
        },
        "vus": {
            "value": 35,
            "min": 35,
            "max": 1000
        },
        "http_req_connecting": {
            "med": 0.197,
            "max": 127.003,
            "p(90)": 0.508,
            "p(95)": 2.1753999999999953,
            "avg": 2.483353539718703,
            "min": 0.057
        },
        "checks": {
            "fails": 17526,
            "passes": 7928,
            "value": 0.3114638170817946
        },
        "http_req_failed": {
            "fails": 7928,
            "passes": 17526,
            "value": 0.6885361829182054
        },
        "iterations": {
            "count": 25454,
            "rate": 244.8255899008819
        },
        "http_req_blocked": {
            "max": 134.867,
            "p(90)": 0.6197000000000006,
            "p(95)": 2.7260499999999968,
            "avg": 2.6195406615855936,
            "min": 0.076,
            "med": 0.237
        },
        "http_req_receiving": {
            "max": 231.981,
            "p(90)": 0.164,
            "p(95)": 0.28,
            "avg": 0.23650310363793473,
            "min": 0,
            "med": 0.058
        },
        "vus_max": {
            "value": 1000,
            "min": 1000,
            "max": 1000
        },
        "data_sent": {
            "count": 1959958,
            "rate": 18851.570422367906
        },
        "http_req_duration": {
            "med": 3003.12,
            "max": 15015.048,
            "p(90)": 3076.5087,
            "p(95)": 3083.2169,
            "avg": 2999.698430541343,
            "min": 23.678
        },
        "iteration_duration": {
            "avg": 4002.7384373012655,
            "min": 1039.11475,
            "med": 4003.7841875,
            "max": 16063.149292,
            "p(90)": 4077.4644419,
            "p(95)": 4084.302933
        },
        "http_req_waiting": {
            "med": 3002.992,
            "max": 15009.853,
            "p(90)": 3076.2482,
            "p(95)": 3082.90305,
            "avg": 2999.3359250019585,
            "min": 23.584
        },
        "http_req_tls_handshaking": {
            "p(90)": 0,
            "p(95)": 0,
            "avg": 0,
            "min": 0,
            "med": 0,
            "max": 0
        },
        "http_req_sending": {
            "p(95)": 0.165,
            "avg": 0.126002435766476,
            "min": 0.003,
            "med": 0.025,
            "max": 23.883,
            "p(90)": 0.069
        },
        "data_received": {
            "count": 1463995,
            "rate": 14081.222577470795
        }
    }
}