{
    "root_group": {
        "name": "",
        "path": "",
        "id": "d41d8cd98f00b204e9800998ecf8427e",
        "groups": {},
        "checks": {
                "status is 200": {
                    "fails": 13679,
                    "name": "status is 200",
                    "path": "::status is 200",
                    "id": "6210a8cd14cd70477eba5c5e4cb3fb5f",
                    "passes": 11922
                }
            }
    },
    "metrics": {
        "http_req_failed": {
            "passes": 13679,
            "fails": 11922,
            "value": 0.5343150658177415
        },
        "checks": {
            "passes": 11922,
            "fails": 13679,
            "value": 0.4656849341822585
        },
        "data_received": {
            "count": 1745123,
            "rate": 16775.518167403527
        },
        "http_req_waiting": {
            "med": 3001.604,
            "max": 9978.02,
            "p(90)": 3063.379,
            "p(95)": 3077.155,
            "avg": 2980.1150810515132,
            "min": 22.128
        },
        "vus": {
            "value": 19,
            "min": 19,
            "max": 1000
        },
        "iteration_duration": {
            "med": 4002.229666,
            "max": 11020.333,
            "p(90)": 4065.925,
            "p(95)": 4078.70325,
            "avg": 3982.9675026310338,
            "min": 1043.246917
        },
        "http_req_receiving": {
            "min": 0.007,
            "med": 0.057,
            "max": 99.173,
            "p(90)": 0.16,
            "p(95)": 0.281,
            "avg": 0.20021979610171364
        },
        "http_req_duration": {
            "med": 3001.716,
            "max": 9978.608,
            "p(90)": 3064.102,
            "p(95)": 3077.549,
            "avg": 2980.3846436467165,
            "min": 22.739
        },
        "http_req_connecting": {
            "p(90)": 0.47,
            "p(95)": 3.65,
            "avg": 2.047083902972548,
            "min": 0.063,
            "med": 0.182,
            "max": 68.124
        },
        "http_req_sending": {
            "max": 14.211,
            "p(90)": 0.058,
            "p(95)": 0.107,
            "avg": 0.06934279910940763,
            "min": 0.004,
            "med": 0.025
        },
        "vus_max": {
            "value": 1000,
            "min": 1000,
            "max": 1000
        },
        "http_req_duration{expected_response:true}": {
            "p(90)": 3002.0537999999997,
            "p(95)": 3006.35035,
            "avg": 2909.0453194094976,
            "min": 22.739,
            "med": 2990.683,
            "max": 9978.608
        },
        "http_req_tls_handshaking": {
            "min": 0,
            "med": 0,
            "max": 0,
            "p(90)": 0,
            "p(95)": 0,
            "avg": 0
        },
        "iterations": {
            "count": 25601,
            "rate": 246.09728976335632
        },
        "data_sent": {
            "count": 1971277,
            "rate": 18949.491311778438
        },
        "http_reqs": {
            "count": 25601,
            "rate": 246.09728976335632
        },
        "http_req_blocked": {
            "avg": 2.120530682395211,
            "min": 0.074,
            "med": 0.221,
            "max": 72.428,
            "p(90)": 0.568,
            "p(95)": 4.528
        }
    }
}