{
    "root_group": {
        "checks": {
            "status is 200": {
                "passes": 8045,
                "fails": 4742,
                "name": "status is 200",
                "path": "::status is 200",
                "id": "6210a8cd14cd70477eba5c5e4cb3fb5f"
            }
        },
        "name": "",
        "path": "",
        "id": "d41d8cd98f00b204e9800998ecf8427e",
        "groups": {}
    },
    "metrics": {
        "data_sent": {
            "count": 987833,
            "rate": 7909.387168918873
        },
        "http_req_duration{expected_response:true}": {
            "p(95)": 12808.627,
            "avg": 3962.1088632691076,
            "min": 55.956,
            "med": 1982.33,
            "max": 51027.659,
            "p(90)": 7899.640600000001
        },
        "iteration_duration": {
            "avg": 8157.648959870196,
            "min": 1083.9235,
            "med": 4802.528417,
            "max": 61006.907167,
            "p(90)": 16010.590825,
            "p(95)": 16131.7396042
        },
        "http_reqs": {
            "count": 12787,
            "rate": 102.38302803101904
        },
        "http_req_tls_handshaking": {
            "min": 0,
            "med": 0,
            "max": 0,
            "p(90)": 0,
            "p(95)": 0,
            "avg": 0
        },
        "http_req_sending": {
            "avg": 1.021687729725513,
            "min": 0.003,
            "med": 0.02,
            "max": 503.153,
            "p(90)": 0.122,
            "p(95)": 0.582
        },
        "data_received": {
            "count": 903656,
            "rate": 7235.398262172404
        },
        "http_req_failed": {
            "passes": 4742,
            "fails": 8045,
            "value": 0.37084538984906545
        },
        "http_req_receiving": {
            "avg": 3.0009858449988243,
            "min": 0,
            "med": 0.048,
            "max": 2397.214,
            "p(90)": 0.195,
            "p(95)": 0.448
        },
        "checks": {
            "passes": 8045,
            "fails": 4742,
            "value": 0.6291546101509345
        },
        "http_req_connecting": {
            "avg": 2.706537968248977,
            "min": 0,
            "med": 0.205,
            "max": 77.721,
            "p(90)": 1.321,
            "p(95)": 27.999399999999998
        },
        "vus_max": {
            "min": 1000,
            "max": 1000,
            "value": 1000
        },
        "http_req_waiting": {
            "p(90)": 15004.3426,
            "p(95)": 15039.6426,
            "avg": 7146.976777195602,
            "min": 55.391,
            "med": 3800.851,
            "max": 60002.993
        },
        "vus": {
            "max": 1000,
            "value": 39,
            "min": 39
        },
        "http_req_blocked": {
            "avg": 5.698808946586321,
            "min": 0.07,
            "med": 0.248,
            "max": 114.942,
            "p(90)": 1.7306000000000012,
            "p(95)": 61.69109999999997
        },
        "http_req_duration": {
            "max": 60003.575,
            "p(90)": 15004.727200000001,
            "p(95)": 15040.502,
            "avg": 7150.999450770266,
            "min": 55.956,
            "med": 3801.678
        },
        "iterations": {
            "count": 12787,
            "rate": 102.38302803101904
        }
    }
}