{
    "root_group": {
        "id": "d41d8cd98f00b204e9800998ecf8427e",
        "groups": {},
        "checks": {
                "status is 200": {
                    "id": "6210a8cd14cd70477eba5c5e4cb3fb5f",
                    "passes": 31376,
                    "fails": 1179,
                    "name": "status is 200",
                    "path": "::status is 200"
                }
            },
        "name": "",
        "path": ""
    },
    "metrics": {
        "vus_max": {
            "value": 1000,
            "min": 1000,
            "max": 1000
        },
        "http_req_sending": {
            "p(95)": 0.049,
            "avg": 0.27364665949935146,
            "min": 0.001,
            "med": 0.014,
            "max": 136.868,
            "p(90)": 0.027
        },
        "iterations": {
            "count": 32555,
            "rate": 316.54188275475354
        },
        "vus": {
            "max": 1000,
            "value": 328,
            "min": 328
        },
        "http_req_connecting": {
            "p(95)": 0,
            "avg": 1.782370726462908,
            "min": 0,
            "med": 0,
            "max": 161.34,
            "p(90)": 0
        },
        "http_req_tls_handshaking": {
            "med": 0,
            "max": 0,
            "p(90)": 0,
            "p(95)": 0,
            "avg": 0,
            "min": 0
        },
        "http_req_waiting": {
            "avg": 2110.007021563521,
            "min": 111.747,
            "med": 2016.296,
            "max": 3859.134,
            "p(90)": 2675.8724000000007,
            "p(95)": 2986.4638
        },
        "data_sent": {
            "count": 2506735,
            "rate": 24373.724972116022
        },
        "http_req_receiving": {
            "med": 0.036,
            "max": 11.173,
            "p(90)": 0.074,
            "p(95)": 0.096,
            "avg": 0.05383732145599559,
            "min": 0.006
        },
        "checks": {
            "passes": 31376,
            "fails": 1179,
            "value": 0.9637843649209031
        },
        "http_reqs": {
            "rate": 316.54188275475354,
            "count": 32555
        },
        "iteration_duration": {
            "max": 5058.973666,
            "p(90)": 3692.9070498,
            "p(95)": 3988.2005372999997,
            "avg": 3113.6006748250547,
            "min": 1121.682167,
            "med": 3017.29825
        },
        "http_req_duration{expected_response:true}": {
            "p(90)": 2468.781,
            "p(95)": 2797.6605,
            "avg": 2070.6865890170648,
            "min": 113.072,
            "med": 2008.539,
            "max": 3859.292
        },
        "http_req_blocked": {
            "max": 172.924,
            "p(90)": 0.011,
            "p(95)": 0.021299999999998556,
            "avg": 1.8580651205643173,
            "min": 0,
            "med": 0.004
        },
        "data_received": {
            "count": 3387621,
            "rate": 32938.839791108614
        },
        "http_req_failed": {
            "passes": 1179,
            "fails": 31376,
            "value": 0.03621563507909691
        },
        "http_req_duration": {
            "min": 113.072,
            "med": 2016.456,
            "max": 3859.292,
            "p(90)": 2677.2846000000004,
            "p(95)": 2987.2261,
            "avg": 2110.334505544442
        }
    }
}