{
    "metrics": {
        "vus": {
            "min": 70,
            "max": 1000,
            "value": 70
        },
        "http_req_blocked": {
            "avg": 3.112803125379553,
            "min": 0.044,
            "med": 0.281,
            "max": 202.266,
            "p(90)": 1.097,
            "p(95)": 2.509
        },
        "data_received": {
            "count": 1236155,
            "rate": 11871.433476492617
        },
        "http_reqs": {
            "count": 24701,
            "rate": 237.2164318413501
        },
        "http_req_receiving": {
            "p(95)": 0.593,
            "avg": 0.5214906279098044,
            "min": 0,
            "med": 0.057,
            "max": 197.462,
            "p(90)": 0.271
        },
        "checks": {
            "fails": 19649,
            "passes": 5052,
            "value": 0.20452613254524107
        },
        "http_req_duration": {
            "p(90)": 3115.923,
            "p(95)": 3288.705,
            "avg": 3128.5732765475145,
            "min": 79.587,
            "med": 3094.413,
            "max": 59980.546
        },
        "iterations": {
            "rate": 237.2164318413501,
            "count": 24701
        },
        "data_sent": {
            "count": 1901977,
            "rate": 18265.665251783958
        },
        "http_req_connecting": {
            "avg": 2.9141840816161513,
            "min": 0.033,
            "med": 0.231,
            "max": 186.559,
            "p(90)": 0.917,
            "p(95)": 1.928
        },
        "http_req_tls_handshaking": {
            "min": 0,
            "med": 0,
            "max": 0,
            "p(90)": 0,
            "p(95)": 0,
            "avg": 0
        },
        "iteration_duration": {
            "avg": 4132.997890396393,
            "min": 1088.988167,
            "med": 4096.01475,
            "max": 61003.488917,
            "p(90)": 4120.100166,
            "p(95)": 4289.747958
        },
        "vus_max": {
            "min": 1000,
            "max": 1000,
            "value": 1000
        },
        "http_req_failed": {
            "fails": 5052,
            "passes": 19649,
            "value": 0.7954738674547589
        },
        "http_req_duration{expected_response:true}": {
            "min": 79.587,
            "med": 2995.9674999999997,
            "max": 9978.385,
            "p(90)": 3098.9909,
            "p(95)": 3107.98,
            "avg": 2639.087281670622
        },
        "http_req_waiting": {
            "p(90)": 3114.74,
            "p(95)": 3288.288,
            "avg": 3127.911988178579,
            "min": 68.631,
            "med": 3094.106,
            "max": 59980.393
        },
        "http_req_sending": {
            "p(90)": 0.124,
            "p(95)": 0.279,
            "avg": 0.1397977409821437,
            "min": 0.003,
            "med": 0.027,
            "max": 21.222
        }
    },
    "root_group": {
        "name": "",
        "path": "",
        "id": "d41d8cd98f00b204e9800998ecf8427e",
        "groups": {},
        "checks": {
                "status is 200": {
                    "fails": 19649,
                    "name": "status is 200",
                    "path": "::status is 200",
                    "id": "6210a8cd14cd70477eba5c5e4cb3fb5f",
                    "passes": 5052
                }
            }
    }
}