{
    "root_group": {
        "name": "",
        "path": "",
        "id": "d41d8cd98f00b204e9800998ecf8427e",
        "groups": {},
        "checks": {
                "status is 200": {
                    "fails": 4574,
                    "name": "status is 200",
                    "path": "::status is 200",
                    "id": "6210a8cd14cd70477eba5c5e4cb3fb5f",
                    "passes": 7655
                }
            }
    },
    "metrics": {
        "http_req_duration": {
            "avg": 7521.374437321137,
            "min": 74.53,
            "med": 3811.362,
            "max": 60009.491,
            "p(90)": 15007.3428,
            "p(95)": 15097.4836
        },
        "http_req_duration{expected_response:true}": {
            "min": 74.53,
            "med": 1838.832,
            "max": 52280.757,
            "p(90)": 7899.4328,
            "p(95)": 9548.765699999994,
            "avg": 3401.4444877857636
        },
        "http_req_tls_handshaking": {
            "avg": 0,
            "min": 0,
            "med": 0,
            "max": 0,
            "p(90)": 0,
            "p(95)": 0
        },
        "http_req_waiting": {
            "avg": 7516.5662468722085,
            "min": 37.398,
            "med": 3807.354,
            "max": 60009.48,
            "p(90)": 15007.015,
            "p(95)": 15093.368199999997
        },
        "http_req_receiving": {
            "avg": 4.37789966473139,
            "min": 0,
            "med": 0.049,
            "max": 4099.877,
            "p(90)": 0.212,
            "p(95)": 0.5483999999999924
        },
        "checks": {
            "passes": 7655,
            "fails": 4574,
            "value": 0.6259710524163873
        },
        "http_reqs": {
            "count": 12229,
            "rate": 97.91187650885593
        },
        "http_req_connecting": {
            "p(95)": 13.425999999999984,
            "avg": 1.717223894022406,
            "min": 0.05,
            "med": 0.212,
            "max": 136.842,
            "p(90)": 1.771800000000001
        },
        "http_req_sending": {
            "med": 0.02,
            "max": 77.106,
            "p(90)": 0.2012000000000003,
            "p(95)": 0.6921999999999988,
            "avg": 0.43029078420149197,
            "min": 0.003
        },
        "iterations": {
            "rate": 97.91187650885593,
            "count": 12229
        },
        "http_req_blocked": {
            "avg": 2.0231836617875527,
            "min": 0.064,
            "med": 0.26,
            "max": 333.299,
            "p(90)": 2.4022000000000006,
            "p(95)": 15.13799999999999
        },
        "http_req_failed": {
            "passes": 4574,
            "fails": 7655,
            "value": 0.3740289475836127
        },
        "data_received": {
            "count": 866161,
            "rate": 6934.945528562201
        },
        "vus": {
            "value": 30,
            "min": 30,
            "max": 1000
        },
        "iteration_duration": {
            "avg": 8526.015309249038,
            "min": 1086.506208,
            "med": 4813.165208,
            "max": 61106.381584,
            "p(90)": 16016.220275399999,
            "p(95)": 16132.746158199998
        },
        "vus_max": {
            "min": 1000,
            "max": 1000,
            "value": 1000
        },
        "data_sent": {
            "count": 943943,
            "rate": 7557.709579474936
        }
    }
}