{
    "metrics": {
        "http_req_duration": {
            "p(95)": 15062.85915,
            "avg": 7073.079004932976,
            "min": 13.213,
            "med": 3997.3325,
            "max": 60002.605,
            "p(90)": 15031.6649
        },
        "http_req_failed": {
            "passes": 5182,
            "fails": 7792,
            "value": 0.39941421304146757
        },
        "vus_max": {
            "value": 1000,
            "min": 1000,
            "max": 1000
        },
        "http_req_duration{expected_response:true}": {
            "p(95)": 8793.357549999999,
            "avg": 3246.5757742556434,
            "min": 13.213,
            "med": 1913.4265,
            "max": 57609.157,
            "p(90)": 7597.895
        },
        "vus": {
            "value": 10,
            "min": 10,
            "max": 1000
        },
        "http_req_waiting": {
            "avg": 7069.128532372432,
            "min": 13.174,
            "med": 3995.5105000000003,
            "max": 60002.591,
            "p(90)": 15031.2398,
            "p(95)": 15062.32425
        },
        "data_received": {
            "count": 884688,
            "rate": 7082.51314992036
        },
        "http_req_connecting": {
            "p(90)": 3.176,
            "p(95)": 39.83659999999997,
            "avg": 4.841606983197181,
            "min": 0,
            "med": 0.188,
            "max": 177.809
        },
        "iteration_duration": {
            "min": 1013.948584,
            "med": 5000.6876455,
            "max": 61082.58875,
            "p(90)": 16084.995991,
            "p(95)": 16164.789058549999,
            "avg": 8085.721039667281
        },
        "iterations": {
            "count": 12974,
            "rate": 103.8654594694025
        },
        "http_req_sending": {
            "p(90)": 0.19,
            "p(95)": 0.584,
            "avg": 0.4921778942500475,
            "min": 0.003,
            "med": 0.02,
            "max": 597.695
        },
        "data_sent": {
            "count": 1000230,
            "rate": 8007.503354792698
        },
        "http_req_receiving": {
            "p(90)": 0.24,
            "p(95)": 0.6576999999999988,
            "avg": 3.458294666255583,
            "min": 0,
            "med": 0.049,
            "max": 1107.684
        },
        "http_req_blocked": {
            "max": 207.981,
            "p(90)": 4.765400000000003,
            "p(95)": 44.91499999999998,
            "avg": 5.571954370279017,
            "min": 0.063,
            "med": 0.235
        },
        "http_reqs": {
            "count": 12974,
            "rate": 103.8654594694025
        },
        "http_req_tls_handshaking": {
            "avg": 0,
            "min": 0,
            "med": 0,
            "max": 0,
            "p(90)": 0,
            "p(95)": 0
        },
        "checks": {
            "passes": 7792,
            "fails": 5182,
            "value": 0.6005857869585325
        }
    },
    "root_group": {
        "name": "",
        "path": "",
        "id": "d41d8cd98f00b204e9800998ecf8427e",
        "groups": {},
        "checks": {
                "status is 200": {
                    "fails": 5182,
                    "name": "status is 200",
                    "path": "::status is 200",
                    "id": "6210a8cd14cd70477eba5c5e4cb3fb5f",
                    "passes": 7792
                }
            }
    }
}