{
    "root_group": {
        "name": "",
        "path": "",
        "id": "d41d8cd98f00b204e9800998ecf8427e",
        "groups": {},
        "checks": {
                "status is 200": {
                    "passes": 8216,
                    "fails": 5065,
                    "name": "status is 200",
                    "path": "::status is 200",
                    "id": "6210a8cd14cd70477eba5c5e4cb3fb5f"
                }
            }
    },
    "metrics": {
        "http_req_waiting": {
            "min": 25.129,
            "med": 3790.66,
            "max": 60004.57,
            "p(90)": 15002.531,
            "p(95)": 15010.946,
            "avg": 6933.825659287723
        },
        "iterations": {
            "count": 13281,
            "rate": 107.07017387741547
        },
        "http_req_blocked": {
            "p(95)": 77.066,
            "avg": 7.193554551615063,
            "min": 0.072,
            "med": 0.273,
            "max": 167.36,
            "p(90)": 2.719
        },
        "http_req_receiving": {
            "med": 0.06,
            "max": 1996.362,
            "p(90)": 0.286,
            "p(95)": 0.885,
            "avg": 4.010193434229343,
            "min": 0
        },
        "http_req_failed": {
            "passes": 5065,
            "fails": 8216,
            "value": 0.3813718846472404
        },
        "http_req_sending": {
            "p(90)": 0.107,
            "p(95)": 0.273,
            "avg": 0.1853136811987032,
            "min": 0.004,
            "med": 0.024,
            "max": 303.487
        },
        "vus": {
            "max": 1000,
            "value": 2,
            "min": 2
        },
        "data_received": {
            "count": 921518,
            "rate": 7429.191513528209
        },
        "checks": {
            "passes": 8216,
            "fails": 5065,
            "value": 0.6186281153527596
        },
        "http_req_duration{expected_response:true}": {
            "med": 1896.6644999999999,
            "max": 47598.241,
            "p(90)": 7756.4955,
            "p(95)": 8804.91975,
            "avg": 3214.9540763145033,
            "min": 26.87
        },
        "http_req_connecting": {
            "avg": 6.060301483322003,
            "min": 0,
            "med": 0.222,
            "max": 156.447,
            "p(90)": 1.761,
            "p(95)": 64.908
        },
        "http_req_tls_handshaking": {
            "avg": 0,
            "min": 0,
            "med": 0,
            "max": 0,
            "p(90)": 0,
            "p(95)": 0
        },
        "iteration_duration": {
            "p(90)": 16034.868625,
            "p(95)": 16156.973292,
            "avg": 7963.6330519282365,
            "min": 1045.68575,
            "med": 4793.344459,
            "max": 61028.80375
        },
        "http_reqs": {
            "count": 13281,
            "rate": 107.07017387741547
        },
        "http_req_duration": {
            "avg": 6938.021166403134,
            "min": 26.87,
            "med": 3791.848,
            "max": 60004.593,
            "p(90)": 15002.55,
            "p(95)": 15011.226
        },
        "vus_max": {
            "value": 1000,
            "min": 1000,
            "max": 1000
        },
        "data_sent": {
            "rate": 8246.88645561575,
            "count": 1022945
        }
    }
}