{
    "metrics": {
        "data_sent": {
            "count": 995995,
            "rate": 7975.6154423360185
        },
        "vus_max": {
            "value": 1000,
            "min": 1000,
            "max": 1000
        },
        "http_reqs": {
            "count": 12929,
            "rate": 103.53137521168519
        },
        "http_req_sending": {
            "p(95)": 0.249,
            "avg": 0.24438548998375512,
            "min": 0.003,
            "med": 0.021,
            "max": 70.329,
            "p(90)": 0.097
        },
        "data_received": {
            "count": 873240,
            "rate": 6992.631919703919
        },
        "http_req_tls_handshaking": {
            "min": 0,
            "med": 0,
            "max": 0,
            "p(90)": 0,
            "p(95)": 0,
            "avg": 0
        },
        "http_req_waiting": {
            "p(95)": 15016.1556,
            "avg": 7125.138917781741,
            "min": 26.283,
            "med": 3989.491,
            "max": 60002.724,
            "p(90)": 15006.3512
        },
        "http_req_receiving": {
            "med": 0.046,
            "max": 1291.093,
            "p(90)": 0.204,
            "p(95)": 0.4855999999999994,
            "avg": 3.5277381081290216,
            "min": 0
        },
        "vus": {
            "value": 10,
            "min": 10,
            "max": 1000
        },
        "checks": {
            "passes": 7835,
            "fails": 5094,
            "value": 0.6060020109830614
        },
        "http_req_failed": {
            "passes": 5094,
            "fails": 7835,
            "value": 0.39399798901693867
        },
        "http_req_duration{expected_response:true}": {
            "avg": 3314.3797961710297,
            "min": 52.169,
            "med": 1898.486,
            "max": 52395.856,
            "p(90)": 7597.2898,
            "p(95)": 8904.1058
        },
        "http_req_duration": {
            "p(95)": 15016.1718,
            "avg": 7128.911041379815,
            "min": 52.169,
            "med": 3992.307,
            "max": 60002.733,
            "p(90)": 15006.394
        },
        "http_req_connecting": {
            "max": 39,
            "p(90)": 0.604,
            "p(95)": 1.3325999999999993,
            "avg": 0.46454528579163407,
            "min": 0.045,
            "med": 0.2
        },
        "iterations": {
            "rate": 103.4993444667825,
            "count": 12925
        },
        "iteration_duration": {
            "p(90)": 16016.409225,
            "p(95)": 16087.887683199999,
            "avg": 8119.228802203934,
            "min": 1053.248292,
            "med": 4993.411667,
            "max": 61004.037875
        },
        "http_req_blocked": {
            "p(95)": 1.8941999999999988,
            "avg": 0.5993251604919168,
            "min": 0.055,
            "med": 0.244,
            "max": 66.689,
            "p(90)": 0.7942000000000004
        }
    },
    "root_group": {
        "name": "",
        "path": "",
        "id": "d41d8cd98f00b204e9800998ecf8427e",
        "groups": {},
        "checks": {
                "status is 200": {
                    "name": "status is 200",
                    "path": "::status is 200",
                    "id": "6210a8cd14cd70477eba5c5e4cb3fb5f",
                    "passes": 7835,
                    "fails": 5094
                }
            }
    }
}