{
    "root_group": {
        "id": "d41d8cd98f00b204e9800998ecf8427e",
        "groups": {},
        "checks": {
                "status is 200": {
                    "path": "::status is 200",
                    "id": "6210a8cd14cd70477eba5c5e4cb3fb5f",
                    "passes": 33875,
                    "fails": 130,
                    "name": "status is 200"
                }
            },
        "name": "",
        "path": ""
    },
    "metrics": {
        "http_req_duration{expected_response:true}": {
            "p(90)": 2283.3114,
            "p(95)": 2586.4383,
            "avg": 1975.579058066418,
            "min": 64.654,
            "med": 1898.604,
            "max": 3208.174
        },
        "http_req_failed": {
            "passes": 130,
            "fails": 33875,
            "value": 0.003822967210704308
        },
        "iteration_duration": {
            "min": 1073.639125,
            "med": 2899.658375,
            "max": 4327.369416,
            "p(90)": 3286.0163838,
            "p(95)": 3596.6411248,
            "avg": 2981.4328375248383
        },
        "iterations": {
            "rate": 330.5050472849163,
            "count": 34005
        },
        "http_req_sending": {
            "avg": 0.554359947066323,
            "min": 0.002,
            "med": 0.015,
            "max": 129.101,
            "p(90)": 0.029,
            "p(95)": 0.05
        },
        "data_sent": {
            "count": 2618385,
            "rate": 25448.88864093856
        },
        "http_req_tls_handshaking": {
            "avg": 0,
            "min": 0,
            "med": 0,
            "max": 0,
            "p(90)": 0,
            "p(95)": 0
        },
        "http_req_waiting": {
            "p(90)": 2285.4754000000003,
            "p(95)": 2596.1218000000003,
            "avg": 1979.6340156741644,
            "min": 58.55,
            "med": 1898.981,
            "max": 3209.698
        },
        "vus_max": {
            "max": 1000,
            "value": 1000,
            "min": 1000
        },
        "http_req_duration": {
            "p(90)": 2285.5712000000003,
            "p(95)": 2596.2566,
            "avg": 1980.2475528892826,
            "min": 64.654,
            "med": 1899.075,
            "max": 3215.489
        },
        "http_req_receiving": {
            "p(90)": 0.082,
            "p(95)": 0.108,
            "avg": 0.05917726804881373,
            "min": 0.006,
            "med": 0.039,
            "max": 10.609
        },
        "http_reqs": {
            "count": 34005,
            "rate": 330.5050472849163
        },
        "vus": {
            "min": 322,
            "max": 1000,
            "value": 322
        },
        "data_received": {
            "count": 3567145,
            "rate": 34670.17870598891
        },
        "http_req_connecting": {
            "avg": 0.5477052492280553,
            "min": 0,
            "med": 0,
            "max": 114.808,
            "p(90)": 0,
            "p(95)": 0
        },
        "http_req_blocked": {
            "p(90)": 0.011,
            "p(95)": 0.023,
            "avg": 0.5849192177627731,
            "min": 0,
            "med": 0.005,
            "max": 123.906
        },
        "checks": {
            "passes": 33875,
            "fails": 130,
            "value": 0.9961770327892957
        }
    }
}