{
    "root_group": {
        "groups": {},
        "checks": {
                "status is 200": {
                    "name": "status is 200",
                    "path": "::status is 200",
                    "id": "6210a8cd14cd70477eba5c5e4cb3fb5f",
                    "passes": 34076,
                    "fails": 91
                }
            },
        "name": "",
        "path": "",
        "id": "d41d8cd98f00b204e9800998ecf8427e"
    },
    "metrics": {
        "http_req_connecting": {
            "max": 191.658,
            "p(90)": 0,
            "p(95)": 0,
            "avg": 2.4398074165130113,
            "min": 0,
            "med": 0
        },
        "http_reqs": {
            "count": 34167,
            "rate": 332.18484702755086
        },
        "vus": {
            "value": 331,
            "min": 331,
            "max": 1000
        },
        "http_req_duration": {
            "min": 93.549,
            "med": 1906.112,
            "max": 3208.865,
            "p(90)": 2197.3772,
            "p(95)": 2423.8981,
            "avg": 1965.9774441712818
        },
        "data_sent": {
            "count": 2630859,
            "rate": 25578.233221121412
        },
        "vus_max": {
            "value": 1000,
            "min": 1000,
            "max": 1000
        },
        "http_req_blocked": {
            "p(90)": 0.011,
            "p(95)": 0.021,
            "avg": 2.5463483478203432,
            "min": 0,
            "med": 0.005,
            "max": 195.71
        },
        "iterations": {
            "count": 34167,
            "rate": 332.18484702755086
        },
        "http_req_waiting": {
            "max": 3208.811,
            "p(90)": 2197.3161999999998,
            "p(95)": 2423.8167000000003,
            "avg": 1965.842725173399,
            "min": 80.85,
            "med": 1906.042
        },
        "http_req_sending": {
            "min": 0.002,
            "med": 0.015,
            "max": 36.626,
            "p(90)": 0.028,
            "p(95)": 0.043,
            "avg": 0.07683539672784057
        },
        "http_req_failed": {
            "passes": 91,
            "fails": 34076,
            "value": 0.0026633886498668305
        },
        "iteration_duration": {
            "med": 2906.5165,
            "max": 4400.432959,
            "p(90)": 3198.2139165999997,
            "p(95)": 3423.7178462,
            "avg": 2968.706567811358,
            "min": 1113.714708
        },
        "checks": {
            "passes": 34076,
            "fails": 91,
            "value": 0.9973366113501332
        },
        "http_req_duration{expected_response:true}": {
            "avg": 1962.8236157999825,
            "min": 93.549,
            "med": 1905.8315,
            "max": 3115.887,
            "p(90)": 2195.1510000000003,
            "p(95)": 2414.36825
        },
        "http_req_tls_handshaking": {
            "avg": 0,
            "min": 0,
            "med": 0,
            "max": 0,
            "p(90)": 0,
            "p(95)": 0
        },
        "http_req_receiving": {
            "avg": 0.057883601135596485,
            "min": 0.005,
            "med": 0.039,
            "max": 12.142,
            "p(90)": 0.08,
            "p(95)": 0.102
        },
        "data_received": {
            "rate": 34856.405766760836,
            "count": 3585169
        }
    }
}