{
    "root_group": {
        "name": "",
        "path": "",
        "id": "d41d8cd98f00b204e9800998ecf8427e",
        "groups": {},
        "checks": {
                "status is 200": {
                    "name": "status is 200",
                    "path": "::status is 200",
                    "id": "6210a8cd14cd70477eba5c5e4cb3fb5f",
                    "passes": 34375,
                    "fails": 184
                }
            }
    },
    "metrics": {
        "http_req_waiting": {
            "min": 66.858,
            "med": 1867.512,
            "max": 3165.688,
            "p(90)": 2131.493,
            "p(95)": 2472.791899999995,
            "avg": 1929.998099337369
        },
        "http_req_blocked": {
            "p(95)": 0.019,
            "avg": 1.9014146821371143,
            "min": 0,
            "med": 0.005,
            "max": 123.3,
            "p(90)": 0.01
        },
        "http_req_sending": {
            "avg": 0.05435160160883739,
            "min": 0.002,
            "med": 0.015,
            "max": 42.788,
            "p(90)": 0.028,
            "p(95)": 0.042
        },
        "vus_max": {
            "value": 1000,
            "min": 1000,
            "max": 1000
        },
        "iterations": {
            "count": 34559,
            "rate": 336.2676322549384
        },
        "http_req_duration": {
            "p(90)": 2131.5738,
            "p(95)": 2473.5151999999966,
            "avg": 1930.1077735756207,
            "min": 67.113,
            "med": 1867.592,
            "max": 3169.32
        },
        "http_req_connecting": {
            "avg": 1.8523043780201962,
            "min": 0,
            "med": 0,
            "max": 123.29,
            "p(90)": 0,
            "p(95)": 0
        },
        "http_req_failed": {
            "passes": 184,
            "fails": 34375,
            "value": 0.00532422813160103
        },
        "checks": {
            "passes": 34375,
            "fails": 184,
            "value": 0.994675771868399
        },
        "iteration_duration": {
            "p(95)": 3481.1489832999996,
            "avg": 2932.4391249548,
            "min": 1128.779375,
            "med": 2868.001791,
            "max": 4289.110292,
            "p(90)": 3133.4506170000004
        },
        "http_reqs": {
            "count": 34559,
            "rate": 336.2676322549384
        },
        "http_req_duration{expected_response:true}": {
            "min": 67.113,
            "med": 1867.251,
            "max": 3151.673,
            "p(90)": 2125.3878,
            "p(95)": 2392.0672,
            "avg": 1923.5520484072715
        },
        "http_req_receiving": {
            "p(90)": 0.078,
            "p(95)": 0.1,
            "avg": 0.0553226366503632,
            "min": 0.006,
            "med": 0.038,
            "max": 17.536
        },
        "vus": {
            "value": 310,
            "min": 310,
            "max": 1000
        },
        "data_sent": {
            "count": 2661043,
            "rate": 25892.607683630256
        },
        "data_received": {
            "count": 3623911,
            "rate": 35261.55188149617
        },
        "http_req_tls_handshaking": {
            "avg": 0,
            "min": 0,
            "med": 0,
            "max": 0,
            "p(90)": 0,
            "p(95)": 0
        }
    }
}