{
    "metrics": {
        "http_req_failed": {
            "fails": 4533,
            "passes": 20119,
            "value": 0.8161203959110823
        },
        "http_req_duration": {
            "max": 10078.773,
            "p(90)": 3248.0157000000004,
            "p(95)": 3708.133549999995,
            "avg": 3144.3489057277225,
            "min": 71.868,
            "med": 3092.2780000000002
        },
        "checks": {
            "passes": 4533,
            "fails": 20119,
            "value": 0.18387960408891774
        },
        "vus_max": {
            "value": 1000,
            "min": 1000,
            "max": 1000
        },
        "iterations": {
            "count": 24652,
            "rate": 236.88507389763063
        },
        "http_req_connecting": {
            "min": 0.05,
            "med": 0.242,
            "max": 103.142,
            "p(90)": 1.3109000000000004,
            "p(95)": 4.559849999999986,
            "avg": 2.064802206717502
        },
        "data_sent": {
            "rate": 18240.15069011756,
            "count": 1898204
        },
        "http_req_receiving": {
            "avg": 0.5612302855752113,
            "min": 0.008,
            "med": 0.065,
            "max": 198.806,
            "p(90)": 0.364,
            "p(95)": 0.751449999999999
        },
        "http_req_blocked": {
            "avg": 2.324947347071227,
            "min": 0.064,
            "med": 0.297,
            "max": 110.067,
            "p(90)": 1.601,
            "p(95)": 5.244449999999999
        },
        "http_reqs": {
            "count": 24652,
            "rate": 236.88507389763063
        },
        "data_received": {
            "count": 1201501,
            "rate": 11545.418350360096
        },
        "iteration_duration": {
            "min": 1106.548375,
            "med": 4093.6992705000002,
            "max": 11167.426583,
            "p(90)": 4262.9179702,
            "p(95)": 4754.7410498499985,
            "avg": 4147.673955464571
        },
        "http_req_sending": {
            "max": 101.98,
            "p(90)": 0.201,
            "p(95)": 0.517449999999999,
            "avg": 0.4540195116015254,
            "min": 0.003,
            "med": 0.03
        },
        "http_req_duration{expected_response:true}": {
            "avg": 2900.157694904026,
            "min": 71.868,
            "med": 3002.194,
            "max": 6164.763,
            "p(90)": 3104.013,
            "p(95)": 3306.5865999999996
        },
        "http_req_tls_handshaking": {
            "min": 0,
            "med": 0,
            "max": 0,
            "p(90)": 0,
            "p(95)": 0,
            "avg": 0
        },
        "http_req_waiting": {
            "p(90)": 3246.1133,
            "p(95)": 3704.2505499999975,
            "avg": 3143.3336559305612,
            "min": 42.002,
            "med": 3091.943,
            "max": 10077.671
        },
        "vus": {
            "value": 118,
            "min": 118,
            "max": 1000
        }
    },
    "root_group": {
        "name": "",
        "path": "",
        "id": "d41d8cd98f00b204e9800998ecf8427e",
        "groups": {},
        "checks": {
                "status is 200": {
                    "name": "status is 200",
                    "path": "::status is 200",
                    "id": "6210a8cd14cd70477eba5c5e4cb3fb5f",
                    "passes": 4533,
                    "fails": 20119
                }
            }
    }
}