{
    "metrics": {
        "http_req_duration": {
            "avg": 7868.668738250524,
            "min": 51.236,
            "med": 4600.045,
            "max": 60003.319,
            "p(90)": 15002.829,
            "p(95)": 15007.0052
        },
        "http_req_connecting": {
            "avg": 4.481289778982171,
            "min": 0.054,
            "med": 0.24,
            "max": 127.29,
            "p(90)": 1.8710000000000078,
            "p(95)": 38.75399999999998
        },
        "vus": {
            "min": 17,
            "max": 1000,
            "value": 17
        },
        "http_req_failed": {
            "passes": 5043,
            "fails": 6766,
            "value": 0.42704716741468374
        },
        "checks": {
            "passes": 6766,
            "fails": 5043,
            "value": 0.5729528325853163
        },
        "data_received": {
            "count": 762112,
            "rate": 6101.653923289687
        },
        "http_req_tls_handshaking": {
            "max": 0,
            "p(90)": 0,
            "p(95)": 0,
            "avg": 0,
            "min": 0,
            "med": 0
        },
        "http_req_blocked": {
            "avg": 4.645977474807365,
            "min": 0.065,
            "med": 0.295,
            "max": 127.319,
            "p(90)": 2.6126000000000023,
            "p(95)": 38.96199999999998
        },
        "data_sent": {
            "count": 910140,
            "rate": 7286.802073373567
        },
        "http_req_sending": {
            "p(90)": 0.179,
            "p(95)": 1.325399999999998,
            "avg": 0.22743949530019072,
            "min": 0.004,
            "med": 0.027,
            "max": 17.478
        },
        "iterations": {
            "count": 11805,
            "rate": 94.51369951455266
        },
        "iteration_duration": {
            "med": 5600.971167,
            "max": 61005.743333,
            "p(90)": 16011.639308200001,
            "p(95)": 16086.5227,
            "avg": 8860.48571811914,
            "min": 1081.285208
        },
        "http_req_receiving": {
            "min": 0,
            "med": 0.056,
            "max": 711.626,
            "p(90)": 0.232,
            "p(95)": 0.533199999999999,
            "avg": 3.869226098738259
        },
        "http_reqs": {
            "count": 11809,
            "rate": 94.54572448685747
        },
        "http_req_duration{expected_response:true}": {
            "min": 51.236,
            "med": 2303.072,
            "max": 53090.755,
            "p(90)": 8101.9445000000005,
            "p(95)": 9496.432,
            "avg": 3724.4682564292093
        },
        "vus_max": {
            "min": 1000,
            "max": 1000,
            "value": 1000
        },
        "http_req_waiting": {
            "p(95)": 15006.9478,
            "avg": 7864.572072656445,
            "min": 47.611,
            "med": 4596.504,
            "max": 60003.259,
            "p(90)": 15002.775599999999
        }
    },
    "root_group": {
        "checks": {
            "status is 200": {
                "id": "6210a8cd14cd70477eba5c5e4cb3fb5f",
                "passes": 6766,
                "fails": 5043,
                "name": "status is 200",
                "path": "::status is 200"
            }
        },
        "name": "",
        "path": "",
        "id": "d41d8cd98f00b204e9800998ecf8427e",
        "groups": {}
    }
}