{
    "root_group": {
        "name": "",
        "path": "",
        "id": "d41d8cd98f00b204e9800998ecf8427e",
        "groups": {},
        "checks": {
                "status is 200": {
                    "name": "status is 200",
                    "path": "::status is 200",
                    "id": "6210a8cd14cd70477eba5c5e4cb3fb5f",
                    "passes": 4128,
                    "fails": 20227
                }
            }
    },
    "metrics": {
        "http_req_failed": {
            "passes": 20227,
            "fails": 4128,
            "value": 0.8305070827345514
        },
        "data_sent": {
            "count": 1875335,
            "rate": 18023.8969365656
        },
        "http_req_duration{expected_response:true}": {
            "max": 6989.781,
            "p(90)": 3106.4824,
            "p(95)": 3679.0146999999997,
            "avg": 2849.356610465115,
            "min": 18.25,
            "med": 3003.313
        },
        "vus": {
            "value": 14,
            "min": 14,
            "max": 1000
        },
        "http_req_receiving": {
            "avg": 0.671196509956895,
            "min": 0,
            "med": 0.056,
            "max": 452.767,
            "p(90)": 0.225,
            "p(95)": 0.514
        },
        "http_reqs": {
            "count": 24355,
            "rate": 234.07658359176105
        },
        "http_req_waiting": {
            "p(90)": 3215.1986,
            "p(95)": 4054.3683,
            "avg": 3184.126828741506,
            "min": 15.813,
            "med": 3093.29,
            "max": 15009.081
        },
        "checks": {
            "passes": 4128,
            "fails": 20227,
            "value": 0.16949291726544857
        },
        "http_req_duration": {
            "max": 15009.623,
            "p(90)": 3216.5498000000002,
            "p(95)": 4055.1807999999996,
            "avg": 3185.5683210018537,
            "min": 18.25,
            "med": 3093.615
        },
        "iteration_duration": {
            "med": 4094.503084,
            "max": 16044.258375,
            "p(90)": 4217.162825,
            "p(95)": 5057.1188501999995,
            "avg": 4187.1854686920315,
            "min": 1031.96875
        },
        "http_req_tls_handshaking": {
            "max": 0,
            "p(90)": 0,
            "p(95)": 0,
            "avg": 0,
            "min": 0,
            "med": 0
        },
        "iterations": {
            "count": 24355,
            "rate": 234.07658359176105
        },
        "http_req_connecting": {
            "avg": 0.7706111270786308,
            "min": 0.042,
            "med": 0.222,
            "max": 70.97,
            "p(90)": 0.747,
            "p(95)": 1.824
        },
        "data_received": {
            "count": 1159759,
            "rate": 11146.47606281245
        },
        "http_req_sending": {
            "avg": 0.770295750359168,
            "min": 0.003,
            "med": 0.025,
            "max": 135.509,
            "p(90)": 0.13,
            "p(95)": 0.386
        },
        "vus_max": {
            "value": 1000,
            "min": 1000,
            "max": 1000
        },
        "http_req_blocked": {
            "p(95)": 2.463499999999995,
            "avg": 0.9721636214329751,
            "min": 0.062,
            "med": 0.271,
            "max": 116.907,
            "p(90)": 0.945
        }
    }
}