{
    "root_group": {
        "groups": {},
        "checks": {
                "status is 200": {
                    "name": "status is 200",
                    "path": "::status is 200",
                    "id": "6210a8cd14cd70477eba5c5e4cb3fb5f",
                    "passes": 28443,
                    "fails": 2836
                }
            },
        "name": "",
        "path": "",
        "id": "d41d8cd98f00b204e9800998ecf8427e"
    },
    "metrics": {
        "http_req_receiving": {
            "min": 0.005,
            "med": 0.036,
            "max": 201.472,
            "p(90)": 0.083,
            "p(95)": 0.108,
            "avg": 0.06231957543399411
        },
        "vus": {
            "value": 307,
            "min": 307,
            "max": 1000
        },
        "vus_max": {
            "value": 1000,
            "min": 1000,
            "max": 1000
        },
        "http_req_blocked": {
            "avg": 1.9339936059328144,
            "min": 0,
            "med": 0.004,
            "max": 247.437,
            "p(90)": 0.011,
            "p(95)": 0.027
        },
        "data_received": {
            "count": 3210559,
            "rate": 31240.918235889443
        },
        "checks": {
            "passes": 28443,
            "fails": 2836,
            "value": 0.9093321397742895
        },
        "http_req_tls_handshaking": {
            "p(90)": 0,
            "p(95)": 0,
            "avg": 0,
            "min": 0,
            "med": 0,
            "max": 0
        },
        "http_req_waiting": {
            "med": 2024.258,
            "max": 4181.322,
            "p(90)": 3000.5191999999997,
            "p(95)": 3003.4004,
            "avg": 2237.5073624156744,
            "min": 71.879
        },
        "data_sent": {
            "count": 2408483,
            "rate": 23436.174347062213
        },
        "http_req_failed": {
            "passes": 2836,
            "fails": 28443,
            "value": 0.09066786022571054
        },
        "iteration_duration": {
            "avg": 3241.22473826285,
            "min": 1094.7225,
            "med": 3025.757542,
            "max": 5182.272083,
            "p(90)": 4001.1875664,
            "p(95)": 4006.8402122
        },
        "http_reqs": {
            "count": 31279,
            "rate": 304.36590061119756
        },
        "http_req_duration{expected_response:true}": {
            "min": 72.926,
            "med": 1970.38,
            "max": 3566.364,
            "p(90)": 2783.2376,
            "p(95)": 2908.9825,
            "avg": 2151.8664230918052
        },
        "iterations": {
            "count": 31279,
            "rate": 304.36590061119756
        },
        "http_req_sending": {
            "med": 0.013,
            "max": 103.716,
            "p(90)": 0.029,
            "p(95)": 0.052,
            "avg": 0.07368697848396813,
            "min": 0.001
        },
        "http_req_connecting": {
            "p(90)": 0,
            "p(95)": 0,
            "avg": 1.8156565427283482,
            "min": 0,
            "med": 0,
            "max": 155.536
        },
        "http_req_duration": {
            "avg": 2237.643368969605,
            "min": 72.926,
            "med": 2024.348,
            "max": 4181.655,
            "p(90)": 3000.5748,
            "p(95)": 3003.6022
        }
    }
}