{
    "root_group": {
        "groups": {},
        "checks": {
                "status is 200": {
                    "name": "status is 200",
                    "path": "::status is 200",
                    "id": "6210a8cd14cd70477eba5c5e4cb3fb5f",
                    "passes": 8203,
                    "fails": 4214
                }
            },
        "name": "",
        "path": "",
        "id": "d41d8cd98f00b204e9800998ecf8427e"
    },
    "metrics": {
        "http_reqs": {
            "count": 12417,
            "rate": 99.40853482915757
        },
        "http_req_duration": {
            "avg": 7504.179988080859,
            "min": 98.693,
            "med": 3596.824,
            "max": 60001.303,
            "p(90)": 15002.7736,
            "p(95)": 22113.011
        },
        "vus_max": {
            "value": 1000,
            "min": 1000,
            "max": 1000
        },
        "data_received": {
            "count": 930061,
            "rate": 7445.921020515513
        },
        "http_req_duration{expected_response:true}": {
            "avg": 3601.56438205533,
            "min": 98.693,
            "med": 1950.448,
            "max": 51034.893,
            "p(90)": 7912.0128,
            "p(95)": 10605.2838
        },
        "vus": {
            "value": 18,
            "min": 18,
            "max": 1000
        },
        "data_sent": {
            "count": 957495,
            "rate": 7665.5532782672335
        },
        "iterations": {
            "rate": 99.40052898758319,
            "count": 12416
        },
        "http_req_failed": {
            "passes": 4214,
            "fails": 8203,
            "value": 0.3393734396392043
        },
        "http_req_sending": {
            "avg": 1.2577871466537986,
            "min": 0.003,
            "med": 0.02,
            "max": 1194.386,
            "p(90)": 0.249,
            "p(95)": 1.322
        },
        "http_req_waiting": {
            "avg": 7498.854414592931,
            "min": 98.62,
            "med": 3595.048,
            "max": 60001.293,
            "p(90)": 15002.6806,
            "p(95)": 22112.9616
        },
        "http_req_receiving": {
            "max": 1753.212,
            "p(90)": 0.214,
            "p(95)": 0.643,
            "avg": 4.067786341306276,
            "min": 0,
            "med": 0.05
        },
        "iteration_duration": {
            "avg": 8508.18717528027,
            "min": 1098.978708,
            "med": 4599.2988335,
            "max": 61009.985708,
            "p(90)": 16011.961104,
            "p(95)": 23113.18612475
        },
        "http_req_blocked": {
            "avg": 5.991333816541854,
            "min": 0.054,
            "med": 0.248,
            "max": 149.326,
            "p(90)": 6.509000000000003,
            "p(95)": 57.31719999999998
        },
        "http_req_tls_handshaking": {
            "avg": 0,
            "min": 0,
            "med": 0,
            "max": 0,
            "p(90)": 0,
            "p(95)": 0
        },
        "checks": {
            "passes": 8203,
            "fails": 4214,
            "value": 0.6606265603607957
        },
        "http_req_connecting": {
            "med": 0.204,
            "max": 134.699,
            "p(90)": 4.0128000000000075,
            "p(95)": 56.5988,
            "avg": 5.790894016268078,
            "min": 0
        }
    }
}