{
    "metrics": {
        "http_req_connecting": {
            "max": 272.39,
            "p(90)": 4.925100000000002,
            "p(95)": 39.46064999999996,
            "avg": 4.481460542220714,
            "min": 0.052,
            "med": 0.227
        },
        "data_received": {
            "rate": 6096.073671416736,
            "count": 761391
        },
        "http_req_receiving": {
            "p(95)": 1.5538499999999984,
            "avg": 5.722978242099809,
            "min": 0,
            "med": 0.044,
            "max": 1679.813,
            "p(90)": 0.3549000000000002
        },
        "http_req_duration{expected_response:true}": {
            "avg": 3631.29710674239,
            "min": 53.14,
            "med": 1905.341,
            "max": 54654.678,
            "p(90)": 7754.4754,
            "p(95)": 10020.430399999996
        },
        "http_req_waiting": {
            "min": 51.528,
            "med": 4415.689,
            "max": 60033.211,
            "p(90)": 15010.6036,
            "p(95)": 15044.2134,
            "avg": 8010.043794163396
        },
        "vus_max": {
            "value": 1000,
            "min": 1000,
            "max": 1000
        },
        "http_req_tls_handshaking": {
            "avg": 0,
            "min": 0,
            "med": 0,
            "max": 0,
            "p(90)": 0,
            "p(95)": 0
        },
        "http_req_blocked": {
            "avg": 4.819388015886726,
            "min": 0.069,
            "med": 0.295,
            "max": 272.486,
            "p(90)": 6.864300000000002,
            "p(95)": 41.37734999999995
        },
        "http_req_sending": {
            "p(90)": 0.6459000000000003,
            "p(95)": 3.1718499999999987,
            "avg": 0.6015739077879546,
            "min": 0.003,
            "med": 0.026,
            "max": 57.497
        },
        "checks": {
            "passes": 6867,
            "fails": 4715,
            "value": 0.5929027801761354
        },
        "vus": {
            "min": 18,
            "max": 1000,
            "value": 18
        },
        "http_reqs": {
            "count": 11582,
            "rate": 92.73123173553226
        },
        "http_req_duration": {
            "avg": 8016.368346313272,
            "min": 53.14,
            "med": 4427.4545,
            "max": 60033.3,
            "p(90)": 15010.7248,
            "p(95)": 15044.3333
        },
        "iterations": {
            "count": 11572,
            "rate": 92.65116677979445
        },
        "data_sent": {
            "count": 892353,
            "rate": 7144.620344750252
        },
        "iteration_duration": {
            "avg": 9023.462091147578,
            "min": 1101.692584,
            "med": 5417.587208,
            "max": 61239.311417,
            "p(90)": 16039.1104256,
            "p(95)": 16115.44261645
        },
        "http_req_failed": {
            "passes": 4715,
            "fails": 6867,
            "value": 0.4070972198238646
        }
    },
    "root_group": {
        "name": "",
        "path": "",
        "id": "d41d8cd98f00b204e9800998ecf8427e",
        "groups": {},
        "checks": {
                "status is 200": {
                    "name": "status is 200",
                    "path": "::status is 200",
                    "id": "6210a8cd14cd70477eba5c5e4cb3fb5f",
                    "passes": 6867,
                    "fails": 4715
                }
            }
    }
}