{
    "root_group": {
        "checks": {
            "status is 200": {
                "name": "status is 200",
                "path": "::status is 200",
                "id": "6210a8cd14cd70477eba5c5e4cb3fb5f",
                "passes": 3857,
                "fails": 20445
            }
        },
        "name": "",
        "path": "",
        "id": "d41d8cd98f00b204e9800998ecf8427e",
        "groups": {}
    },
    "metrics": {
        "http_req_sending": {
            "avg": 0.9540853839188943,
            "min": 0.003,
            "med": 0.029,
            "max": 105.704,
            "p(90)": 0.215,
            "p(95)": 0.6109499999999989
        },
        "data_received": {
            "count": 1142141,
            "rate": 10971.859453998351
        },
        "iterations": {
            "count": 24302,
            "rate": 233.45465091531426
        },
        "http_req_failed": {
            "passes": 20445,
            "fails": 3857,
            "value": 0.8412887828162291
        },
        "http_req_duration{expected_response:true}": {
            "avg": 3048.5348685506883,
            "min": 110.523,
            "med": 3007.217,
            "max": 25275.383,
            "p(90)": 3122.1864,
            "p(95)": 3379.0856
        },
        "http_req_tls_handshaking": {
            "avg": 0,
            "min": 0,
            "med": 0,
            "max": 0,
            "p(90)": 0,
            "p(95)": 0
        },
        "vus": {
            "value": 57,
            "min": 57,
            "max": 1000
        },
        "http_req_waiting": {
            "avg": 3193.279312649159,
            "min": 94.073,
            "med": 3096.618,
            "max": 25377.882,
            "p(90)": 3216.9278000000004,
            "p(95)": 3647.804849999999
        },
        "checks": {
            "passes": 3857,
            "fails": 20445,
            "value": 0.15871121718377088
        },
        "iteration_duration": {
            "avg": 4202.500904717918,
            "min": 1187.237375,
            "med": 4098.6936875,
            "max": 26604.234542,
            "p(90)": 4265.0965252999995,
            "p(95)": 4698.881981249999
        },
        "http_req_blocked": {
            "p(95)": 6.944899999999976,
            "avg": 6.289287589498816,
            "min": 0.066,
            "med": 0.346,
            "max": 255.52,
            "p(90)": 1.9577000000000016
        },
        "vus_max": {
            "value": 1000,
            "min": 1000,
            "max": 1000
        },
        "http_reqs": {
            "count": 24302,
            "rate": 233.45465091531426
        },
        "http_req_duration": {
            "avg": 3195.004627931839,
            "min": 110.523,
            "med": 3097.018,
            "max": 25403.987,
            "p(90)": 3220.5702,
            "p(95)": 3657.325049999994
        },
        "http_req_receiving": {
            "p(95)": 0.864,
            "avg": 0.7712298987737746,
            "min": 0.007,
            "med": 0.072,
            "max": 304.451,
            "p(90)": 0.442
        },
        "data_sent": {
            "count": 1871254,
            "rate": 17976.0081204792
        },
        "http_req_connecting": {
            "p(90)": 1.586,
            "p(95)": 5.829399999999987,
            "avg": 6.0643489836228195,
            "min": 0.058,
            "med": 0.286,
            "max": 244.518
        }
    }
}