{
    "metrics": {
        "data_sent": {
            "count": 1956416,
            "rate": 18825.89264230876
        },
        "data_received": {
            "count": 1670668,
            "rate": 16076.241662785775
        },
        "iteration_duration": {
            "p(90)": 4083.8308962,
            "p(95)": 4211.50101435,
            "avg": 4003.6247843220544,
            "min": 1121.6605,
            "med": 4002.8808755,
            "max": 11125.4775
        },
        "http_reqs": {
            "count": 25408,
            "rate": 244.49211223777613
        },
        "checks": {
            "passes": 10938,
            "fails": 14470,
            "value": 0.4304943324937028
        },
        "http_req_connecting": {
            "avg": 2.7660384524559007,
            "min": 0.061,
            "med": 0.191,
            "max": 158.655,
            "p(90)": 0.587,
            "p(95)": 3.9749499999999967
        },
        "http_req_receiving": {
            "max": 774.045,
            "p(90)": 0.203,
            "p(95)": 0.392,
            "avg": 0.4172635390428247,
            "min": 0.009,
            "med": 0.065
        },
        "vus": {
            "min": 5,
            "max": 1000,
            "value": 5
        },
        "http_req_blocked": {
            "min": 0.066,
            "med": 0.234,
            "max": 170.362,
            "p(90)": 0.7773000000000005,
            "p(95)": 5.060099999999984,
            "avg": 2.926719458438328
        },
        "http_req_duration{expected_response:true}": {
            "avg": 2867.4915346498433,
            "min": 55.952,
            "med": 2989.1994999999997,
            "max": 5000.777,
            "p(90)": 3004.4274,
            "p(95)": 3019.3376500000004
        },
        "http_req_waiting": {
            "avg": 2999.3950872166088,
            "min": 52.908,
            "med": 3002.1265000000003,
            "max": 10012.056,
            "p(90)": 3081.2134,
            "p(95)": 3204.74105
        },
        "vus_max": {
            "value": 1000,
            "min": 1000,
            "max": 1000
        },
        "iterations": {
            "count": 25408,
            "rate": 244.49211223777613
        },
        "http_req_sending": {
            "avg": 0.20142915617129112,
            "min": 0.004,
            "med": 0.027,
            "max": 32.57,
            "p(90)": 0.09130000000000056,
            "p(95)": 0.317
        },
        "http_req_tls_handshaking": {
            "p(95)": 0,
            "avg": 0,
            "min": 0,
            "med": 0,
            "max": 0,
            "p(90)": 0
        },
        "http_req_duration": {
            "avg": 3000.013779911855,
            "min": 55.952,
            "med": 3002.2484999999997,
            "max": 10023.524,
            "p(90)": 3082.0086,
            "p(95)": 3206.1338
        },
        "http_req_failed": {
            "passes": 14470,
            "fails": 10938,
            "value": 0.5695056675062973
        }
    },
    "root_group": {
        "name": "",
        "path": "",
        "id": "d41d8cd98f00b204e9800998ecf8427e",
        "groups": {},
        "checks": {
                "status is 200": {
                    "id": "6210a8cd14cd70477eba5c5e4cb3fb5f",
                    "passes": 10938,
                    "fails": 14470,
                    "name": "status is 200",
                    "path": "::status is 200"
                }
            }
    }
}