{
    "root_group": {
        "name": "",
        "path": "",
        "id": "d41d8cd98f00b204e9800998ecf8427e",
        "groups": {},
        "checks": {
                "status is 200": {
                    "id": "6210a8cd14cd70477eba5c5e4cb3fb5f",
                    "passes": 31909,
                    "fails": 939,
                    "name": "status is 200",
                    "path": "::status is 200"
                }
            }
    },
    "metrics": {
        "checks": {
            "passes": 31909,
            "fails": 939,
            "value": 0.9714137847053093
        },
        "http_req_duration{expected_response:true}": {
            "p(90)": 2610.9108,
            "p(95)": 2855.7918,
            "avg": 2056.396713497731,
            "min": 13.394,
            "med": 1958.581,
            "max": 3206.02
        },
        "vus_max": {
            "value": 1000,
            "min": 1000,
            "max": 1000
        },
        "iteration_duration": {
            "max": 4334.091125,
            "p(90)": 3799.247758,
            "p(95)": 3926.3655766499996,
            "avg": 3084.6828461687073,
            "min": 1039.435834,
            "med": 2964.256646
        },
        "vus": {
            "min": 315,
            "max": 1000,
            "value": 315
        },
        "http_req_duration": {
            "avg": 2083.796671182397,
            "min": 13.394,
            "med": 1963.5385,
            "max": 3211.613,
            "p(90)": 2798.1905,
            "p(95)": 2925.8691999999996
        },
        "http_req_tls_handshaking": {
            "p(95)": 0,
            "avg": 0,
            "min": 0,
            "med": 0,
            "max": 0,
            "p(90)": 0
        },
        "http_req_blocked": {
            "med": 0.004,
            "max": 158.236,
            "p(90)": 0.01,
            "p(95)": 0.019,
            "avg": 0.41526637847066783,
            "min": 0
        },
        "data_received": {
            "count": 3424626,
            "rate": 33311.290685114844
        },
        "iterations": {
            "count": 32848,
            "rate": 319.5120507829621
        },
        "http_req_connecting": {
            "med": 0,
            "max": 37.364,
            "p(90)": 0,
            "p(95)": 0,
            "avg": 0.3142349001461278,
            "min": 0
        },
        "http_req_sending": {
            "avg": 0.8700048709202872,
            "min": 0.002,
            "med": 0.014,
            "max": 149.174,
            "p(90)": 0.026,
            "p(95)": 0.038
        },
        "http_req_failed": {
            "passes": 939,
            "fails": 31909,
            "value": 0.028586215294690697
        },
        "data_sent": {
            "count": 2529296,
            "rate": 24602.427910288083
        },
        "http_req_waiting": {
            "p(95)": 2925.79965,
            "avg": 2082.875605607639,
            "min": 12.855,
            "med": 1963.4144999999999,
            "max": 3211.508,
            "p(90)": 2798.1130000000003
        },
        "http_reqs": {
            "count": 32848,
            "rate": 319.5120507829621
        },
        "http_req_receiving": {
            "med": 0.036,
            "max": 9.362,
            "p(90)": 0.074,
            "p(95)": 0.093,
            "avg": 0.0510607038480252,
            "min": 0.006
        }
    }
}