{
    "root_group": {
        "groups": {},
        "checks": {
                "status is 200": {
                    "name": "status is 200",
                    "path": "::status is 200",
                    "id": "6210a8cd14cd70477eba5c5e4cb3fb5f",
                    "passes": 31668,
                    "fails": 1797
                }
            },
        "name": "",
        "path": "",
        "id": "d41d8cd98f00b204e9800998ecf8427e"
    },
    "metrics": {
        "vus": {
            "value": 331,
            "min": 331,
            "max": 1000
        },
        "data_received": {
            "count": 3467103,
            "rate": 33696.9286225202
        },
        "vus_max": {
            "max": 1000,
            "value": 1000,
            "min": 1000
        },
        "http_req_duration": {
            "med": 1938.515,
            "max": 3285.627,
            "p(90)": 2261.7756,
            "p(95)": 3001.1276000000003,
            "avg": 2029.0950025997392,
            "min": 148.025
        },
        "http_req_duration{expected_response:true}": {
            "avg": 1973.1534590438378,
            "min": 148.025,
            "med": 1932.4805000000001,
            "max": 3256.337,
            "p(90)": 2182.4246,
            "p(95)": 2255.8093
        },
        "http_req_tls_handshaking": {
            "med": 0,
            "max": 0,
            "p(90)": 0,
            "p(95)": 0,
            "avg": 0,
            "min": 0
        },
        "checks": {
            "passes": 31668,
            "fails": 1797,
            "value": 0.9463021066786195
        },
        "http_req_connecting": {
            "avg": 1.7228918870461678,
            "min": 0,
            "med": 0,
            "max": 136.838,
            "p(90)": 0,
            "p(95)": 0
        },
        "iteration_duration": {
            "p(95)": 4001.5327752,
            "avg": 3031.3240755966945,
            "min": 1164.200625,
            "med": 2939.044833,
            "max": 4357.6825,
            "p(90)": 3263.5169166
        },
        "http_req_failed": {
            "passes": 1797,
            "fails": 31668,
            "value": 0.053697893321380544
        },
        "http_reqs": {
            "count": 33465,
            "rate": 325.2478268896651
        },
        "http_req_waiting": {
            "min": 147.747,
            "med": 1938.463,
            "max": 3285.523,
            "p(90)": 2261.6969999999997,
            "p(95)": 3001.0526,
            "avg": 2028.9924304198341
        },
        "iterations": {
            "count": 33465,
            "rate": 325.2478268896651
        },
        "http_req_receiving": {
            "avg": 0.060906768265349936,
            "min": 0.005,
            "med": 0.04,
            "max": 23.122,
            "p(90)": 0.085,
            "p(95)": 0.108
        },
        "data_sent": {
            "count": 2576805,
            "rate": 25044.082670504213
        },
        "http_req_sending": {
            "max": 18.648,
            "p(90)": 0.028,
            "p(95)": 0.042,
            "avg": 0.041665411624079954,
            "min": 0.002,
            "med": 0.014
        },
        "http_req_blocked": {
            "max": 136.86,
            "p(90)": 0.012,
            "p(95)": 0.023,
            "avg": 1.7847132825331777,
            "min": 0,
            "med": 0.005
        }
    }
}