{
    "root_group": {
        "groups": {},
        "checks": {
                "status is 200": {
                    "name": "status is 200",
                    "path": "::status is 200",
                    "id": "6210a8cd14cd70477eba5c5e4cb3fb5f",
                    "passes": 8790,
                    "fails": 4910
                }
            },
        "name": "",
        "path": "",
        "id": "d41d8cd98f00b204e9800998ecf8427e"
    },
    "metrics": {
        "vus_max": {
            "value": 1000,
            "min": 1000,
            "max": 1000
        },
        "vus": {
            "max": 1000,
            "value": 35,
            "min": 35
        },
        "data_received": {
            "count": 993629,
            "rate": 7953.8909365264335
        },
        "http_req_tls_handshaking": {
            "avg": 0,
            "min": 0,
            "med": 0,
            "max": 0,
            "p(90)": 0,
            "p(95)": 0
        },
        "data_sent": {
            "rate": 8458.535217662047,
            "count": 1056671
        },
        "http_req_connecting": {
            "min": 0.046,
            "med": 0.201,
            "max": 358.468,
            "p(90)": 0.9641000000000003,
            "p(95)": 71.52934999999995,
            "avg": 9.12199343065694
        },
        "http_req_sending": {
            "p(90)": 0.069,
            "p(95)": 0.15504999999999938,
            "avg": 0.06745240875912173,
            "min": 0.003,
            "med": 0.017,
            "max": 15.726
        },
        "http_req_blocked": {
            "med": 0.243,
            "max": 369.685,
            "p(90)": 1.327,
            "p(95)": 82.78804999999993,
            "avg": 9.92405072992704,
            "min": 0.063
        },
        "http_req_waiting": {
            "avg": 6568.564543430693,
            "min": 92.858,
            "med": 3409.418,
            "max": 60003.381,
            "p(90)": 15003.6691,
            "p(95)": 15009.621249999998
        },
        "http_reqs": {
            "count": 13700,
            "rate": 109.66699425078387
        },
        "http_req_duration{expected_response:true}": {
            "p(90)": 7021.9373000000005,
            "p(95)": 8896.743199999999,
            "avg": 3053.979787144478,
            "min": 93.119,
            "med": 1693.38,
            "max": 51072.519
        },
        "checks": {
            "passes": 8790,
            "fails": 4910,
            "value": 0.6416058394160584
        },
        "iterations": {
            "count": 13689,
            "rate": 109.5789404597796
        },
        "http_req_duration": {
            "min": 93.119,
            "med": 3410.8955,
            "max": 60003.398,
            "p(90)": 15003.744200000001,
            "p(95)": 15009.7665,
            "avg": 6571.436258540146
        },
        "iteration_duration": {
            "p(90)": 16007.1733998,
            "p(95)": 16158.540933600001,
            "avg": 7539.960927126742,
            "min": 1102.442667,
            "med": 4409.985167,
            "max": 61009.378083
        },
        "http_req_receiving": {
            "avg": 2.8042627007299328,
            "min": 0,
            "med": 0.044,
            "max": 697.325,
            "p(90)": 0.193,
            "p(95)": 0.5090499999999994
        },
        "http_req_failed": {
            "passes": 4910,
            "fails": 8790,
            "value": 0.3583941605839416
        }
    }
}