{
    "root_group": {
        "name": "",
        "path": "",
        "id": "d41d8cd98f00b204e9800998ecf8427e",
        "groups": {},
        "checks": {
                "status is 200": {
                    "passes": 34746,
                    "fails": 158,
                    "name": "status is 200",
                    "path": "::status is 200",
                    "id": "6210a8cd14cd70477eba5c5e4cb3fb5f"
                }
            }
    },
    "metrics": {
        "http_req_receiving": {
            "p(95)": 0.063,
            "avg": 0.03614786270914202,
            "min": 0.005,
            "med": 0.025,
            "max": 8.898,
            "p(90)": 0.049
        },
        "http_reqs": {
            "count": 34904,
            "rate": 339.5865191662801
        },
        "http_req_failed": {
            "passes": 158,
            "fails": 34746,
            "value": 0.004526701810680724
        },
        "data_sent": {
            "count": 2687608,
            "rate": 26148.161975803563
        },
        "iterations": {
            "count": 34904,
            "rate": 339.5865191662801
        },
        "http_req_connecting": {
            "min": 0,
            "med": 0,
            "max": 185.104,
            "p(90)": 0,
            "p(95)": 0,
            "avg": 2.482735818244327
        },
        "data_received": {
            "count": 3660812,
            "rate": 35616.61713276839
        },
        "http_req_waiting": {
            "avg": 1900.1216659981685,
            "min": 57.889,
            "med": 1830.4985000000001,
            "max": 3125.069,
            "p(90)": 2102.921,
            "p(95)": 2421.8144999999995
        },
        "vus_max": {
            "value": 1000,
            "min": 1000,
            "max": 1000
        },
        "iteration_duration": {
            "med": 2830.9927915,
            "max": 4288.836,
            "p(90)": 3106.8771956,
            "p(95)": 3429.2054214,
            "avg": 2903.549729010837,
            "min": 1144.615083
        },
        "http_req_blocked": {
            "avg": 2.5358640556945864,
            "min": 0,
            "med": 0.003,
            "max": 188.095,
            "p(90)": 0.007,
            "p(95)": 0.014
        },
        "vus": {
            "value": 309,
            "min": 309,
            "max": 1000
        },
        "http_req_duration": {
            "max": 3125.562,
            "p(90)": 2103.2161,
            "p(95)": 2423.6249500000004,
            "avg": 1900.6977705707143,
            "min": 71.561,
            "med": 1830.549
        },
        "http_req_duration{expected_response:true}": {
            "avg": 1895.188889397345,
            "min": 71.561,
            "med": 1830.2930000000001,
            "max": 3121.806,
            "p(90)": 2093.1255,
            "p(95)": 2402.7369999999996
        },
        "http_req_tls_handshaking": {
            "p(95)": 0,
            "avg": 0,
            "min": 0,
            "med": 0,
            "max": 0,
            "p(90)": 0
        },
        "checks": {
            "passes": 34746,
            "fails": 158,
            "value": 0.9954732981893193
        },
        "http_req_sending": {
            "avg": 0.5399567098323838,
            "min": 0.002,
            "med": 0.011,
            "max": 101.862,
            "p(90)": 0.021,
            "p(95)": 0.03
        }
    }
}