{
    "metrics": {
        "http_req_duration{expected_response:true}": {
            "p(90)": 2572.4684,
            "p(95)": 2662.6107,
            "avg": 2070.260273631061,
            "min": 68.202,
            "med": 1998.778,
            "max": 3143.615
        },
        "iteration_duration": {
            "avg": 3315.7003576018274,
            "min": 1089.379125,
            "med": 3049.4362085,
            "max": 5756.360042,
            "p(90)": 4165.2564545000005,
            "p(95)": 4679.3471818
        },
        "http_req_failed": {
            "passes": 5461,
            "fails": 25147,
            "value": 0.1784174072138003
        },
        "http_req_waiting": {
            "avg": 2307.51563499739,
            "min": 58.803,
            "med": 2048.9905,
            "max": 4529.275,
            "p(90)": 3112.3594,
            "p(95)": 3638.3280499999996
        },
        "vus": {
            "value": 152,
            "min": 152,
            "max": 1000
        },
        "data_sent": {
            "count": 2356816,
            "rate": 22713.278750068846
        },
        "checks": {
            "passes": 25147,
            "fails": 5461,
            "value": 0.8215825927861997
        },
        "http_reqs": {
            "count": 30608,
            "rate": 294.9776461047902
        },
        "http_req_duration": {
            "p(90)": 3113.0135,
            "p(95)": 3638.6239,
            "avg": 2308.0857252352416,
            "min": 68.202,
            "med": 2049.0460000000003,
            "max": 4529.3
        },
        "http_req_connecting": {
            "avg": 1.0192938120752744,
            "min": 0,
            "med": 0,
            "max": 83.855,
            "p(90)": 0,
            "p(95)": 0
        },
        "http_req_tls_handshaking": {
            "med": 0,
            "max": 0,
            "p(90)": 0,
            "p(95)": 0,
            "avg": 0,
            "min": 0
        },
        "http_req_sending": {
            "avg": 0.43312219027705645,
            "min": 0.002,
            "med": 0.015,
            "max": 792.736,
            "p(90)": 0.038,
            "p(95)": 0.116
        },
        "data_received": {
            "count": 3071854,
            "rate": 29604.29502409776
        },
        "http_req_blocked": {
            "avg": 1.0969324686361681,
            "min": 0,
            "med": 0.005,
            "max": 197.834,
            "p(90)": 0.015,
            "p(95)": 0.048649999999998646
        },
        "vus_max": {
            "value": 1000,
            "min": 1000,
            "max": 1000
        },
        "iterations": {
            "count": 30608,
            "rate": 294.9776461047902
        },
        "http_req_receiving": {
            "avg": 0.13696804756926226,
            "min": 0.004,
            "med": 0.042,
            "max": 168.609,
            "p(90)": 0.1,
            "p(95)": 0.167
        }
    },
    "root_group": {
        "name": "",
        "path": "",
        "id": "d41d8cd98f00b204e9800998ecf8427e",
        "groups": {},
        "checks": {
                "status is 200": {
                    "name": "status is 200",
                    "path": "::status is 200",
                    "id": "6210a8cd14cd70477eba5c5e4cb3fb5f",
                    "passes": 25147,
                    "fails": 5461
                }
            }
    }
}