{
    "metrics": {
        "iterations": {
            "count": 62070,
            "rate": 582.053580493645
        },
        "vus_max": {
            "value": 1000,
            "min": 1000,
            "max": 1000
        },
        "http_req_tls_handshaking": {
            "p(90)": 0,
            "p(95)": 0,
            "avg": 0,
            "min": 0,
            "med": 0,
            "max": 0
        },
        "http_req_waiting": {
            "avg": 622.6163719188021,
            "min": 500.573,
            "med": 507.366,
            "max": 16280.433,
            "p(90)": 571.9142,
            "p(95)": 811.4063
        },
        "iteration_duration": {
            "avg": 1628.8921457529682,
            "min": 1501.081875,
            "med": 1508.794771,
            "max": 17281.884583,
            "p(90)": 1582.0461125,
            "p(95)": 1868.3496707999996
        },
        "checks": {
            "passes": 61882,
            "fails": 188,
            "value": 0.9969711615917513
        },
        "http_req_blocked": {
            "avg": 2.7000378927017805,
            "min": 0.06,
            "med": 0.331,
            "max": 708.46,
            "p(90)": 1.311,
            "p(95)": 3.462
        },
        "data_received": {
            "count": 6503799,
            "rate": 60988.553161929885
        },
        "vus": {
            "value": 17,
            "min": 17,
            "max": 1000
        },
        "http_reqs": {
            "count": 62070,
            "rate": 582.053580493645
        },
        "http_req_duration{expected_response:true}": {
            "p(95)": 759.7418499999993,
            "avg": 612.0269711871024,
            "min": 500.612,
            "med": 507.51,
            "max": 16280.58,
            "p(90)": 568.9405
        },
        "data_sent": {
            "count": 4469040,
            "rate": 41907.85779554244
        },
        "http_req_failed": {
            "passes": 188,
            "fails": 61882,
            "value": 0.0030288384082487515
        },
        "http_req_receiving": {
            "max": 2424.713,
            "p(90)": 0.206,
            "p(95)": 0.4775499999999972,
            "avg": 0.5695395198968906,
            "min": 0,
            "med": 0.039
        },
        "http_req_connecting": {
            "p(90)": 1.079,
            "p(95)": 2.4285499999999973,
            "avg": 1.5860655227968399,
            "min": 0.047,
            "med": 0.288,
            "max": 359.449
        },
        "http_req_duration": {
            "avg": 623.4984867085591,
            "min": 500.612,
            "med": 507.537,
            "max": 16280.58,
            "p(90)": 572.5872,
            "p(95)": 819.4912499999997
        },
        "http_req_sending": {
            "avg": 0.31257526985663203,
            "min": 0.003,
            "med": 0.021,
            "max": 210.661,
            "p(90)": 0.147,
            "p(95)": 0.417
        }
    },
    "root_group": {
        "path": "",
        "id": "d41d8cd98f00b204e9800998ecf8427e",
        "groups": {},
        "checks": {
                "status is 200": {
                    "name": "status is 200",
                    "path": "::status is 200",
                    "id": "6210a8cd14cd70477eba5c5e4cb3fb5f",
                    "passes": 61882,
                    "fails": 188
                }
            },
        "name": ""
    }
}