{
    "root_group": {
        "checks": {
            "status is 200": {
                "name": "status is 200",
                "path": "::status is 200",
                "id": "6210a8cd14cd70477eba5c5e4cb3fb5f",
                "passes": 64588,
                "fails": 3
            }
        },
        "name": "",
        "path": "",
        "id": "d41d8cd98f00b204e9800998ecf8427e",
        "groups": {}
    },
    "metrics": {
        "http_req_duration{expected_response:true}": {
            "p(90)": 568.7613,
            "p(95)": 731.7048499999999,
            "avg": 558.8860371586076,
            "min": 500.592,
            "med": 506.479,
            "max": 4603.007
        },
        "iteration_duration": {
            "min": 1500.846542,
            "med": 1507.449542,
            "max": 8151.091083,
            "p(90)": 1571.779917,
            "p(95)": 1737.8765414999996,
            "avg": 1561.320740312906
        },
        "http_req_sending": {
            "max": 35.835,
            "p(90)": 0.054,
            "p(95)": 0.148,
            "avg": 0.13561785697698794,
            "min": 0.003,
            "med": 0.013
        },
        "http_req_waiting": {
            "avg": 558.8641630567716,
            "min": 500.567,
            "med": 506.379,
            "max": 7048.634,
            "p(90)": 567.847,
            "p(95)": 730.8929999999998
        },
        "http_req_connecting": {
            "p(95)": 1.209,
            "avg": 1.4482823303556425,
            "min": 0.041,
            "med": 0.216,
            "max": 125.087,
            "p(90)": 0.579
        },
        "http_req_failed": {
            "passes": 3,
            "fails": 64588,
            "value": 0.000046446099301760305
        },
        "data_received": {
            "count": 6781848,
            "rate": 66816.80456061414
        },
        "http_req_blocked": {
            "avg": 1.531643650044114,
            "min": 0.052,
            "med": 0.247,
            "max": 125.098,
            "p(90)": 0.664,
            "p(95)": 1.5174999999999972
        },
        "checks": {
            "passes": 64588,
            "fails": 3,
            "value": 0.9999535539006983
        },
        "http_req_receiving": {
            "max": 310.829,
            "p(90)": 0.118,
            "p(95)": 0.248,
            "avg": 0.18764996671364045,
            "min": 0.006,
            "med": 0.027
        },
        "data_sent": {
            "count": 4650552,
            "rate": 45818.63587667745
        },
        "vus": {
            "value": 439,
            "min": 439,
            "max": 1000
        },
        "iterations": {
            "count": 64591,
            "rate": 636.3699427316312
        },
        "http_req_duration": {
            "med": 506.479,
            "max": 7050.072,
            "p(90)": 568.798,
            "p(95)": 732.0234999999999,
            "avg": 559.1874308804651,
            "min": 500.592
        },
        "http_req_tls_handshaking": {
            "avg": 0,
            "min": 0,
            "med": 0,
            "max": 0,
            "p(90)": 0,
            "p(95)": 0
        },
        "vus_max": {
            "max": 1000,
            "value": 1000,
            "min": 1000
        },
        "http_reqs": {
            "count": 64591,
            "rate": 636.3699427316312
        }
    }
}