{
    "root_group": {
        "path": "",
        "id": "d41d8cd98f00b204e9800998ecf8427e",
        "groups": {},
        "checks": {
                "status is 200": {
                    "passes": 63497,
                    "fails": 2,
                    "name": "status is 200",
                    "path": "::status is 200",
                    "id": "6210a8cd14cd70477eba5c5e4cb3fb5f"
                }
            },
        "name": ""
    },
    "metrics": {
        "http_reqs": {
            "count": 63499,
            "rate": 625.3770418167948
        },
        "checks": {
            "passes": 63497,
            "fails": 2,
            "value": 0.9999685034409991
        },
        "iterations": {
            "count": 63499,
            "rate": 625.3770418167948
        },
        "http_req_duration": {
            "max": 8448.096,
            "p(90)": 608.7598000000002,
            "p(95)": 961.8149999999999,
            "avg": 582.8538808327603,
            "min": 500.618,
            "med": 505.309
        },
        "http_req_duration{expected_response:true}": {
            "max": 8448.096,
            "p(90)": 608.6892,
            "p(95)": 961.5701999999993,
            "avg": 582.6510231979377,
            "min": 500.618,
            "med": 505.308
        },
        "http_req_sending": {
            "avg": 0.4751751996094105,
            "min": 0.003,
            "med": 0.013,
            "max": 303.47,
            "p(90)": 0.068,
            "p(95)": 0.253
        },
        "http_req_waiting": {
            "med": 505.229,
            "max": 8445.416,
            "p(90)": 605.5780000000001,
            "p(95)": 949.9873999999992,
            "avg": 581.776121513733,
            "min": 500.54
        },
        "http_req_failed": {
            "fails": 63497,
            "passes": 2,
            "value": 0.00003149655900092915
        },
        "data_received": {
            "count": 6667257,
            "rate": 65663.23028224567
        },
        "http_req_tls_handshaking": {
            "p(90)": 0,
            "p(95)": 0,
            "avg": 0,
            "min": 0,
            "med": 0,
            "max": 0
        },
        "data_sent": {
            "count": 4571928,
            "rate": 45027.147010809225
        },
        "vus": {
            "min": 494,
            "max": 1000,
            "value": 494
        },
        "http_req_blocked": {
            "p(90)": 0.858,
            "p(95)": 3.2442999999999915,
            "avg": 1.934560008819022,
            "min": 0.049,
            "med": 0.246,
            "max": 505.371
        },
        "vus_max": {
            "value": 1000,
            "min": 1000,
            "max": 1000
        },
        "http_req_connecting": {
            "p(90)": 0.728,
            "p(95)": 2.441099999999997,
            "avg": 1.5004510307248804,
            "min": 0.042,
            "med": 0.219,
            "max": 297.663
        },
        "iteration_duration": {
            "avg": 1585.7271914863873,
            "min": 1500.908708,
            "med": 1506.148291,
            "max": 9449.295,
            "p(90)": 1617.4782498,
            "p(95)": 1975.3573210999987
        },
        "http_req_receiving": {
            "avg": 0.6025841194349255,
            "min": 0.006,
            "med": 0.025,
            "max": 1035.701,
            "p(90)": 0.1462000000000014,
            "p(95)": 0.388
        }
    }
}