{
    "root_group": {
        "checks": {
            "status is 200": {
                "id": "6210a8cd14cd70477eba5c5e4cb3fb5f",
                "passes": 66000,
                "fails": 0,
                "name": "status is 200",
                "path": "::status is 200"
            }
        },
        "name": "",
        "path": "",
        "id": "d41d8cd98f00b204e9800998ecf8427e",
        "groups": {}
    },
    "metrics": {
        "http_req_connecting": {
            "avg": 0.49465857575757666,
            "min": 0,
            "med": 0,
            "max": 167.227,
            "p(90)": 0,
            "p(95)": 0
        },
        "vus": {
            "value": 1000,
            "min": 1000,
            "max": 1000
        },
        "iterations": {
            "count": 66000,
            "rate": 652.3468300762529
        },
        "http_req_blocked": {
            "p(90)": 0.041,
            "p(95)": 0.30804999999999705,
            "avg": 0.8227069545443234,
            "min": 0,
            "med": 0.003,
            "max": 218.337
        },
        "http_req_duration": {
            "med": 505.907,
            "max": 734.052,
            "p(90)": 533.8391,
            "p(95)": 552.17615,
            "avg": 513.3618742878814,
            "min": 500.43
        },
        "http_req_duration{expected_response:true}": {
            "min": 500.43,
            "med": 505.907,
            "max": 734.052,
            "p(90)": 533.8391,
            "p(95)": 552.17615,
            "avg": 513.3618742878814
        },
        "http_req_waiting": {
            "avg": 510.0979191666663,
            "min": 500.397,
            "med": 505.136,
            "max": 610.014,
            "p(90)": 525.2132,
            "p(95)": 536.6161
        },
        "data_received": {
            "count": 6930000,
            "rate": 68496.41715800656
        },
        "http_req_sending": {
            "p(95)": 18.37005,
            "avg": 3.125568848484476,
            "min": 0.001,
            "med": 0.012,
            "max": 221.958,
            "p(90)": 2.5931000000000015
        },
        "http_reqs": {
            "count": 66000,
            "rate": 652.3468300762529
        },
        "iteration_duration": {
            "p(90)": 1580.8234118999999,
            "p(95)": 1610.00981185,
            "avg": 1529.9079404848885,
            "min": 1500.635375,
            "med": 1513.6039375,
            "max": 1839.802208
        },
        "http_req_tls_handshaking": {
            "avg": 0,
            "min": 0,
            "med": 0,
            "max": 0,
            "p(90)": 0,
            "p(95)": 0
        },
        "http_req_failed": {
            "passes": 0,
            "fails": 66000,
            "value": 0
        },
        "http_req_receiving": {
            "p(95)": 0.38604999999999706,
            "avg": 0.13838627272726775,
            "min": 0.004,
            "med": 0.017,
            "max": 62.864,
            "p(90)": 0.103
        },
        "data_sent": {
            "count": 4752000,
            "rate": 46968.97176549021
        },
        "checks": {
            "passes": 66000,
            "fails": 0,
            "value": 1
        },
        "vus_max": {
            "value": 1000,
            "min": 1000,
            "max": 1000
        }
    }
}