{
    "metrics": {
        "http_req_receiving": {
            "max": 43.443,
            "p(90)": 0.028,
            "p(95)": 0.044,
            "avg": 0.025036805754103164,
            "min": 0.004,
            "med": 0.01
        },
        "http_req_duration{expected_response:true}": {
            "p(95)": 520.2492,
            "avg": 512.1900091788643,
            "min": 500.336,
            "med": 505.712,
            "max": 936.581,
            "p(90)": 513.341
        },
        "http_req_connecting": {
            "min": 0,
            "med": 0,
            "max": 218.009,
            "p(90)": 0,
            "p(95)": 0,
            "avg": 1.831400785470306
        },
        "data_received": {
            "count": 6977985,
            "rate": 68756.19945181742
        },
        "checks": {
            "passes": 66457,
            "fails": 0,
            "value": 1
        },
        "http_req_blocked": {
            "p(90)": 0.006,
            "p(95)": 0.012,
            "avg": 1.8678281896563023,
            "min": 0,
            "med": 0.002,
            "max": 229.523
        },
        "data_sent": {
            "count": 4784904,
            "rate": 47147.10819553194
        },
        "http_req_duration": {
            "p(90)": 513.341,
            "p(95)": 520.2492,
            "avg": 512.1900091788643,
            "min": 500.336,
            "med": 505.712,
            "max": 936.581
        },
        "http_req_failed": {
            "passes": 0,
            "fails": 66457,
            "value": 0
        },
        "http_req_waiting": {
            "avg": 512.0373526189732,
            "min": 500.324,
            "med": 505.646,
            "max": 933.218,
            "p(90)": 513.1428000000001,
            "p(95)": 519.959
        },
        "http_reqs": {
            "count": 66457,
            "rate": 654.8209471601658
        },
        "http_req_tls_handshaking": {
            "max": 0,
            "p(90)": 0,
            "p(95)": 0,
            "avg": 0,
            "min": 0,
            "med": 0
        },
        "http_req_sending": {
            "med": 0.004,
            "max": 42.686,
            "p(90)": 0.029,
            "p(95)": 0.103,
            "avg": 0.12761975412670046,
            "min": 0.001
        },
        "vus_max": {
            "value": 1000,
            "min": 1000,
            "max": 1000
        },
        "vus": {
            "value": 457,
            "min": 457,
            "max": 1000
        },
        "iteration_duration": {
            "p(95)": 1522.766775,
            "avg": 1514.7147905333,
            "min": 1500.497292,
            "med": 1506.176,
            "max": 2075.239083,
            "p(90)": 1515.0493414
        },
        "iterations": {
            "rate": 654.8209471601658,
            "count": 66457
        }
    },
    "root_group": {
        "name": "",
        "path": "",
        "id": "d41d8cd98f00b204e9800998ecf8427e",
        "groups": {},
        "checks": {
                "status is 200": {
                    "id": "6210a8cd14cd70477eba5c5e4cb3fb5f",
                    "passes": 66457,
                    "fails": 0,
                    "name": "status is 200",
                    "path": "::status is 200"
                }
            }
    }
}