{
    "metrics": {
        "checks": {
            "fails": 24,
            "passes": 64077,
            "value": 0.999625590864417
        },
        "data_received": {
            "count": 6728949,
            "rate": 66295.55978650127
        },
        "vus": {
            "value": 361,
            "min": 361,
            "max": 1000
        },
        "http_req_sending": {
            "avg": 0.28095354206634277,
            "min": 0.003,
            "med": 0.013,
            "max": 179.33,
            "p(90)": 0.064,
            "p(95)": 0.215
        },
        "http_req_receiving": {
            "avg": 0.5043150340868574,
            "min": 0.005,
            "med": 0.027,
            "max": 900.84,
            "p(90)": 0.146,
            "p(95)": 0.345
        },
        "iteration_duration": {
            "max": 8668.540083,
            "p(90)": 1574.992,
            "p(95)": 1749.727417,
            "avg": 1570.461662418293,
            "min": 1500.858292,
            "med": 1506.888791
        },
        "http_req_waiting": {
            "min": 500.552,
            "med": 505.771,
            "max": 7518.224,
            "p(90)": 567.375,
            "p(95)": 724.779,
            "avg": 566.6204797117005
        },
        "http_req_blocked": {
            "avg": 2.1356904416467644,
            "min": 0.068,
            "med": 0.248,
            "max": 189.396,
            "p(90)": 0.913,
            "p(95)": 2.447
        },
        "http_req_tls_handshaking": {
            "avg": 0,
            "min": 0,
            "med": 0,
            "max": 0,
            "p(90)": 0,
            "p(95)": 0
        },
        "data_sent": {
            "rate": 45471.000123045254,
            "count": 4615272
        },
        "http_req_duration": {
            "avg": 567.4057482878665,
            "min": 500.607,
            "med": 505.878,
            "max": 7518.293,
            "p(90)": 570.971,
            "p(95)": 731.513
        },
        "http_req_duration{expected_response:true}": {
            "p(95)": 729.6787999999995,
            "avg": 564.971081917075,
            "min": 500.607,
            "med": 505.874,
            "max": 7518.293,
            "p(90)": 570.6006
        },
        "vus_max": {
            "value": 1000,
            "min": 1000,
            "max": 1000
        },
        "http_reqs": {
            "count": 64101,
            "rate": 631.5416683756285
        },
        "http_req_connecting": {
            "p(95)": 2.055,
            "avg": 2.028423940344142,
            "min": 0.053,
            "med": 0.22,
            "max": 181.683,
            "p(90)": 0.761
        },
        "iterations": {
            "count": 64101,
            "rate": 631.5416683756285
        },
        "http_req_failed": {
            "fails": 64077,
            "passes": 24,
            "value": 0.0003744091355829082
        }
    },
    "root_group": {
        "path": "",
        "id": "d41d8cd98f00b204e9800998ecf8427e",
        "groups": {},
        "checks": {
                "status is 200": {
                    "passes": 64077,
                    "fails": 24,
                    "name": "status is 200",
                    "path": "::status is 200",
                    "id": "6210a8cd14cd70477eba5c5e4cb3fb5f"
                }
            },
        "name": ""
    }
}