{
    "metrics": {
        "http_req_blocked": {
            "max": 1073.05,
            "p(90)": 1.5542000000000014,
            "p(95)": 3.7291999999999943,
            "avg": 6.7253665079087845,
            "min": 0.063,
            "med": 0.375
        },
        "data_received": {
            "rate": 64942.11996410142,
            "count": 6591795
        },
        "data_sent": {
            "count": 4520088,
            "rate": 44531.73940395525
        },
        "http_req_tls_handshaking": {
            "med": 0,
            "max": 0,
            "p(90)": 0,
            "p(95)": 0,
            "avg": 0,
            "min": 0
        },
        "iterations": {
            "rate": 618.4963806104896,
            "count": 62779
        },
        "http_req_waiting": {
            "min": 500.611,
            "med": 507.644,
            "max": 5670.035,
            "p(90)": 558.3330000000001,
            "p(95)": 860.6581999999997,
            "avg": 587.8460454610599
        },
        "vus_max": {
            "min": 1000,
            "max": 1000,
            "value": 1000
        },
        "http_req_receiving": {
            "min": 0.005,
            "med": 0.043,
            "max": 1592.413,
            "p(90)": 0.211,
            "p(95)": 0.397,
            "avg": 0.24062017553643136
        },
        "iteration_duration": {
            "avg": 1600.4633630766498,
            "min": 1501.080083,
            "med": 1509.376167,
            "max": 7463.424917,
            "p(90)": 1583.0205084,
            "p(95)": 1895.002749699999
        },
        "http_reqs": {
            "count": 62779,
            "rate": 618.4963806104896
        },
        "checks": {
            "passes": 62779,
            "fails": 0,
            "value": 1
        },
        "vus": {
            "max": 1000,
            "value": 320,
            "min": 320
        },
        "http_req_duration": {
            "avg": 589.7548948374473,
            "min": 500.682,
            "med": 507.818,
            "max": 5780.437,
            "p(90)": 558.9356,
            "p(95)": 867.948699999999
        },
        "http_req_connecting": {
            "p(95)": 3.2001999999999944,
            "avg": 6.333260389620785,
            "min": 0.051,
            "med": 0.329,
            "max": 1021.08,
            "p(90)": 1.355
        },
        "http_req_failed": {
            "passes": 0,
            "fails": 62779,
            "value": 0
        },
        "http_req_sending": {
            "avg": 1.6682292008475395,
            "min": 0.003,
            "med": 0.022,
            "max": 485.366,
            "p(90)": 0.165,
            "p(95)": 0.397
        },
        "http_req_duration{expected_response:true}": {
            "p(95)": 867.948699999999,
            "avg": 589.7548948374473,
            "min": 500.682,
            "med": 507.818,
            "max": 5780.437,
            "p(90)": 558.9356
        }
    },
    "root_group": {
        "name": "",
        "path": "",
        "id": "d41d8cd98f00b204e9800998ecf8427e",
        "groups": {},
        "checks": {
                "status is 200": {
                    "fails": 0,
                    "name": "status is 200",
                    "path": "::status is 200",
                    "id": "6210a8cd14cd70477eba5c5e4cb3fb5f",
                    "passes": 62779
                }
            }
    }
}