{
    "root_group": {
        "name": "",
        "path": "",
        "id": "d41d8cd98f00b204e9800998ecf8427e",
        "groups": {},
        "checks": {
                "status is 200": {
                    "name": "status is 200",
                    "path": "::status is 200",
                    "id": "6210a8cd14cd70477eba5c5e4cb3fb5f",
                    "passes": 64203,
                    "fails": 0
                }
            }
    },
    "metrics": {
        "http_reqs": {
            "count": 64203,
            "rate": 632.5095111143722
        },
        "http_req_blocked": {
            "p(95)": 1.5867999999999942,
            "avg": 1.5279385854243397,
            "min": 0.069,
            "med": 0.242,
            "max": 168.718,
            "p(90)": 0.6878000000000014
        },
        "data_sent": {
            "count": 4622616,
            "rate": 45540.6848002348
        },
        "http_req_duration": {
            "avg": 566.0436575237845,
            "min": 500.56,
            "med": 505.49,
            "max": 10847.714,
            "p(90)": 561.3172000000001,
            "p(95)": 698.8827999999993
        },
        "http_req_duration{expected_response:true}": {
            "min": 500.56,
            "med": 505.49,
            "max": 10847.714,
            "p(90)": 561.3172000000001,
            "p(95)": 698.8827999999993,
            "avg": 566.0436575237845
        },
        "http_req_waiting": {
            "avg": 565.6504776723799,
            "min": 500.522,
            "med": 505.39,
            "max": 10847.654,
            "p(90)": 560.2864000000001,
            "p(95)": 695.6287999999998
        },
        "checks": {
            "passes": 64203,
            "fails": 0,
            "value": 1
        },
        "vus": {
            "value": 288,
            "min": 288,
            "max": 1000
        },
        "data_received": {
            "count": 6741315,
            "rate": 66413.49866700909
        },
        "http_req_connecting": {
            "avg": 1.4025307384389936,
            "min": 0.061,
            "med": 0.213,
            "max": 140.211,
            "p(90)": 0.581,
            "p(95)": 1.2448999999999972
        },
        "http_req_receiving": {
            "avg": 0.25488198370795556,
            "min": 0.005,
            "med": 0.026,
            "max": 1406.841,
            "p(90)": 0.105,
            "p(95)": 0.213
        },
        "vus_max": {
            "value": 1000,
            "min": 1000,
            "max": 1000
        },
        "http_req_sending": {
            "avg": 0.13829786770089672,
            "min": 0.002,
            "med": 0.013,
            "max": 60.639,
            "p(90)": 0.057,
            "p(95)": 0.172
        },
        "iterations": {
            "count": 64203,
            "rate": 632.5095111143722
        },
        "http_req_tls_handshaking": {
            "p(90)": 0,
            "p(95)": 0,
            "avg": 0,
            "min": 0,
            "med": 0,
            "max": 0
        },
        "http_req_failed": {
            "passes": 0,
            "fails": 64203,
            "value": 0
        },
        "iteration_duration": {
            "avg": 1568.4821047092914,
            "min": 1500.807917,
            "med": 1506.380833,
            "max": 11848.735042,
            "p(90)": 1568.2468920000001,
            "p(95)": 1712.8273211
        }
    }
}