{
    "metrics": {
        "http_reqs": {
            "count": 65674,
            "rate": 646.9925971590549
        },
        "http_req_failed": {
            "passes": 0,
            "fails": 65674,
            "value": 0
        },
        "http_req_blocked": {
            "med": 0.367,
            "max": 75.943,
            "p(90)": 1.298,
            "p(95)": 2.474,
            "avg": 0.8871416085513291,
            "min": 0.077
        },
        "http_req_connecting": {
            "avg": 0.7965541157840197,
            "min": 0.066,
            "med": 0.321,
            "max": 58.576,
            "p(90)": 1.138,
            "p(95)": 2.1346999999999943
        },
        "iterations": {
            "count": 65674,
            "rate": 646.9925971590549
        },
        "data_received": {
            "count": 6895770,
            "rate": 67934.22270170077
        },
        "http_req_sending": {
            "p(95)": 0.3163499999999971,
            "avg": 0.10125883911442024,
            "min": 0.002,
            "med": 0.021,
            "max": 23.265,
            "p(90)": 0.134
        },
        "vus_max": {
            "value": 1000,
            "min": 1000,
            "max": 1000
        },
        "iteration_duration": {
            "med": 1509.3738955,
            "max": 2720.519834,
            "p(90)": 1539.2108374,
            "p(95)": 1594.6449211499998,
            "avg": 1535.4970153179468,
            "min": 1501.058792
        },
        "http_req_waiting": {
            "max": 1688.402,
            "p(90)": 536.7021,
            "p(95)": 591.2173499999991,
            "avg": 533.526536468004,
            "min": 500.611,
            "med": 507.783
        },
        "checks": {
            "passes": 65674,
            "fails": 0,
            "value": 1
        },
        "vus": {
            "value": 399,
            "min": 399,
            "max": 1000
        },
        "http_req_duration{expected_response:true}": {
            "p(90)": 537.107,
            "p(95)": 591.7498499999999,
            "avg": 533.7565542071417,
            "min": 500.682,
            "med": 507.958,
            "max": 1688.521
        },
        "http_req_tls_handshaking": {
            "max": 0,
            "p(90)": 0,
            "p(95)": 0,
            "avg": 0,
            "min": 0,
            "med": 0
        },
        "http_req_duration": {
            "max": 1688.521,
            "p(90)": 537.107,
            "p(95)": 591.7498499999999,
            "avg": 533.7565542071417,
            "min": 500.682,
            "med": 507.958
        },
        "http_req_receiving": {
            "max": 71.345,
            "p(90)": 0.20270000000000146,
            "p(95)": 0.406,
            "avg": 0.12875890002132145,
            "min": 0.005,
            "med": 0.04
        },
        "data_sent": {
            "count": 4728528,
            "rate": 46583.466995451956
        }
    },
    "root_group": {
        "groups": {},
        "checks": {
                "status is 200": {
                    "name": "status is 200",
                    "path": "::status is 200",
                    "id": "6210a8cd14cd70477eba5c5e4cb3fb5f",
                    "passes": 65674,
                    "fails": 0
                }
            },
        "name": "",
        "path": "",
        "id": "d41d8cd98f00b204e9800998ecf8427e"
    }
}