{
    "metrics": {
        "iterations": {
            "count": 64552,
            "rate": 635.2094204335945
        },
        "http_req_sending": {
            "avg": 0.2184195222456507,
            "min": 0.003,
            "med": 0.023,
            "max": 95.425,
            "p(90)": 0.167,
            "p(95)": 0.392
        },
        "http_req_waiting": {
            "p(90)": 595.4585999999999,
            "p(95)": 765.6456499999998,
            "avg": 558.7303526149512,
            "min": 500.598,
            "med": 508.47,
            "max": 6909.618
        },
        "checks": {
            "fails": 1,
            "passes": 64551,
            "value": 0.9999845086132111
        },
        "vus": {
            "max": 1000,
            "value": 559,
            "min": 559
        },
        "http_req_receiving": {
            "p(90)": 0.229,
            "p(95)": 0.44,
            "avg": 0.18525418267445057,
            "min": 0,
            "med": 0.043,
            "max": 575.621
        },
        "http_req_blocked": {
            "min": 0.055,
            "med": 0.382,
            "max": 132.634,
            "p(90)": 1.52,
            "p(95)": 3.6963499999999914,
            "avg": 2.32065694323956
        },
        "iteration_duration": {
            "min": 1500.969791,
            "med": 1510.381229,
            "max": 7910.017542,
            "p(90)": 1600.4452833,
            "p(95)": 1794.7682767499998,
            "avg": 1562.6202950112213
        },
        "http_req_duration{expected_response:true}": {
            "avg": 559.0588393828136,
            "min": 500.729,
            "med": 508.676,
            "max": 6909.758,
            "p(90)": 595.766,
            "p(95)": 770.1554999999995
        },
        "http_reqs": {
            "count": 64552,
            "rate": 635.2094204335945
        },
        "http_req_connecting": {
            "avg": 1.9753349392737465,
            "min": 0.049,
            "med": 0.332,
            "max": 126.359,
            "p(90)": 1.2759000000000014,
            "p(95)": 2.984799999999989
        },
        "http_req_tls_handshaking": {
            "p(90)": 0,
            "p(95)": 0,
            "avg": 0,
            "min": 0,
            "med": 0,
            "max": 0
        },
        "data_received": {
            "count": 6777855,
            "rate": 66695.95591667091
        },
        "http_req_failed": {
            "passes": 1,
            "fails": 64551,
            "value": 0.000015491386788945346
        },
        "vus_max": {
            "value": 1000,
            "min": 1000,
            "max": 1000
        },
        "data_sent": {
            "count": 4647744,
            "rate": 45735.0782712188
        },
        "http_req_duration": {
            "p(95)": 770.2855499999997,
            "avg": 559.1340263198663,
            "min": 500.729,
            "med": 508.676,
            "max": 6909.758,
            "p(90)": 595.7876
        }
    },
    "root_group": {
        "id": "d41d8cd98f00b204e9800998ecf8427e",
        "groups": {},
        "checks": {
                "status is 200": {
                    "name": "status is 200",
                    "path": "::status is 200",
                    "id": "6210a8cd14cd70477eba5c5e4cb3fb5f",
                    "passes": 64551,
                    "fails": 1
                }
            },
        "name": "",
        "path": ""
    }
}