{
    "metrics": {
        "http_req_connecting": {
            "med": 0.32,
            "max": 647.166,
            "p(90)": 1.323,
            "p(95)": 4.226749999999987,
            "avg": 3.711271265476778,
            "min": 0.045
        },
        "checks": {
            "passes": 62183,
            "fails": 7,
            "value": 0.999887441710886
        },
        "iteration_duration": {
            "p(95)": 2502.0421624999985,
            "avg": 1617.3041558620457,
            "min": 1500.938041,
            "med": 1513.3156245,
            "max": 6990.014833,
            "p(90)": 1754.254383
        },
        "http_reqs": {
            "count": 62190,
            "rate": 603.0913303705992
        },
        "http_req_duration": {
            "avg": 611.1911582569555,
            "min": 500.675,
            "med": 511.065,
            "max": 5988.193,
            "p(90)": 745.6457,
            "p(95)": 1491.7353
        },
        "http_req_receiving": {
            "max": 607.767,
            "p(90)": 0.247,
            "p(95)": 0.512,
            "avg": 0.28534621321757786,
            "min": 0.006,
            "med": 0.046
        },
        "http_req_sending": {
            "p(90)": 0.173,
            "p(95)": 0.415,
            "avg": 0.2340592699791122,
            "min": 0.003,
            "med": 0.023,
            "max": 322.472
        },
        "http_req_failed": {
            "passes": 7,
            "fails": 62183,
            "value": 0.00011255828911400547
        },
        "http_req_duration{expected_response:true}": {
            "max": 5988.193,
            "p(90)": 745.3922,
            "p(95)": 1440.5340999999892,
            "avg": 610.6798285544292,
            "min": 500.675,
            "med": 511.061
        },
        "http_req_blocked": {
            "p(90)": 1.625,
            "p(95)": 5.130749999999987,
            "avg": 3.9449883743367384,
            "min": 0.058,
            "med": 0.37,
            "max": 666.244
        },
        "vus_max": {
            "value": 1000,
            "min": 1000,
            "max": 1000
        },
        "data_sent": {
            "count": 4477680,
            "rate": 43422.57578668314
        },
        "http_req_waiting": {
            "p(90)": 744.3949000000001,
            "p(95)": 1489.1749999999963,
            "avg": 610.6717527737595,
            "min": 500.612,
            "med": 510.79999999999995,
            "max": 5981.598
        },
        "vus": {
            "value": 1,
            "min": 1,
            "max": 1000
        },
        "data_received": {
            "count": 6529467,
            "rate": 63319.905766858414
        },
        "http_req_tls_handshaking": {
            "avg": 0,
            "min": 0,
            "med": 0,
            "max": 0,
            "p(90)": 0,
            "p(95)": 0
        },
        "iterations": {
            "count": 62190,
            "rate": 603.0913303705992
        }
    },
    "root_group": {
        "path": "",
        "id": "d41d8cd98f00b204e9800998ecf8427e",
        "groups": {},
        "checks": {
                "status is 200": {
                    "path": "::status is 200",
                    "id": "6210a8cd14cd70477eba5c5e4cb3fb5f",
                    "passes": 62183,
                    "fails": 7,
                    "name": "status is 200"
                }
            },
        "name": ""
    }
}