{
    "metrics": {
        "checks": {
            "passes": 65105,
            "fails": 0,
            "value": 1
        },
        "iterations": {
            "count": 65105,
            "rate": 641.6477304780316
        },
        "vus": {
            "value": 489,
            "min": 489,
            "max": 1000
        },
        "http_req_tls_handshaking": {
            "med": 0,
            "max": 0,
            "p(90)": 0,
            "p(95)": 0,
            "avg": 0,
            "min": 0
        },
        "http_req_failed": {
            "passes": 0,
            "fails": 65105,
            "value": 0
        },
        "http_req_duration{expected_response:true}": {
            "avg": 545.8182640964536,
            "min": 500.709,
            "med": 508.454,
            "max": 4564.074,
            "p(90)": 588.988,
            "p(95)": 711.4566
        },
        "http_req_sending": {
            "p(95)": 0.397,
            "avg": 0.2636766146993295,
            "min": 0.003,
            "med": 0.022,
            "max": 146.912,
            "p(90)": 0.155
        },
        "data_sent": {
            "count": 4687560,
            "rate": 46198.636594418276
        },
        "http_req_waiting": {
            "avg": 545.3466792565843,
            "min": 500.658,
            "med": 508.257,
            "max": 4563.382,
            "p(90)": 588.5634,
            "p(95)": 710.4631999999998
        },
        "http_req_receiving": {
            "p(95)": 0.435,
            "avg": 0.207908225174729,
            "min": 0.005,
            "med": 0.042,
            "max": 586.522,
            "p(90)": 0.21
        },
        "data_received": {
            "count": 6836025,
            "rate": 67373.01170019332
        },
        "http_req_blocked": {
            "min": 0.073,
            "med": 0.346,
            "max": 223.717,
            "p(90)": 1.2096000000000016,
            "p(95)": 2.308,
            "avg": 2.6108546809000424
        },
        "http_req_duration": {
            "p(95)": 711.4566,
            "avg": 545.8182640964536,
            "min": 500.709,
            "med": 508.454,
            "max": 4564.074,
            "p(90)": 588.988
        },
        "iteration_duration": {
            "med": 1509.935042,
            "max": 5724.988958,
            "p(90)": 1597.1923748,
            "p(95)": 1720.4101501999999,
            "avg": 1549.3539972376484,
            "min": 1500.894292
        },
        "http_reqs": {
            "count": 65105,
            "rate": 641.6477304780316
        },
        "vus_max": {
            "value": 1000,
            "min": 1000,
            "max": 1000
        },
        "http_req_connecting": {
            "avg": 2.3964987174564034,
            "min": 0.065,
            "med": 0.298,
            "max": 223.37,
            "p(90)": 1.002,
            "p(95)": 1.783
        }
    },
    "root_group": {
        "path": "",
        "id": "d41d8cd98f00b204e9800998ecf8427e",
        "groups": {},
        "checks": {
                "status is 200": {
                    "name": "status is 200",
                    "path": "::status is 200",
                    "id": "6210a8cd14cd70477eba5c5e4cb3fb5f",
                    "passes": 65105,
                    "fails": 0
                }
            },
        "name": ""
    }
}