{
    "root_group": {
        "name": "",
        "path": "",
        "id": "d41d8cd98f00b204e9800998ecf8427e",
        "groups": {},
        "checks": {
                "status is 200": {
                    "fails": 47,
                    "name": "status is 200",
                    "path": "::status is 200",
                    "id": "6210a8cd14cd70477eba5c5e4cb3fb5f",
                    "passes": 57089
                }
            }
    },
    "metrics": {
        "iterations": {
            "count": 57136,
            "rate": 562.9190735260034
        },
        "vus_max": {
            "value": 1000,
            "min": 1000,
            "max": 1000
        },
        "http_reqs": {
            "count": 57136,
            "rate": 562.9190735260034
        },
        "http_req_sending": {
            "avg": 0.3394290114813077,
            "min": 0.003,
            "med": 0.021,
            "max": 213.646,
            "p(90)": 0.35950000000000126,
            "p(95)": 1.191
        },
        "http_req_waiting": {
            "avg": 756.115298585837,
            "min": 500.618,
            "med": 513.233,
            "max": 60001.024,
            "p(90)": 1287.1960000000008,
            "p(95)": 1663.6599999999999
        },
        "checks": {
            "passes": 57089,
            "fails": 47,
            "value": 0.9991774012881546
        },
        "http_req_duration{expected_response:true}": {
            "max": 31407.351,
            "p(90)": 1284.6188000000002,
            "p(95)": 1663.618,
            "avg": 749.6151606789416,
            "min": 500.66,
            "med": 513.705
        },
        "data_received": {
            "rate": 59068.16755299622,
            "count": 5995389
        },
        "http_req_blocked": {
            "med": 0.336,
            "max": 212.278,
            "p(90)": 3.243,
            "p(95)": 7.693499999999995,
            "avg": 2.348653493419226,
            "min": 0.046
        },
        "http_req_receiving": {
            "p(95)": 5.064,
            "avg": 1.7387302576309713,
            "min": 0,
            "med": 0.052,
            "max": 1102.81,
            "p(90)": 1.6765000000000012
        },
        "http_req_connecting": {
            "min": 0.041,
            "med": 0.285,
            "max": 121.065,
            "p(90)": 2.4295000000000013,
            "p(95)": 6.347249999999998,
            "avg": 1.9929972871744654
        },
        "http_req_duration": {
            "p(90)": 1295.4085000000005,
            "p(95)": 1672.6117499999998,
            "avg": 758.1934578549426,
            "min": 500.66,
            "med": 513.741,
            "max": 60001.048
        },
        "http_req_tls_handshaking": {
            "avg": 0,
            "min": 0,
            "med": 0,
            "max": 0,
            "p(90)": 0,
            "p(95)": 0
        },
        "http_req_failed": {
            "passes": 47,
            "fails": 57089,
            "value": 0.0008225987118454215
        },
        "data_sent": {
            "count": 4113792,
            "rate": 40530.17329387225
        },
        "vus": {
            "value": 550,
            "min": 550,
            "max": 1000
        },
        "iteration_duration": {
            "med": 1516.580479,
            "max": 61002.815208,
            "p(90)": 2304.412729,
            "p(95)": 2689.914969,
            "avg": 1763.128422052484,
            "min": 1500.936375
        }
    }
}