{
    "root_group": {
        "id": "d41d8cd98f00b204e9800998ecf8427e",
        "groups": {},
        "checks": {
                "status is 200": {
                    "path": "::status is 200",
                    "id": "6210a8cd14cd70477eba5c5e4cb3fb5f",
                    "passes": 63556,
                    "fails": 0,
                    "name": "status is 200"
                }
            },
        "name": "",
        "path": ""
    },
    "metrics": {
        "iteration_duration": {
            "min": 1501.05075,
            "med": 1514.258312,
            "max": 4596.447625,
            "p(90)": 1699.8518955,
            "p(95)": 1901.6213125,
            "avg": 1586.7179830455589
        },
        "http_reqs": {
            "count": 63556,
            "rate": 626.1352494304086
        },
        "vus": {
            "value": 679,
            "min": 679,
            "max": 1000
        },
        "http_req_blocked": {
            "med": 0.354,
            "max": 230.861,
            "p(90)": 1.622,
            "p(95)": 4.966249999999997,
            "avg": 2.7111386493800875,
            "min": 0.054
        },
        "http_req_waiting": {
            "max": 3565.084,
            "p(90)": 690.5120000000001,
            "p(95)": 888.77,
            "avg": 581.029731874255,
            "min": 500.566,
            "med": 511.965
        },
        "checks": {
            "passes": 63556,
            "fails": 0,
            "value": 1
        },
        "http_req_tls_handshaking": {
            "avg": 0,
            "min": 0,
            "med": 0,
            "max": 0,
            "p(90)": 0,
            "p(95)": 0
        },
        "http_req_receiving": {
            "avg": 0.27311884007805154,
            "min": 0.006,
            "med": 0.042,
            "max": 859.275,
            "p(90)": 0.207,
            "p(95)": 0.405
        },
        "vus_max": {
            "value": 1000,
            "min": 1000,
            "max": 1000
        },
        "iterations": {
            "count": 63556,
            "rate": 626.1352494304086
        },
        "data_received": {
            "rate": 65744.2011901929,
            "count": 6673380
        },
        "http_req_sending": {
            "avg": 0.3618311095725658,
            "min": 0.003,
            "med": 0.023,
            "max": 124.894,
            "p(90)": 0.178,
            "p(95)": 0.479
        },
        "http_req_duration": {
            "min": 500.62,
            "med": 512.153,
            "max": 3565.254,
            "p(90)": 692.996,
            "p(95)": 889.6585,
            "avg": 581.6646818239047
        },
        "http_req_connecting": {
            "med": 0.303,
            "max": 215.654,
            "p(90)": 1.325,
            "p(95)": 3.926999999999989,
            "avg": 2.4095866322612594,
            "min": 0.044
        },
        "data_sent": {
            "count": 4576032,
            "rate": 45081.737958989426
        },
        "http_req_duration{expected_response:true}": {
            "p(90)": 692.996,
            "p(95)": 889.6585,
            "avg": 581.6646818239047,
            "min": 500.62,
            "med": 512.153,
            "max": 3565.254
        },
        "http_req_failed": {
            "passes": 0,
            "fails": 63556,
            "value": 0
        }
    }
}