{
    "metrics": {
        "data_sent": {
            "count": 4752000,
            "rate": 47361.65483216652
        },
        "checks": {
            "passes": 66000,
            "fails": 0,
            "value": 1
        },
        "http_req_connecting": {
            "med": 0,
            "max": 318.257,
            "p(90)": 0,
            "p(95)": 0,
            "avg": 2.3087035606060606,
            "min": 0
        },
        "http_req_tls_handshaking": {
            "max": 0,
            "p(90)": 0,
            "p(95)": 0,
            "avg": 0,
            "min": 0,
            "med": 0
        },
        "http_req_sending": {
            "p(95)": 1.0370999999999941,
            "avg": 0.8276089999993025,
            "min": 0.001,
            "med": 0.006,
            "max": 105.445,
            "p(90)": 0.114
        },
        "iteration_duration": {
            "avg": 1518.2940744538494,
            "min": 1500.464667,
            "med": 1507.38375,
            "max": 2065.713792,
            "p(90)": 1532.7077378,
            "p(95)": 1559.6120524
        },
        "iterations": {
            "count": 66000,
            "rate": 657.8007615578683
        },
        "http_req_failed": {
            "fails": 66000,
            "passes": 0,
            "value": 0
        },
        "http_reqs": {
            "count": 66000,
            "rate": 657.8007615578683
        },
        "http_req_duration": {
            "med": 506.291,
            "max": 807.255,
            "p(90)": 525.7821,
            "p(95)": 554.0334,
            "avg": 514.0773267424181,
            "min": 500.384
        },
        "http_req_receiving": {
            "avg": 0.027596757575766438,
            "min": 0.004,
            "med": 0.01,
            "max": 33.035,
            "p(90)": 0.033,
            "p(95)": 0.052
        },
        "http_req_waiting": {
            "max": 753.125,
            "p(90)": 524.134,
            "p(95)": 553.1954000000001,
            "avg": 513.2221209848483,
            "min": 500.365,
            "med": 506.114
        },
        "vus": {
            "value": 1000,
            "min": 1000,
            "max": 1000
        },
        "vus_max": {
            "value": 1000,
            "min": 1000,
            "max": 1000
        },
        "data_received": {
            "count": 6930000,
            "rate": 69069.07996357618
        },
        "http_req_blocked": {
            "med": 0.002,
            "max": 320.371,
            "p(90)": 0.011,
            "p(95)": 0.029,
            "avg": 2.396908833330518,
            "min": 0
        },
        "http_req_duration{expected_response:true}": {
            "p(95)": 554.0334,
            "avg": 514.0773267424181,
            "min": 500.384,
            "med": 506.291,
            "max": 807.255,
            "p(90)": 525.7821
        }
    },
    "root_group": {
        "checks": {
            "status is 200": {
                "name": "status is 200",
                "path": "::status is 200",
                "id": "6210a8cd14cd70477eba5c5e4cb3fb5f",
                "passes": 66000,
                "fails": 0
            }
        },
        "name": "",
        "path": "",
        "id": "d41d8cd98f00b204e9800998ecf8427e",
        "groups": {}
    }
}