{
    "root_group": {
        "name": "",
        "path": "",
        "id": "d41d8cd98f00b204e9800998ecf8427e",
        "groups": {},
        "checks": {
                "status is 200": {
                    "passes": 60655,
                    "fails": 281,
                    "name": "status is 200",
                    "path": "::status is 200",
                    "id": "6210a8cd14cd70477eba5c5e4cb3fb5f"
                }
            }
    },
    "metrics": {
        "iterations": {
            "count": 60936,
            "rate": 600.6371449540895
        },
        "vus": {
            "value": 105,
            "min": 105,
            "max": 1000
        },
        "http_req_duration": {
            "p(90)": 737.2845000000001,
            "p(95)": 1505.0507499999999,
            "avg": 644.6739091834155,
            "min": 500.767,
            "med": 508.817,
            "max": 31349.855
        },
        "vus_max": {
            "min": 1000,
            "max": 1000,
            "value": 1000
        },
        "http_req_waiting": {
            "avg": 644.2638878495484,
            "min": 500.722,
            "med": 508.619,
            "max": 31349.688,
            "p(90)": 734.4785000000002,
            "p(95)": 1504.8927499999998
        },
        "checks": {
            "fails": 281,
            "passes": 60655,
            "value": 0.9953886044374426
        },
        "data_sent": {
            "count": 4387392,
            "rate": 43245.874436694445
        },
        "http_reqs": {
            "count": 60936,
            "rate": 600.6371449540895
        },
        "http_req_connecting": {
            "med": 0.29,
            "max": 215.103,
            "p(90)": 1.1915000000000013,
            "p(95)": 3.6339999999999892,
            "avg": 2.5855825948536304,
            "min": 0.041
        },
        "http_req_failed": {
            "passes": 281,
            "fails": 60655,
            "value": 0.004611395562557437
        },
        "http_req_duration{expected_response:true}": {
            "avg": 628.0633137911203,
            "min": 500.767,
            "med": 508.759,
            "max": 31349.855,
            "p(90)": 721.6864000000003,
            "p(95)": 1435.5684999999999
        },
        "http_req_blocked": {
            "p(90)": 1.461,
            "p(95)": 4.7632499999999975,
            "avg": 2.7904438919522896,
            "min": 0.052,
            "med": 0.336,
            "max": 232.164
        },
        "http_req_sending": {
            "max": 161.409,
            "p(90)": 0.154,
            "p(95)": 0.381,
            "avg": 0.1751942365760964,
            "min": 0.003,
            "med": 0.021
        },
        "http_req_tls_handshaking": {
            "max": 0,
            "p(90)": 0,
            "p(95)": 0,
            "avg": 0,
            "min": 0,
            "med": 0
        },
        "iteration_duration": {
            "max": 32350.297708,
            "p(90)": 1745.755646,
            "p(95)": 2506.81096875,
            "avg": 1649.1368403783895,
            "min": 1501.130334,
            "med": 1510.478521
        },
        "data_received": {
            "count": 6378459,
            "rate": 62871.52755295256
        },
        "http_req_receiving": {
            "avg": 0.2348270972824196,
            "min": 0,
            "med": 0.041,
            "max": 664.737,
            "p(90)": 0.203,
            "p(95)": 0.409
        }
    }
}