{
    "root_group": {
        "name": "",
        "path": "",
        "id": "d41d8cd98f00b204e9800998ecf8427e",
        "groups": {},
        "checks": {
                "status is 200": {
                    "path": "::status is 200",
                    "id": "6210a8cd14cd70477eba5c5e4cb3fb5f",
                    "passes": 67000,
                    "fails": 0,
                    "name": "status is 200"
                }
            }
    },
    "metrics": {
        "vus_max": {
            "value": 1000,
            "min": 1000,
            "max": 1000
        },
        "iterations": {
            "count": 67000,
            "rate": 659.9607691738353
        },
        "http_req_duration": {
            "p(95)": 529.76605,
            "avg": 509.3655272985081,
            "min": 500.406,
            "med": 506.05150000000003,
            "max": 667.964,
            "p(90)": 518.2341
        },
        "checks": {
            "passes": 67000,
            "fails": 0,
            "value": 1
        },
        "http_req_blocked": {
            "max": 197.173,
            "p(90)": 0.005,
            "p(95)": 0.013,
            "avg": 1.8015360895521668,
            "min": 0,
            "med": 0.002
        },
        "http_req_tls_handshaking": {
            "p(95)": 0,
            "avg": 0,
            "min": 0,
            "med": 0,
            "max": 0,
            "p(90)": 0
        },
        "http_req_sending": {
            "avg": 0.5216360298502807,
            "min": 0.001,
            "med": 0.004,
            "max": 151.674,
            "p(90)": 0.044,
            "p(95)": 0.226
        },
        "http_req_failed": {
            "passes": 0,
            "fails": 67000,
            "value": 0
        },
        "data_sent": {
            "rate": 47517.17538051614,
            "count": 4824000
        },
        "iteration_duration": {
            "min": 1500.406625,
            "med": 1506.727854,
            "max": 1739.132375,
            "p(90)": 1523.3124252999999,
            "p(95)": 1545.43580415,
            "avg": 1513.3327122722678
        },
        "data_received": {
            "count": 7035000,
            "rate": 69295.8807632527
        },
        "http_req_connecting": {
            "max": 190.553,
            "p(90)": 0,
            "p(95)": 0,
            "avg": 1.740459791044779,
            "min": 0,
            "med": 0
        },
        "http_req_waiting": {
            "avg": 508.8186423731296,
            "min": 500.397,
            "med": 505.953,
            "max": 600.395,
            "p(90)": 516.7411,
            "p(95)": 526.5563
        },
        "http_req_receiving": {
            "med": 0.009,
            "max": 9.845,
            "p(90)": 0.03,
            "p(95)": 0.047,
            "avg": 0.025248895522394215,
            "min": 0.004
        },
        "http_reqs": {
            "count": 67000,
            "rate": 659.9607691738353
        },
        "http_req_duration{expected_response:true}": {
            "max": 667.964,
            "p(90)": 518.2341,
            "p(95)": 529.76605,
            "avg": 509.3655272985081,
            "min": 500.406,
            "med": 506.05150000000003
        },
        "vus": {
            "min": 1000,
            "max": 1000,
            "value": 1000
        }
    }
}