{
    "root_group": {
        "path": "",
        "id": "d41d8cd98f00b204e9800998ecf8427e",
        "groups": {},
        "checks": {
                "status is 200": {
                    "id": "6210a8cd14cd70477eba5c5e4cb3fb5f",
                    "passes": 66000,
                    "fails": 0,
                    "name": "status is 200",
                    "path": "::status is 200"
                }
            },
        "name": ""
    },
    "metrics": {
        "http_req_tls_handshaking": {
            "max": 0,
            "p(90)": 0,
            "p(95)": 0,
            "avg": 0,
            "min": 0,
            "med": 0
        },
        "http_req_duration": {
            "p(95)": 554.6667,
            "avg": 513.654084575758,
            "min": 500.367,
            "med": 505.6175,
            "max": 721.472,
            "p(90)": 536.1772
        },
        "http_req_duration{expected_response:true}": {
            "p(95)": 554.6667,
            "avg": 513.654084575758,
            "min": 500.367,
            "med": 505.6175,
            "max": 721.472,
            "p(90)": 536.1772
        },
        "http_req_blocked": {
            "p(95)": 0.148,
            "avg": 2.0242164999984396,
            "min": 0,
            "med": 0.003,
            "max": 300.965,
            "p(90)": 0.028
        },
        "http_req_connecting": {
            "avg": 1.9472303484848503,
            "min": 0,
            "med": 0,
            "max": 300.95,
            "p(90)": 0,
            "p(95)": 0
        },
        "vus": {
            "value": 1000,
            "min": 1000,
            "max": 1000
        },
        "checks": {
            "passes": 66000,
            "fails": 0,
            "value": 1
        },
        "data_sent": {
            "rate": 47015.22712594185,
            "count": 4752000
        },
        "http_reqs": {
            "count": 66000,
            "rate": 652.9892656380813
        },
        "http_req_sending": {
            "avg": 2.3372675151511495,
            "min": 0.001,
            "med": 0.011,
            "max": 180.763,
            "p(90)": 2.267200000000003,
            "p(95)": 14.797049999999997
        },
        "http_req_failed": {
            "passes": 0,
            "fails": 66000,
            "value": 0
        },
        "iterations": {
            "rate": 652.9892656380813,
            "count": 66000
        },
        "vus_max": {
            "value": 1000,
            "min": 1000,
            "max": 1000
        },
        "data_received": {
            "count": 6930000,
            "rate": 68563.87289199853
        },
        "http_req_receiving": {
            "p(95)": 0.25,
            "avg": 0.1235941969696964,
            "min": 0.004,
            "med": 0.016,
            "max": 81.595,
            "p(90)": 0.081
        },
        "http_req_waiting": {
            "avg": 511.1932228636377,
            "min": 500.352,
            "med": 504.863,
            "max": 721.451,
            "p(90)": 529.4100999999999,
            "p(95)": 545.2020499999999
        },
        "iteration_duration": {
            "avg": 1528.0687189017822,
            "min": 1500.49675,
            "med": 1511.826479,
            "max": 1866.663958,
            "p(90)": 1566.9267461000002,
            "p(95)": 1610.9297392999997
        }
    }
}