{
    "root_group": {
        "name": "",
        "path": "",
        "id": "d41d8cd98f00b204e9800998ecf8427e",
        "groups": {},
        "checks": {
                "status is 200": {
                    "path": "::status is 200",
                    "id": "6210a8cd14cd70477eba5c5e4cb3fb5f",
                    "passes": 66000,
                    "fails": 0,
                    "name": "status is 200"
                }
            }
    },
    "metrics": {
        "iteration_duration": {
            "p(95)": 1569.8707559499999,
            "avg": 1516.3398599294176,
            "min": 1500.537042,
            "med": 1507.1865625,
            "max": 1834.114,
            "p(90)": 1524.9475536
        },
        "http_req_sending": {
            "avg": 0.7133393181809862,
            "min": 0.001,
            "med": 0.004,
            "max": 266.004,
            "p(90)": 0.03910000000000147,
            "p(95)": 0.194
        },
        "iterations": {
            "rate": 657.5827783135417,
            "count": 66000
        },
        "http_req_connecting": {
            "p(90)": 0,
            "p(95)": 0,
            "avg": 0.38302051515151575,
            "min": 0,
            "med": 0,
            "max": 84.189
        },
        "checks": {
            "passes": 66000,
            "fails": 0,
            "value": 1
        },
        "http_req_receiving": {
            "med": 0.01,
            "max": 100.41,
            "p(90)": 0.034,
            "p(95)": 0.055,
            "avg": 0.04931571212121255,
            "min": 0.004
        },
        "data_received": {
            "count": 6930000,
            "rate": 69046.19172292188
        },
        "http_req_waiting": {
            "p(95)": 536.37235,
            "avg": 512.0065145302989,
            "min": 500.454,
            "med": 506.634,
            "max": 785.694,
            "p(90)": 518.2511
        },
        "http_reqs": {
            "count": 66000,
            "rate": 657.5827783135417
        },
        "http_req_blocked": {
            "p(95)": 0.014,
            "avg": 0.4323456060609381,
            "min": 0,
            "med": 0.002,
            "max": 147.888,
            "p(90)": 0.006
        },
        "http_req_duration{expected_response:true}": {
            "p(95)": 537.7598499999999,
            "avg": 512.7691695606036,
            "min": 500.466,
            "med": 506.709,
            "max": 830.048,
            "p(90)": 518.6245
        },
        "http_req_failed": {
            "passes": 0,
            "fails": 66000,
            "value": 0
        },
        "vus_max": {
            "value": 1000,
            "min": 1000,
            "max": 1000
        },
        "data_sent": {
            "rate": 47345.960038575,
            "count": 4752000
        },
        "http_req_duration": {
            "p(90)": 518.6245,
            "p(95)": 537.7598499999999,
            "avg": 512.7691695606036,
            "min": 500.466,
            "med": 506.709,
            "max": 830.048
        },
        "http_req_tls_handshaking": {
            "avg": 0,
            "min": 0,
            "med": 0,
            "max": 0,
            "p(90)": 0,
            "p(95)": 0
        },
        "vus": {
            "value": 1000,
            "min": 1000,
            "max": 1000
        }
    }
}