{
    "root_group": {
        "groups": {},
        "checks": {
                "status is 200": {
                    "name": "status is 200",
                    "path": "::status is 200",
                    "id": "6210a8cd14cd70477eba5c5e4cb3fb5f",
                    "passes": 62777,
                    "fails": 0
                }
            },
        "name": "",
        "path": "",
        "id": "d41d8cd98f00b204e9800998ecf8427e"
    },
    "metrics": {
        "http_req_failed": {
            "passes": 0,
            "fails": 62777,
            "value": 0
        },
        "data_sent": {
            "count": 4519944,
            "rate": 44546.19675234491
        },
        "http_req_tls_handshaking": {
            "avg": 0,
            "min": 0,
            "med": 0,
            "max": 0,
            "p(90)": 0,
            "p(95)": 0
        },
        "http_req_blocked": {
            "max": 279.452,
            "p(90)": 0.868,
            "p(95)": 2.5081999999999973,
            "avg": 2.86036400273979,
            "min": 0.065,
            "med": 0.251
        },
        "iteration_duration": {
            "avg": 1604.0734232904804,
            "min": 1500.902416,
            "med": 1507.940167,
            "max": 8591.946958,
            "p(90)": 1732.6068584,
            "p(95)": 2380.3112083999995
        },
        "iterations": {
            "count": 62777,
            "rate": 618.6971771159016
        },
        "http_reqs": {
            "count": 62777,
            "rate": 618.6971771159016
        },
        "http_req_duration": {
            "avg": 600.0370765407735,
            "min": 500.534,
            "med": 506.935,
            "max": 7364.512,
            "p(90)": 726.2909999999999,
            "p(95)": 1330.9015999999997
        },
        "http_req_waiting": {
            "avg": 599.2894710323844,
            "min": 500.504,
            "med": 506.809,
            "max": 7361.61,
            "p(90)": 723.8412000000002,
            "p(95)": 1301.590799999999
        },
        "data_received": {
            "count": 6591585,
            "rate": 64963.20359716966
        },
        "http_req_connecting": {
            "med": 0.22,
            "max": 278.722,
            "p(90)": 0.721,
            "p(95)": 1.9137999999999888,
            "avg": 2.6865564139732654,
            "min": 0.04
        },
        "checks": {
            "passes": 62777,
            "fails": 0,
            "value": 1
        },
        "vus_max": {
            "value": 1000,
            "min": 1000,
            "max": 1000
        },
        "http_req_duration{expected_response:true}": {
            "avg": 600.0370765407735,
            "min": 500.534,
            "med": 506.935,
            "max": 7364.512,
            "p(90)": 726.2909999999999,
            "p(95)": 1330.9015999999997
        },
        "http_req_receiving": {
            "min": 0.005,
            "med": 0.026,
            "max": 1333.265,
            "p(90)": 0.129,
            "p(95)": 0.28,
            "avg": 0.2541280245950114
        },
        "vus": {
            "value": 427,
            "min": 427,
            "max": 1000
        },
        "http_req_sending": {
            "p(95)": 0.243,
            "avg": 0.49347748379169365,
            "min": 0.003,
            "med": 0.013,
            "max": 96.818,
            "p(90)": 0.074
        }
    }
}