{
    "metrics": {
        "vus": {
            "value": 603,
            "min": 603,
            "max": 1000
        },
        "http_req_blocked": {
            "min": 0.055,
            "med": 0.355,
            "max": 392.884,
            "p(90)": 1.311,
            "p(95)": 2.818549999999997,
            "avg": 2.85903686329154
        },
        "iteration_duration": {
            "avg": 1555.6469980514648,
            "min": 1501.075417,
            "med": 1508.895813,
            "max": 5560.128708,
            "p(90)": 1601.847316,
            "p(95)": 1786.43398995
        },
        "http_req_duration{expected_response:true}": {
            "avg": 551.6817070444339,
            "min": 500.738,
            "med": 507.502,
            "max": 4558.395,
            "p(90)": 595.6325,
            "p(95)": 774.8038999999999
        },
        "iterations": {
            "count": 64590,
            "rate": 636.0713366560043
        },
        "http_req_tls_handshaking": {
            "p(90)": 0,
            "p(95)": 0,
            "avg": 0,
            "min": 0,
            "med": 0,
            "max": 0
        },
        "checks": {
            "passes": 64590,
            "fails": 0,
            "value": 1
        },
        "http_req_failed": {
            "passes": 0,
            "fails": 64590,
            "value": 0
        },
        "data_sent": {
            "count": 4650480,
            "rate": 45797.136239232306
        },
        "http_reqs": {
            "count": 64590,
            "rate": 636.0713366560043
        },
        "vus_max": {
            "value": 1000,
            "min": 1000,
            "max": 1000
        },
        "http_req_receiving": {
            "max": 419.747,
            "p(90)": 0.202,
            "p(95)": 0.388,
            "avg": 0.24803446353926725,
            "min": 0.006,
            "med": 0.043
        },
        "http_req_connecting": {
            "avg": 2.6752805697476356,
            "min": 0.044,
            "med": 0.308,
            "max": 384.401,
            "p(90)": 1.102,
            "p(95)": 2.272
        },
        "http_req_sending": {
            "avg": 0.5920022758940703,
            "min": 0.003,
            "med": 0.022,
            "max": 239.868,
            "p(90)": 0.152,
            "p(95)": 0.379
        },
        "http_req_waiting": {
            "avg": 550.8416703050023,
            "min": 500.683,
            "med": 507.342,
            "max": 4558.19,
            "p(90)": 592.8836,
            "p(95)": 769.9213999999998
        },
        "data_received": {
            "count": 6781950,
            "rate": 66787.49034888046
        },
        "http_req_duration": {
            "med": 507.502,
            "max": 4558.395,
            "p(90)": 595.6325,
            "p(95)": 774.8038999999999,
            "avg": 551.6817070444339,
            "min": 500.738
        }
    },
    "root_group": {
        "id": "d41d8cd98f00b204e9800998ecf8427e",
        "groups": {},
        "checks": {
                "status is 200": {
                    "id": "6210a8cd14cd70477eba5c5e4cb3fb5f",
                    "passes": 64590,
                    "fails": 0,
                    "name": "status is 200",
                    "path": "::status is 200"
                }
            },
        "name": "",
        "path": ""
    }
}