{
    "root_group": {
        "name": "",
        "path": "",
        "id": "d41d8cd98f00b204e9800998ecf8427e",
        "groups": {},
        "checks": {
                "status is 200": {
                    "id": "6210a8cd14cd70477eba5c5e4cb3fb5f",
                    "passes": 64381,
                    "fails": 0,
                    "name": "status is 200",
                    "path": "::status is 200"
                }
            }
    },
    "metrics": {
        "http_req_duration": {
            "med": 506.103,
            "max": 4698.235,
            "p(90)": 562.48,
            "p(95)": 779.781,
            "avg": 560.321570634189,
            "min": 500.651
        },
        "http_req_sending": {
            "min": 0.003,
            "med": 0.013,
            "max": 161.55,
            "p(90)": 0.052,
            "p(95)": 0.137,
            "avg": 0.5210308786752755
        },
        "checks": {
            "passes": 64381,
            "fails": 0,
            "value": 1
        },
        "data_received": {
            "count": 6760005,
            "rate": 66519.31206722996
        },
        "http_req_failed": {
            "passes": 0,
            "fails": 64381,
            "value": 0
        },
        "data_sent": {
            "rate": 45613.24256038626,
            "count": 4635432
        },
        "vus": {
            "max": 1000,
            "value": 173,
            "min": 173
        },
        "http_req_blocked": {
            "med": 0.246,
            "max": 199.445,
            "p(90)": 0.696,
            "p(95)": 1.475,
            "avg": 1.2558966620586798,
            "min": 0.05
        },
        "http_req_receiving": {
            "avg": 0.22125624019510232,
            "min": 0.006,
            "med": 0.026,
            "max": 456.049,
            "p(90)": 0.104,
            "p(95)": 0.2
        },
        "http_req_tls_handshaking": {
            "avg": 0,
            "min": 0,
            "med": 0,
            "max": 0,
            "p(90)": 0,
            "p(95)": 0
        },
        "iteration_duration": {
            "avg": 1562.1637823502258,
            "min": 1500.875875,
            "med": 1506.988958,
            "max": 5705.24325,
            "p(90)": 1566.146083,
            "p(95)": 1785.220792
        },
        "http_req_duration{expected_response:true}": {
            "avg": 560.321570634189,
            "min": 500.651,
            "med": 506.103,
            "max": 4698.235,
            "p(90)": 562.48,
            "p(95)": 779.781
        },
        "vus_max": {
            "min": 1000,
            "max": 1000,
            "value": 1000
        },
        "http_req_waiting": {
            "avg": 559.5792835153254,
            "min": 500.623,
            "med": 506.007,
            "max": 4697.912,
            "p(90)": 559.853,
            "p(95)": 774.958
        },
        "http_reqs": {
            "count": 64381,
            "rate": 633.5172577831424
        },
        "iterations": {
            "count": 64381,
            "rate": 633.5172577831424
        },
        "http_req_connecting": {
            "p(90)": 0.604,
            "p(95)": 1.227,
            "avg": 1.129191966573999,
            "min": 0.035,
            "med": 0.217,
            "max": 137.777
        }
    }
}