{
    "root_group": {
        "name": "",
        "path": "",
        "id": "d41d8cd98f00b204e9800998ecf8427e",
        "groups": {},
        "checks": {
                "status is 200": {
                    "name": "status is 200",
                    "path": "::status is 200",
                    "id": "6210a8cd14cd70477eba5c5e4cb3fb5f",
                    "passes": 64669,
                    "fails": 0
                }
            }
    },
    "metrics": {
        "data_received": {
            "count": 6790245,
            "rate": 66913.0541761655
        },
        "data_sent": {
            "count": 4656168,
            "rate": 45883.23714937063
        },
        "http_req_duration": {
            "avg": 555.4116016483996,
            "min": 500.567,
            "med": 505.652,
            "max": 4743.501,
            "p(90)": 545.4764,
            "p(95)": 718.4975999999986
        },
        "checks": {
            "passes": 64669,
            "fails": 0,
            "value": 1
        },
        "http_reqs": {
            "count": 64669,
            "rate": 637.2671826301477
        },
        "http_req_tls_handshaking": {
            "max": 0,
            "p(90)": 0,
            "p(95)": 0,
            "avg": 0,
            "min": 0,
            "med": 0
        },
        "http_req_sending": {
            "avg": 0.07247542098996833,
            "min": 0.003,
            "med": 0.013,
            "max": 53.555,
            "p(90)": 0.048,
            "p(95)": 0.114
        },
        "iterations": {
            "count": 64669,
            "rate": 637.2671826301477
        },
        "http_req_blocked": {
            "med": 0.246,
            "max": 155.659,
            "p(90)": 0.639,
            "p(95)": 1.2185999999999972,
            "avg": 1.913886792744591,
            "min": 0.065
        },
        "vus_max": {
            "min": 1000,
            "max": 1000,
            "value": 1000
        },
        "iteration_duration": {
            "avg": 1557.7666119326602,
            "min": 1500.786292,
            "med": 1506.4,
            "max": 5891.661292,
            "p(90)": 1546.8773336,
            "p(95)": 1725.6050085999998
        },
        "http_req_duration{expected_response:true}": {
            "avg": 555.4116016483996,
            "min": 500.567,
            "med": 505.652,
            "max": 4743.501,
            "p(90)": 545.4764,
            "p(95)": 718.4975999999986
        },
        "http_req_receiving": {
            "min": 0.006,
            "med": 0.026,
            "max": 499.275,
            "p(90)": 0.095,
            "p(95)": 0.18,
            "avg": 0.1555481451700226
        },
        "vus": {
            "value": 546,
            "min": 546,
            "max": 1000
        },
        "http_req_connecting": {
            "p(90)": 0.564,
            "p(95)": 0.998,
            "avg": 1.7809431566902427,
            "min": 0.047,
            "med": 0.218,
            "max": 148.388
        },
        "http_req_failed": {
            "passes": 0,
            "fails": 64669,
            "value": 0
        },
        "http_req_waiting": {
            "min": 500.54,
            "med": 505.568,
            "max": 4743.033,
            "p(90)": 545.0047999999999,
            "p(95)": 717.2633999999999,
            "avg": 555.183578082236
        }
    }
}