{
    "metrics": {
        "http_reqs": {
            "rate": 655.2471893275548,
            "count": 66514
        },
        "checks": {
            "passes": 66514,
            "fails": 0,
            "value": 1
        },
        "vus": {
            "value": 514,
            "min": 514,
            "max": 1000
        },
        "iteration_duration": {
            "avg": 1513.6695302327967,
            "min": 1500.55325,
            "med": 1507.7075215,
            "max": 1679.622167,
            "p(90)": 1526.7842712000001,
            "p(95)": 1549.3301022
        },
        "http_req_failed": {
            "passes": 0,
            "fails": 66514,
            "value": 0
        },
        "http_req_duration{expected_response:true}": {
            "med": 507.107,
            "max": 653.744,
            "p(90)": 523.1368,
            "p(95)": 547.78905,
            "avg": 512.3328181134829,
            "min": 500.455
        },
        "http_req_connecting": {
            "avg": 0.5330800132302979,
            "min": 0,
            "med": 0,
            "max": 111.626,
            "p(90)": 0,
            "p(95)": 0
        },
        "http_req_blocked": {
            "min": 0,
            "med": 0.002,
            "max": 119.555,
            "p(90)": 0.006,
            "p(95)": 0.013,
            "avg": 0.5513751992045522
        },
        "http_req_tls_handshaking": {
            "p(90)": 0,
            "p(95)": 0,
            "avg": 0,
            "min": 0,
            "med": 0,
            "max": 0
        },
        "http_req_sending": {
            "p(95)": 0.224,
            "avg": 0.21196127131147205,
            "min": 0.001,
            "med": 0.005,
            "max": 44.62,
            "p(90)": 0.047
        },
        "http_req_waiting": {
            "avg": 512.0958507231571,
            "min": 500.441,
            "med": 507.0425,
            "max": 645.727,
            "p(90)": 522.7774000000001,
            "p(95)": 546.1927
        },
        "data_sent": {
            "count": 4789008,
            "rate": 47177.79763158394
        },
        "data_received": {
            "count": 6983970,
            "rate": 68800.95487939325
        },
        "http_req_duration": {
            "p(90)": 523.1368,
            "p(95)": 547.78905,
            "avg": 512.3328181134829,
            "min": 500.455,
            "med": 507.107,
            "max": 653.744
        },
        "http_req_receiving": {
            "p(90)": 0.029,
            "p(95)": 0.044,
            "avg": 0.025006119012539588,
            "min": 0.004,
            "med": 0.011,
            "max": 30.011
        },
        "vus_max": {
            "value": 1000,
            "min": 1000,
            "max": 1000
        },
        "iterations": {
            "rate": 655.2471893275548,
            "count": 66514
        }
    },
    "root_group": {
        "path": "",
        "id": "d41d8cd98f00b204e9800998ecf8427e",
        "groups": {},
        "checks": {
                "status is 200": {
                    "name": "status is 200",
                    "path": "::status is 200",
                    "id": "6210a8cd14cd70477eba5c5e4cb3fb5f",
                    "passes": 66514,
                    "fails": 0
                }
            },
        "name": ""
    }
}