{
    "root_group": {
        "name": "",
        "path": "",
        "id": "d41d8cd98f00b204e9800998ecf8427e",
        "groups": {},
        "checks": {
                "status is 200": {
                    "fails": 0,
                    "name": "status is 200",
                    "path": "::status is 200",
                    "id": "6210a8cd14cd70477eba5c5e4cb3fb5f",
                    "passes": 61838
                }
            }
    },
    "metrics": {
        "http_reqs": {
            "count": 61838,
            "rate": 609.8851416187464
        },
        "checks": {
            "passes": 61838,
            "fails": 0,
            "value": 1
        },
        "data_sent": {
            "count": 4452336,
            "rate": 43911.73019654974
        },
        "http_req_sending": {
            "avg": 0.26279653287623783,
            "min": 0.003,
            "med": 0.022,
            "max": 135.507,
            "p(90)": 0.196,
            "p(95)": 0.5471499999999972
        },
        "http_req_tls_handshaking": {
            "max": 0,
            "p(90)": 0,
            "p(95)": 0,
            "avg": 0,
            "min": 0,
            "med": 0
        },
        "iterations": {
            "count": 61838,
            "rate": 609.8851416187464
        },
        "vus": {
            "min": 505,
            "max": 1000,
            "value": 505
        },
        "http_req_connecting": {
            "med": 0.308,
            "max": 339.814,
            "p(90)": 1.75,
            "p(95)": 7.975149999999997,
            "avg": 4.136364646333978,
            "min": 0.038
        },
        "http_req_duration": {
            "avg": 623.9424759532873,
            "min": 500.736,
            "med": 510.1365,
            "max": 5148.7,
            "p(90)": 777.0966000000001,
            "p(95)": 1406.9548999999893
        },
        "http_req_duration{expected_response:true}": {
            "max": 5148.7,
            "p(90)": 777.0966000000001,
            "p(95)": 1406.9548999999893,
            "avg": 623.9424759532873,
            "min": 500.736,
            "med": 510.1365
        },
        "data_received": {
            "count": 6492990,
            "rate": 64037.939869968366
        },
        "iteration_duration": {
            "avg": 1630.1473714631904,
            "min": 1500.98525,
            "med": 1511.7746040000002,
            "max": 6150.119042,
            "p(90)": 1804.4491537000001,
            "p(95)": 2443.892481299998
        },
        "http_req_receiving": {
            "avg": 0.4150974643422997,
            "min": 0.005,
            "med": 0.043,
            "max": 1049.748,
            "p(90)": 0.218,
            "p(95)": 0.437
        },
        "http_req_waiting": {
            "avg": 623.2645819560883,
            "min": 500.666,
            "med": 509.9495,
            "max": 5148.629,
            "p(90)": 775.665,
            "p(95)": 1395.925799999991
        },
        "vus_max": {
            "value": 1000,
            "min": 1000,
            "max": 1000
        },
        "http_req_blocked": {
            "max": 394.569,
            "p(90)": 2.1563000000000017,
            "p(95)": 9.827149999999943,
            "avg": 4.3802422458682315,
            "min": 0.045,
            "med": 0.357
        },
        "http_req_failed": {
            "passes": 0,
            "fails": 61838,
            "value": 0
        }
    }
}