{
    "metrics": {
        "data_sent": {
            "count": 4752000,
            "rate": 47421.9087302297
        },
        "data_received": {
            "count": 6930000,
            "rate": 69156.95023158498
        },
        "http_reqs": {
            "count": 66000,
            "rate": 658.6376212531902
        },
        "http_req_duration": {
            "max": 705.271,
            "p(90)": 523.6030999999999,
            "p(95)": 533.7801499999999,
            "avg": 511.24907721212315,
            "min": 500.388,
            "med": 507.032
        },
        "http_req_tls_handshaking": {
            "p(95)": 0,
            "avg": 0,
            "min": 0,
            "med": 0,
            "max": 0,
            "p(90)": 0
        },
        "http_req_sending": {
            "avg": 0.5843940151508479,
            "min": 0.001,
            "med": 0.005,
            "max": 152.098,
            "p(90)": 0.059,
            "p(95)": 0.357
        },
        "iteration_duration": {
            "med": 1507.957146,
            "max": 1899.805375,
            "p(90)": 1528.62235,
            "p(95)": 1543.2139683999999,
            "avg": 1515.901144993229,
            "min": 1500.423833
        },
        "http_req_waiting": {
            "avg": 510.64422933333753,
            "min": 500.378,
            "med": 506.928,
            "max": 595.372,
            "p(90)": 522.6622,
            "p(95)": 531.4461
        },
        "checks": {
            "passes": 66000,
            "fails": 0,
            "value": 1
        },
        "iterations": {
            "count": 66000,
            "rate": 658.6376212531902
        },
        "http_req_connecting": {
            "p(95)": 0,
            "avg": 1.445229651515151,
            "min": 0,
            "med": 0,
            "max": 212.587,
            "p(90)": 0
        },
        "http_req_duration{expected_response:true}": {
            "max": 705.271,
            "p(90)": 523.6030999999999,
            "p(95)": 533.7801499999999,
            "avg": 511.24907721212315,
            "min": 500.388,
            "med": 507.032
        },
        "http_req_receiving": {
            "avg": 0.02045386363636857,
            "min": 0.004,
            "med": 0.009,
            "max": 14.151,
            "p(90)": 0.027,
            "p(95)": 0.042
        },
        "http_req_blocked": {
            "med": 0.002,
            "max": 212.606,
            "p(90)": 0.007,
            "p(95)": 0.017,
            "avg": 1.634555818181712,
            "min": 0
        },
        "vus": {
            "value": 1000,
            "min": 1000,
            "max": 1000
        },
        "http_req_failed": {
            "fails": 66000,
            "passes": 0,
            "value": 0
        },
        "vus_max": {
            "min": 1000,
            "max": 1000,
            "value": 1000
        }
    },
    "root_group": {
        "name": "",
        "path": "",
        "id": "d41d8cd98f00b204e9800998ecf8427e",
        "groups": {},
        "checks": {
                "status is 200": {
                    "name": "status is 200",
                    "path": "::status is 200",
                    "id": "6210a8cd14cd70477eba5c5e4cb3fb5f",
                    "passes": 66000,
                    "fails": 0
                }
            }
    }
}