{
    "root_group": {
        "name": "",
        "path": "",
        "id": "d41d8cd98f00b204e9800998ecf8427e",
        "groups": {},
        "checks": {
                "status is 200": {
                    "path": "::status is 200",
                    "id": "6210a8cd14cd70477eba5c5e4cb3fb5f",
                    "passes": 64369,
                    "fails": 0,
                    "name": "status is 200"
                }
            }
    },
    "metrics": {
        "http_req_duration{expected_response:true}": {
            "avg": 560.6972917087445,
            "min": 500.537,
            "med": 506.649,
            "max": 4614.346,
            "p(90)": 578.322,
            "p(95)": 783.9331999999999
        },
        "http_req_sending": {
            "p(90)": 0.05520000000000143,
            "p(95)": 0.154,
            "avg": 0.12354969006821033,
            "min": 0.003,
            "med": 0.013,
            "max": 103.643
        },
        "iteration_duration": {
            "min": 1500.806292,
            "med": 1507.604417,
            "max": 5755.688,
            "p(90)": 1581.7871332,
            "p(95)": 1800.0875998,
            "avg": 1563.1701403866032
        },
        "checks": {
            "passes": 64369,
            "fails": 0,
            "value": 1
        },
        "data_sent": {
            "count": 4634568,
            "rate": 45660.17151677239
        },
        "http_req_receiving": {
            "p(90)": 0.104,
            "p(95)": 0.21,
            "avg": 0.2122791561155433,
            "min": 0.006,
            "med": 0.026,
            "max": 429.055
        },
        "data_received": {
            "rate": 66587.7501286264,
            "count": 6758745
        },
        "vus_max": {
            "value": 1000,
            "min": 1000,
            "max": 1000
        },
        "iterations": {
            "count": 64369,
            "rate": 634.1690488440609
        },
        "http_req_tls_handshaking": {
            "p(90)": 0,
            "p(95)": 0,
            "avg": 0,
            "min": 0,
            "med": 0,
            "max": 0
        },
        "http_req_duration": {
            "max": 4614.346,
            "p(90)": 578.322,
            "p(95)": 783.9331999999999,
            "avg": 560.6972917087445,
            "min": 500.537,
            "med": 506.649
        },
        "http_reqs": {
            "count": 64369,
            "rate": 634.1690488440609
        },
        "http_req_failed": {
            "passes": 0,
            "fails": 64369,
            "value": 0
        },
        "vus": {
            "value": 291,
            "min": 291,
            "max": 1000
        },
        "http_req_connecting": {
            "p(90)": 0.621,
            "p(95)": 1.4145999999999972,
            "avg": 1.7519844179651674,
            "min": 0.053,
            "med": 0.22,
            "max": 189.486
        },
        "http_req_blocked": {
            "p(95)": 1.7141999999999944,
            "avg": 1.8379899641131423,
            "min": 0.059,
            "med": 0.249,
            "max": 191.707,
            "p(90)": 0.7212000000000014
        },
        "http_req_waiting": {
            "med": 506.552,
            "max": 4614.227,
            "p(90)": 576.9166,
            "p(95)": 782.3995999999997,
            "avg": 560.3614628625533,
            "min": 500.501
        }
    }
}