{
    "metrics": {
        "checks": {
            "passes": 66572,
            "fails": 0,
            "value": 1
        },
        "data_received": {
            "rate": 68858.32527095298,
            "count": 6990060
        },
        "data_sent": {
            "rate": 47217.137328653465,
            "count": 4793184
        },
        "http_req_sending": {
            "med": 0.005,
            "max": 91.341,
            "p(90)": 0.048,
            "p(95)": 0.226,
            "avg": 0.19876541188497351,
            "min": 0.001
        },
        "http_req_failed": {
            "passes": 0,
            "fails": 66572,
            "value": 0
        },
        "iteration_duration": {
            "avg": 1515.541826455398,
            "min": 1500.496292,
            "med": 1508.8898755,
            "max": 1694.772125,
            "p(90)": 1532.7228622,
            "p(95)": 1549.06060815
        },
        "http_req_duration": {
            "avg": 512.7024533437474,
            "min": 500.459,
            "med": 507.958,
            "max": 629.524,
            "p(90)": 525.7889,
            "p(95)": 542.5815999999999
        },
        "http_req_duration{expected_response:true}": {
            "p(90)": 525.7889,
            "p(95)": 542.5815999999999,
            "avg": 512.7024533437474,
            "min": 500.459,
            "med": 507.958,
            "max": 629.524
        },
        "http_req_waiting": {
            "avg": 512.4784302259226,
            "min": 500.438,
            "med": 507.87350000000004,
            "max": 628.718,
            "p(90)": 525.2599,
            "p(95)": 541.4633
        },
        "http_req_receiving": {
            "med": 0.011,
            "max": 12.305,
            "p(90)": 0.033,
            "p(95)": 0.052,
            "avg": 0.02525770594244382,
            "min": 0.004
        },
        "http_req_tls_handshaking": {
            "min": 0,
            "med": 0,
            "max": 0,
            "p(90)": 0,
            "p(95)": 0,
            "avg": 0
        },
        "vus": {
            "value": 572,
            "min": 572,
            "max": 1000
        },
        "http_reqs": {
            "count": 66572,
            "rate": 655.7935740090759
        },
        "http_req_connecting": {
            "p(95)": 0,
            "avg": 0.7121628462416627,
            "min": 0,
            "med": 0,
            "max": 95.885,
            "p(90)": 0
        },
        "iterations": {
            "count": 66572,
            "rate": 655.7935740090759
        },
        "vus_max": {
            "value": 1000,
            "min": 1000,
            "max": 1000
        },
        "http_req_blocked": {
            "avg": 0.7267393648964737,
            "min": 0,
            "med": 0.002,
            "max": 95.917,
            "p(90)": 0.007,
            "p(95)": 0.016
        }
    },
    "root_group": {
        "checks": {
            "status is 200": {
                "id": "6210a8cd14cd70477eba5c5e4cb3fb5f",
                "passes": 66572,
                "fails": 0,
                "name": "status is 200",
                "path": "::status is 200"
            }
        },
        "name": "",
        "path": "",
        "id": "d41d8cd98f00b204e9800998ecf8427e",
        "groups": {}
    }
}