{
    "metrics": {
        "http_req_duration": {
            "avg": 536.0325336489983,
            "min": 500.631,
            "med": 505.446,
            "max": 4584.961,
            "p(90)": 541.7791,
            "p(95)": 616.2518
        },
        "iteration_duration": {
            "med": 1506.24275,
            "max": 5585.652583,
            "p(90)": 1544.2668506,
            "p(95)": 1625.53584155,
            "avg": 1537.9865442528321,
            "min": 1500.821542
        },
        "data_received": {
            "count": 6874350,
            "rate": 67725.31891001323
        },
        "http_req_receiving": {
            "p(90)": 0.108,
            "p(95)": 0.218,
            "avg": 0.14709266839775412,
            "min": 0.006,
            "med": 0.024,
            "max": 312.903
        },
        "checks": {
            "passes": 65470,
            "fails": 0,
            "value": 1
        },
        "iterations": {
            "rate": 645.0030372382213,
            "count": 65470
        },
        "http_reqs": {
            "rate": 645.0030372382213,
            "count": 65470
        },
        "http_req_failed": {
            "fails": 65470,
            "passes": 0,
            "value": 0
        },
        "http_req_duration{expected_response:true}": {
            "avg": 536.0325336489983,
            "min": 500.631,
            "med": 505.446,
            "max": 4584.961,
            "p(90)": 541.7791,
            "p(95)": 616.2518
        },
        "vus": {
            "value": 402,
            "min": 402,
            "max": 1000
        },
        "vus_max": {
            "value": 1000,
            "min": 1000,
            "max": 1000
        },
        "http_req_blocked": {
            "max": 175.73,
            "p(90)": 0.652,
            "p(95)": 1.218,
            "avg": 1.4177890025965825,
            "min": 0.066,
            "med": 0.243
        },
        "http_req_waiting": {
            "p(95)": 612.8450999999992,
            "avg": 535.7745264243049,
            "min": 500.591,
            "med": 505.359,
            "max": 4584.88,
            "p(90)": 541.2734
        },
        "http_req_connecting": {
            "p(90)": 0.572,
            "p(95)": 1.013,
            "avg": 1.198427157476699,
            "min": 0.058,
            "med": 0.216,
            "max": 112.087
        },
        "http_req_sending": {
            "med": 0.012,
            "max": 42.068,
            "p(90)": 0.05,
            "p(95)": 0.126,
            "avg": 0.11091455628532916,
            "min": 0.003
        },
        "data_sent": {
            "count": 4713840,
            "rate": 46440.218681151935
        },
        "http_req_tls_handshaking": {
            "max": 0,
            "p(90)": 0,
            "p(95)": 0,
            "avg": 0,
            "min": 0,
            "med": 0
        }
    },
    "root_group": {
        "name": "",
        "path": "",
        "id": "d41d8cd98f00b204e9800998ecf8427e",
        "groups": {},
        "checks": {
                "status is 200": {
                    "name": "status is 200",
                    "path": "::status is 200",
                    "id": "6210a8cd14cd70477eba5c5e4cb3fb5f",
                    "passes": 65470,
                    "fails": 0
                }
            }
    }
}