{
    "root_group": {
        "path": "",
        "id": "d41d8cd98f00b204e9800998ecf8427e",
        "groups": {},
        "checks": {
                "status is 200": {
                    "fails": 0,
                    "name": "status is 200",
                    "path": "::status is 200",
                    "id": "6210a8cd14cd70477eba5c5e4cb3fb5f",
                    "passes": 88651
                }
            },
        "name": ""
    },
    "metrics": {
        "http_req_duration": {
            "p(90)": 501.612,
            "p(95)": 502.316,
            "avg": 133.6621990050881,
            "min": 0.176,
            "med": 0.909,
            "max": 1201.652
        },
        "iteration_duration": {
            "avg": 1134.617641206274,
            "min": 1000.229959,
            "med": 1001.342583,
            "max": 2287.466416,
            "p(90)": 1501.906208,
            "p(95)": 1502.7287709999998
        },
        "http_req_tls_handshaking": {
            "med": 0,
            "max": 0,
            "p(90)": 0,
            "p(95)": 0,
            "avg": 0,
            "min": 0
        },
        "http_req_failed": {
            "passes": 0,
            "fails": 88651,
            "value": 0
        },
        "iterations": {
            "count": 88651,
            "rate": 873.3156502290188
        },
        "data_received": {
            "count": 9308355,
            "rate": 91698.14327404698
        },
        "checks": {
            "passes": 88651,
            "fails": 0,
            "value": 1
        },
        "vus": {
            "value": 161,
            "min": 161,
            "max": 1000
        },
        "vus_max": {
            "value": 1000,
            "min": 1000,
            "max": 1000
        },
        "http_req_blocked": {
            "p(95)": 0.009,
            "avg": 0.6246177820877176,
            "min": 0,
            "med": 0.002,
            "max": 105.255,
            "p(90)": 0.006
        },
        "http_req_waiting": {
            "avg": 133.5853459182639,
            "min": 0.162,
            "med": 0.869,
            "max": 1200.952,
            "p(90)": 501.576,
            "p(95)": 502.269
        },
        "http_req_receiving": {
            "p(95)": 0.058,
            "avg": 0.02227763928212951,
            "min": 0.003,
            "med": 0.014,
            "max": 5.221,
            "p(90)": 0.043
        },
        "http_req_sending": {
            "p(95)": 0.029,
            "avg": 0.05457544754147677,
            "min": 0.001,
            "med": 0.006,
            "max": 20.994,
            "p(90)": 0.019
        },
        "http_req_connecting": {
            "max": 101.299,
            "p(90)": 0,
            "p(95)": 0,
            "avg": 0.6150981263606718,
            "min": 0,
            "med": 0
        },
        "data_sent": {
            "count": 6343705,
            "rate": 62492.88622729668
        },
        "http_req_duration{expected_response:true}": {
            "avg": 133.6621990050881,
            "min": 0.176,
            "med": 0.909,
            "max": 1201.652,
            "p(90)": 501.612,
            "p(95)": 502.316
        },
        "http_reqs": {
            "count": 88651,
            "rate": 873.3156502290188
        }
    }
}