{
    "root_group": {
        "groups": {},
        "checks": {
                "status is 200": {
                    "fails": 0,
                    "name": "status is 200",
                    "path": "::status is 200",
                    "id": "6210a8cd14cd70477eba5c5e4cb3fb5f",
                    "passes": 88162
                }
            },
        "name": "",
        "path": "",
        "id": "d41d8cd98f00b204e9800998ecf8427e"
    },
    "metrics": {
        "http_req_duration{expected_response:true}": {
            "med": 1.8595000000000002,
            "max": 1038.761,
            "p(90)": 502.014,
            "p(95)": 504.1199,
            "avg": 138.69928336471293,
            "min": 0.165
        },
        "vus_max": {
            "value": 1000,
            "min": 1000,
            "max": 1000
        },
        "http_req_tls_handshaking": {
            "p(95)": 0,
            "avg": 0,
            "min": 0,
            "med": 0,
            "max": 0,
            "p(90)": 0
        },
        "iterations": {
            "rate": 868.7435354422865,
            "count": 88162
        },
        "data_received": {
            "count": 9257010,
            "rate": 91218.07122144008
        },
        "http_req_connecting": {
            "avg": 1.3393211247476235,
            "min": 0,
            "med": 0,
            "max": 217.097,
            "p(90)": 0,
            "p(95)": 0
        },
        "http_req_receiving": {
            "avg": 0.05518823302557037,
            "min": 0.003,
            "med": 0.014,
            "max": 40.914,
            "p(90)": 0.048,
            "p(95)": 0.067
        },
        "vus": {
            "value": 213,
            "min": 213,
            "max": 1000
        },
        "http_req_failed": {
            "passes": 0,
            "fails": 88162,
            "value": 0
        },
        "data_sent": {
            "count": 6307578,
            "rate": 62154.52929604577
        },
        "iteration_duration": {
            "avg": 1140.5397733445488,
            "min": 1000.233,
            "med": 1002.6181665,
            "max": 2103.42075,
            "p(90)": 1502.4280875,
            "p(95)": 1505.281616
        },
        "http_req_duration": {
            "min": 0.165,
            "med": 1.8595000000000002,
            "max": 1038.761,
            "p(90)": 502.014,
            "p(95)": 504.1199,
            "avg": 138.69928336471293
        },
        "http_req_blocked": {
            "avg": 1.3689759987286383,
            "min": 0,
            "med": 0.002,
            "max": 222.57,
            "p(90)": 0.007,
            "p(95)": 0.012
        },
        "http_req_waiting": {
            "max": 1038.699,
            "p(90)": 501.971,
            "p(95)": 504.01489999999995,
            "avg": 138.46671627231595,
            "min": 0.152,
            "med": 1.81
        },
        "checks": {
            "passes": 88162,
            "fails": 0,
            "value": 1
        },
        "http_reqs": {
            "count": 88162,
            "rate": 868.7435354422865
        },
        "http_req_sending": {
            "avg": 0.17737885937260464,
            "min": 0.001,
            "med": 0.007,
            "max": 141.196,
            "p(90)": 0.022,
            "p(95)": 0.037
        }
    }
}