{
    "root_group": {
        "checks": {
            "status is 200": {
                "id": "6210a8cd14cd70477eba5c5e4cb3fb5f",
                "passes": 81524,
                "fails": 3,
                "name": "status is 200",
                "path": "::status is 200"
            }
        },
        "name": "",
        "path": "",
        "id": "d41d8cd98f00b204e9800998ecf8427e",
        "groups": {}
    },
    "metrics": {
        "vus": {
            "value": 6,
            "min": 6,
            "max": 1000
        },
        "http_req_duration{expected_response:true}": {
            "avg": 229.13605122417644,
            "min": 0.363,
            "med": 24.249499999999998,
            "max": 7524.643,
            "p(90)": 590.2742000000001,
            "p(95)": 891.6533499999952
        },
        "http_req_blocked": {
            "avg": 1.163849043875051,
            "min": 0.053,
            "med": 0.211,
            "max": 448.432,
            "p(90)": 0.53,
            "p(95)": 1.047
        },
        "http_req_waiting": {
            "p(95)": 889.1970999999999,
            "avg": 229.1359472322029,
            "min": 0.337,
            "med": 24.121,
            "max": 9091.564,
            "p(90)": 590.0632
        },
        "vus_max": {
            "value": 1000,
            "min": 1000,
            "max": 1000
        },
        "http_req_duration": {
            "avg": 229.36311967814063,
            "min": 0.363,
            "med": 24.256,
            "max": 9109.936,
            "p(90)": 590.3048,
            "p(95)": 892.0880999999998
        },
        "data_received": {
            "count": 8560128,
            "rate": 83672.42804625788
        },
        "iterations": {
            "count": 81527,
            "rate": 796.8995371713211
        },
        "http_req_sending": {
            "p(90)": 0.047,
            "p(95)": 0.098,
            "avg": 0.09885328786783315,
            "min": 0.003,
            "med": 0.012,
            "max": 236.707
        },
        "http_reqs": {
            "count": 81527,
            "rate": 796.8995371713211
        },
        "http_req_tls_handshaking": {
            "max": 0,
            "p(90)": 0,
            "p(95)": 0,
            "avg": 0,
            "min": 0,
            "med": 0
        },
        "http_req_receiving": {
            "p(90)": 0.103,
            "p(95)": 0.187,
            "avg": 0.1283191580703392,
            "min": 0.005,
            "med": 0.023,
            "max": 181.122
        },
        "iteration_duration": {
            "max": 10124.449125,
            "p(90)": 1591.6789250000002,
            "p(95)": 1900.4250034999998,
            "avg": 1231.134586356268,
            "min": 1000.529584,
            "med": 1025.897084
        },
        "http_req_connecting": {
            "avg": 1.0715890686521112,
            "min": 0.042,
            "med": 0.187,
            "max": 299.437,
            "p(90)": 0.459,
            "p(95)": 0.9
        },
        "http_req_failed": {
            "passes": 3,
            "fails": 81524,
            "value": 0.00003679762532657892
        },
        "checks": {
            "passes": 81524,
            "fails": 3,
            "value": 0.9999632023746734
        },
        "data_sent": {
            "count": 5833025,
            "rate": 57015.89562732279
        }
    }
}