{
    "metrics": {
        "http_reqs": {
            "count": 88011,
            "rate": 867.0968788423662
        },
        "http_req_connecting": {
            "avg": 0.43844517162627333,
            "min": 0,
            "med": 0,
            "max": 140.565,
            "p(90)": 0,
            "p(95)": 0
        },
        "http_req_sending": {
            "p(95)": 0.029,
            "avg": 0.3288590971587641,
            "min": 0.001,
            "med": 0.005,
            "max": 147.645,
            "p(90)": 0.018
        },
        "vus_max": {
            "value": 1000,
            "min": 1000,
            "max": 1000
        },
        "data_sent": {
            "rate": 62049.17521363803,
            "count": 6298039
        },
        "http_req_receiving": {
            "med": 0.012,
            "max": 10.118,
            "p(90)": 0.041,
            "p(95)": 0.057,
            "avg": 0.021744043358216204,
            "min": 0.003
        },
        "checks": {
            "passes": 88011,
            "fails": 0,
            "value": 1
        },
        "iteration_duration": {
            "med": 1001.477166,
            "max": 3274.459875,
            "p(90)": 1501.990833,
            "p(95)": 1503.114625,
            "avg": 1141.5250302061127,
            "min": 1000.218209
        },
        "http_req_tls_handshaking": {
            "p(90)": 0,
            "p(95)": 0,
            "avg": 0,
            "min": 0,
            "med": 0,
            "max": 0
        },
        "http_req_failed": {
            "fails": 88011,
            "passes": 0,
            "value": 0
        },
        "http_req_duration{expected_response:true}": {
            "med": 1.036,
            "max": 2259.023,
            "p(90)": 501.685,
            "p(95)": 502.556,
            "avg": 139.97298903546263,
            "min": 0.179
        },
        "http_req_duration": {
            "min": 0.179,
            "med": 1.036,
            "max": 2259.023,
            "p(90)": 501.685,
            "p(95)": 502.556,
            "avg": 139.97298903546263
        },
        "iterations": {
            "count": 88011,
            "rate": 867.0968788423662
        },
        "http_req_waiting": {
            "avg": 139.62238589494368,
            "min": 0.167,
            "med": 0.998,
            "max": 2258.514,
            "p(90)": 501.652,
            "p(95)": 502.505
        },
        "vus": {
            "min": 244,
            "max": 1000,
            "value": 244
        },
        "data_received": {
            "rate": 91045.17227844844,
            "count": 9241155
        },
        "http_req_blocked": {
            "avg": 0.5835641226648878,
            "min": 0,
            "med": 0.002,
            "max": 160.087,
            "p(90)": 0.006,
            "p(95)": 0.009
        }
    },
    "root_group": {
        "path": "",
        "id": "d41d8cd98f00b204e9800998ecf8427e",
        "groups": {},
        "checks": {
                "status is 200": {
                    "passes": 88011,
                    "fails": 0,
                    "name": "status is 200",
                    "path": "::status is 200",
                    "id": "6210a8cd14cd70477eba5c5e4cb3fb5f"
                }
            },
        "name": ""
    }
}