{
    "metrics": {
        "http_req_sending": {
            "max": 72.161,
            "p(90)": 0.045,
            "p(95)": 0.084,
            "avg": 0.13978294060702287,
            "min": 0.003,
            "med": 0.013
        },
        "data_received": {
            "count": 8567970,
            "rate": 80421.10017144828
        },
        "http_req_blocked": {
            "med": 0.221,
            "max": 123.622,
            "p(90)": 0.483,
            "p(95)": 0.816,
            "avg": 0.7692073300738922,
            "min": 0.066
        },
        "vus": {
            "value": 6,
            "min": 6,
            "max": 1000
        },
        "http_req_connecting": {
            "max": 118.128,
            "p(90)": 0.414,
            "p(95)": 0.652,
            "avg": 0.6358716072982128,
            "min": 0.051,
            "med": 0.196
        },
        "iteration_duration": {
            "avg": 1234.5309254085198,
            "min": 1000.491583,
            "med": 1009.310125,
            "max": 16004.43425,
            "p(90)": 1530.1684168000002,
            "p(95)": 1964.0898581999988
        },
        "http_req_receiving": {
            "med": 0.027,
            "max": 411.301,
            "p(90)": 0.097,
            "p(95)": 0.158,
            "avg": 0.13771146564718004,
            "min": 0
        },
        "checks": {
            "passes": 81598,
            "fails": 11,
            "value": 0.9998652109448712
        },
        "http_req_duration{expected_response:true}": {
            "avg": 231.77922833893132,
            "min": 0.317,
            "med": 8.4755,
            "max": 7505.94,
            "p(90)": 528.6394,
            "p(95)": 958.2476499999997
        },
        "http_req_tls_handshaking": {
            "avg": 0,
            "min": 0,
            "med": 0,
            "max": 0,
            "p(90)": 0,
            "p(95)": 0
        },
        "http_req_failed": {
            "passes": 11,
            "fails": 81598,
            "value": 0.00013478905512872354
        },
        "data_sent": {
            "rate": 54808.457584821816,
            "count": 5839229
        },
        "http_reqs": {
            "count": 81609,
            "rate": 766.0023977548618
        },
        "http_req_duration": {
            "min": 0.317,
            "med": 8.48,
            "max": 15003.455,
            "p(90)": 528.7942000000002,
            "p(95)": 960.6681999999989,
            "avg": 233.28766317440625
        },
        "vus_max": {
            "value": 1000,
            "min": 1000,
            "max": 1000
        },
        "http_req_waiting": {
            "p(90)": 528.4870000000001,
            "p(95)": 957.8735999999975,
            "avg": 233.01016876815476,
            "min": 0.276,
            "med": 8.386,
            "max": 15003.426
        },
        "iterations": {
            "count": 81609,
            "rate": 766.0023977548618
        }
    },
    "root_group": {
        "checks": {
            "status is 200": {
                "id": "6210a8cd14cd70477eba5c5e4cb3fb5f",
                "passes": 81598,
                "fails": 11,
                "name": "status is 200",
                "path": "::status is 200"
            }
        },
        "name": "",
        "path": "",
        "id": "d41d8cd98f00b204e9800998ecf8427e",
        "groups": {}
    }
}