{
    "metrics": {
        "iteration_duration": {
            "p(90)": 6242.510266700001,
            "p(95)": 8457.867357699995,
            "avg": 3635.221620001092,
            "min": 1000.688,
            "med": 2685.1837295,
            "max": 61026.103833
        },
        "http_req_duration{expected_response:true}": {
            "avg": 1830.0503423699327,
            "min": 0.493,
            "med": 1118.863,
            "max": 36476.157,
            "p(90)": 3596.5087000000003,
            "p(95)": 5518.645049999998
        },
        "http_req_waiting": {
            "avg": 2616.544991416312,
            "min": 0.455,
            "med": 1655.4054999999998,
            "max": 60020.982,
            "p(90)": 5225.183,
            "p(95)": 7407.223549999998
        },
        "http_req_failed": {
            "passes": 6086,
            "fails": 21874,
            "value": 0.21766809728183117
        },
        "vus_max": {
            "value": 1000,
            "min": 1000,
            "max": 1000
        },
        "http_req_duration": {
            "avg": 2620.2632629828177,
            "min": 0.493,
            "med": 1679.0175,
            "max": 60021.12,
            "p(90)": 5225.777100000001,
            "p(95)": 7412.51755
        },
        "iterations": {
            "count": 27960,
            "rate": 235.73418852345978
        },
        "http_req_blocked": {
            "med": 0.368,
            "max": 1631.234,
            "p(90)": 8.8031,
            "p(95)": 31.246499999999987,
            "avg": 6.617965808297558,
            "min": 0.066
        },
        "http_req_sending": {
            "avg": 0.9766932403433025,
            "min": 0.003,
            "med": 0.032,
            "max": 435.627,
            "p(90)": 0.55,
            "p(95)": 1.7690999999999975
        },
        "vus": {
            "min": 18,
            "max": 1000,
            "value": 18
        },
        "data_sent": {
            "count": 2000177,
            "rate": 16863.737553586845
        },
        "data_received": {
            "count": 2508138,
            "rate": 21146.41903200477
        },
        "http_reqs": {
            "count": 27960,
            "rate": 235.73418852345978
        },
        "http_req_tls_handshaking": {
            "med": 0,
            "max": 0,
            "p(90)": 0,
            "p(95)": 0,
            "avg": 0,
            "min": 0
        },
        "checks": {
            "passes": 21874,
            "fails": 6086,
            "value": 0.7823319027181688
        },
        "http_req_connecting": {
            "max": 614.993,
            "p(90)": 6.3804000000000025,
            "p(95)": 27.986699999999985,
            "avg": 5.695089127324747,
            "min": 0.054,
            "med": 0.275
        },
        "http_req_receiving": {
            "p(90)": 1.5374000000000023,
            "p(95)": 7.261349999999991,
            "avg": 2.7415783261802615,
            "min": 0,
            "med": 0.078,
            "max": 2618.29
        }
    },
    "root_group": {
        "id": "d41d8cd98f00b204e9800998ecf8427e",
        "groups": {},
        "checks": {
                "status is 200": {
                    "name": "status is 200",
                    "path": "::status is 200",
                    "id": "6210a8cd14cd70477eba5c5e4cb3fb5f",
                    "passes": 21874,
                    "fails": 6086
                }
            },
        "name": "",
        "path": ""
    }
}