{
    "metrics": {
        "iteration_duration": {
            "min": 1000.202709,
            "med": 1001.4285,
            "max": 1997.127875,
            "p(90)": 1502.0921124,
            "p(95)": 1503.08312685,
            "avg": 1135.4240971678187
        },
        "http_req_waiting": {
            "med": 0.768,
            "max": 996.656,
            "p(90)": 501.626,
            "p(95)": 502.39885,
            "avg": 134.2056737322613,
            "min": 0.156
        },
        "http_req_blocked": {
            "p(95)": 0.009,
            "avg": 0.4026175427082773,
            "min": 0,
            "med": 0.002,
            "max": 143.933,
            "p(90)": 0.006
        },
        "http_req_failed": {
            "passes": 0,
            "fails": 88504,
            "value": 0
        },
        "vus_max": {
            "value": 1000,
            "min": 1000,
            "max": 1000
        },
        "checks": {
            "passes": 88504,
            "fails": 0,
            "value": 1
        },
        "vus": {
            "value": 134,
            "min": 134,
            "max": 1000
        },
        "http_req_duration": {
            "p(95)": 502.446,
            "avg": 134.50342563047974,
            "min": 0.169,
            "med": 0.803,
            "max": 996.746,
            "p(90)": 501.66
        },
        "http_req_sending": {
            "med": 0.006,
            "max": 115.09,
            "p(90)": 0.018,
            "p(95)": 0.026,
            "avg": 0.2750313545154439,
            "min": 0.001
        },
        "http_req_receiving": {
            "med": 0.013,
            "max": 41.64,
            "p(90)": 0.04,
            "p(95)": 0.056,
            "avg": 0.022720543704242775,
            "min": 0.003
        },
        "data_sent": {
            "count": 6332271,
            "rate": 62395.024519150735
        },
        "http_req_duration{expected_response:true}": {
            "avg": 134.50342563047974,
            "min": 0.169,
            "med": 0.803,
            "max": 996.746,
            "p(90)": 501.66,
            "p(95)": 502.446
        },
        "http_req_connecting": {
            "p(95)": 0,
            "avg": 0.37081006508180414,
            "min": 0,
            "med": 0,
            "max": 102.386,
            "p(90)": 0
        },
        "http_reqs": {
            "count": 88504,
            "rate": 872.0740552706789
        },
        "iterations": {
            "count": 88504,
            "rate": 872.0740552706789
        },
        "data_received": {
            "count": 9292920,
            "rate": 91567.77580342127
        },
        "http_req_tls_handshaking": {
            "p(90)": 0,
            "p(95)": 0,
            "avg": 0,
            "min": 0,
            "med": 0,
            "max": 0
        }
    },
    "root_group": {
        "groups": {},
        "checks": {
                "status is 200": {
                    "name": "status is 200",
                    "path": "::status is 200",
                    "id": "6210a8cd14cd70477eba5c5e4cb3fb5f",
                    "passes": 88504,
                    "fails": 0
                }
            },
        "name": "",
        "path": "",
        "id": "d41d8cd98f00b204e9800998ecf8427e"
    }
}