{
    "metrics": {
        "vus": {
            "max": 1000,
            "value": 248,
            "min": 248
        },
        "data_received": {
            "count": 5923032,
            "rate": 58351.98721579199
        },
        "http_req_duration{expected_response:true}": {
            "min": 0.362,
            "med": 190.77499999999998,
            "max": 14398.726,
            "p(90)": 1399.2415000000003,
            "p(95)": 2339.738049999999,
            "avg": 607.2683362731764
        },
        "http_req_failed": {
            "fails": 55672,
            "passes": 2176,
            "value": 0.0376158207716775
        },
        "iterations": {
            "count": 57848,
            "rate": 569.9016578771033
        },
        "checks": {
            "passes": 55672,
            "fails": 2176,
            "value": 0.9623841792283225
        },
        "vus_max": {
            "max": 1000,
            "value": 1000,
            "min": 1000
        },
        "http_req_blocked": {
            "p(90)": 1.1543000000000012,
            "p(95)": 4.31559999999999,
            "avg": 2.4687113469783175,
            "min": 0.068,
            "med": 0.24,
            "max": 263.632
        },
        "http_req_tls_handshaking": {
            "min": 0,
            "med": 0,
            "max": 0,
            "p(90)": 0,
            "p(95)": 0,
            "avg": 0
        },
        "http_reqs": {
            "count": 57848,
            "rate": 569.9016578771033
        },
        "http_req_duration": {
            "med": 211.005,
            "max": 16251.339,
            "p(90)": 1995.466,
            "p(95)": 3192.9939,
            "avg": 734.2363523025838,
            "min": 0.362
        },
        "http_req_waiting": {
            "min": 0.336,
            "med": 210.567,
            "max": 16251.114,
            "p(90)": 1994.4495000000002,
            "p(95)": 3189.24315,
            "avg": 733.3742146833126
        },
        "http_req_receiving": {
            "p(95)": 0.305,
            "avg": 0.5824476559258456,
            "min": 0,
            "med": 0.029,
            "max": 1299.686,
            "p(90)": 0.147
        },
        "data_sent": {
            "count": 4139267,
            "rate": 40778.853645691874
        },
        "iteration_duration": {
            "avg": 1738.2458066919282,
            "min": 1000.578166,
            "med": 1213.3139585,
            "max": 17403.388375,
            "p(90)": 3002.0999124,
            "p(95)": 4196.6970603
        },
        "http_req_connecting": {
            "p(95)": 2.7846499999999974,
            "avg": 2.0434554349329,
            "min": 0.059,
            "med": 0.208,
            "max": 233.011,
            "p(90)": 0.8723000000000013
        },
        "http_req_sending": {
            "avg": 0.2796899633522179,
            "min": 0.002,
            "med": 0.014,
            "max": 154.922,
            "p(90)": 0.1,
            "p(95)": 0.31
        }
    },
    "root_group": {
        "groups": {},
        "checks": {
                "status is 200": {
                    "path": "::status is 200",
                    "id": "6210a8cd14cd70477eba5c5e4cb3fb5f",
                    "passes": 55672,
                    "fails": 2176,
                    "name": "status is 200"
                }
            },
        "name": "",
        "path": "",
        "id": "d41d8cd98f00b204e9800998ecf8427e"
    }
}