{
    "metrics": {
        "http_req_connecting": {
            "avg": 1.8301050453034382,
            "min": 0.041,
            "med": 0.208,
            "max": 172.78,
            "p(90)": 0.883,
            "p(95)": 3.149399999999989
        },
        "vus": {
            "value": 4,
            "min": 4,
            "max": 1000
        },
        "http_req_blocked": {
            "med": 0.241,
            "max": 172.83,
            "p(90)": 1.118,
            "p(95)": 3.8705499999999917,
            "avg": 2.007872873345929,
            "min": 0.048
        },
        "http_req_tls_handshaking": {
            "med": 0,
            "max": 0,
            "p(90)": 0,
            "p(95)": 0,
            "avg": 0,
            "min": 0
        },
        "http_req_waiting": {
            "avg": 649.823415944201,
            "min": 0.364,
            "med": 190.114,
            "max": 60001.587,
            "p(90)": 1508.6778000000002,
            "p(95)": 2399.2973999999995
        },
        "checks": {
            "passes": 60600,
            "fails": 764,
            "value": 0.987549703409165
        },
        "data_sent": {
            "rate": 41757.68198174117,
            "count": 4390242
        },
        "http_req_sending": {
            "avg": 0.23314477543835463,
            "min": 0.003,
            "med": 0.014,
            "max": 134.935,
            "p(90)": 0.097,
            "p(95)": 0.299
        },
        "http_req_receiving": {
            "max": 545.032,
            "p(90)": 0.148,
            "p(95)": 0.288,
            "avg": 0.45516912196075876,
            "min": 0,
            "med": 0.03
        },
        "http_req_failed": {
            "passes": 764,
            "fails": 60600,
            "value": 0.012450296590835018
        },
        "vus_max": {
            "value": 1000,
            "min": 1000,
            "max": 1000
        },
        "http_req_duration": {
            "avg": 650.5117298416002,
            "min": 0.391,
            "med": 190.6005,
            "max": 60001.594,
            "p(90)": 1509.5413,
            "p(95)": 2400.148899999999
        },
        "http_reqs": {
            "count": 61364,
            "rate": 583.6622211549078
        },
        "data_received": {
            "count": 6390216,
            "rate": 60780.38694054544
        },
        "iteration_duration": {
            "avg": 1654.1495963371153,
            "min": 1000.588583,
            "med": 1193.6242085,
            "max": 61001.211083,
            "p(90)": 2513.7912544000005,
            "p(95)": 3400.67102505
        },
        "iterations": {
            "count": 61364,
            "rate": 583.6622211549078
        },
        "http_req_duration{expected_response:true}": {
            "avg": 582.1378135478502,
            "min": 0.391,
            "med": 185.79500000000002,
            "max": 37175.156,
            "p(90)": 1441.3738,
            "p(95)": 2052.9311999999995
        }
    },
    "root_group": {
        "path": "",
        "id": "d41d8cd98f00b204e9800998ecf8427e",
        "groups": {},
        "checks": {
                "status is 200": {
                    "name": "status is 200",
                    "path": "::status is 200",
                    "id": "6210a8cd14cd70477eba5c5e4cb3fb5f",
                    "passes": 60600,
                    "fails": 764
                }
            },
        "name": ""
    }
}