{
    "root_group": {
        "name": "",
        "path": "",
        "id": "d41d8cd98f00b204e9800998ecf8427e",
        "groups": {},
        "checks": {
                "status is 200": {
                    "path": "::status is 200",
                    "id": "6210a8cd14cd70477eba5c5e4cb3fb5f",
                    "passes": 74249,
                    "fails": 375,
                    "name": "status is 200"
                }
            }
    },
    "metrics": {
        "http_req_connecting": {
            "p(95)": 1.219,
            "avg": 1.1912370819039388,
            "min": 0.049,
            "med": 0.195,
            "max": 140.611,
            "p(90)": 0.51
        },
        "http_req_sending": {
            "p(90)": 0.05,
            "p(95)": 0.117,
            "avg": 0.08269441466552782,
            "min": 0.003,
            "med": 0.012,
            "max": 140.018
        },
        "checks": {
            "passes": 74249,
            "fails": 375,
            "value": 0.99497480703259
        },
        "vus_max": {
            "value": 1000,
            "min": 1000,
            "max": 1000
        },
        "data_sent": {
            "count": 5338916,
            "rate": 51795.61708080432
        },
        "http_req_duration{expected_response:true}": {
            "avg": 328.98875368018076,
            "min": 0.359,
            "med": 29.408,
            "max": 54101.141,
            "p(90)": 699.8442,
            "p(95)": 1115.9911999999993
        },
        "data_received": {
            "rate": 75763.72475932898,
            "count": 7809467
        },
        "iterations": {
            "count": 74624,
            "rate": 723.9664623002012
        },
        "iteration_duration": {
            "avg": 1348.3787387859932,
            "min": 1000.586333,
            "med": 1032.639021,
            "max": 55100.49575,
            "p(90)": 1721.4159375000004,
            "p(95)": 2205.6135168999995
        },
        "http_reqs": {
            "count": 74624,
            "rate": 723.9664623002012
        },
        "http_req_failed": {
            "fails": 74249,
            "passes": 375,
            "value": 0.0050251929674099485
        },
        "vus": {
            "value": 1,
            "min": 1,
            "max": 1000
        },
        "http_req_tls_handshaking": {
            "avg": 0,
            "min": 0,
            "med": 0,
            "max": 0,
            "p(90)": 0,
            "p(95)": 0
        },
        "http_req_receiving": {
            "p(90)": 0.106,
            "p(95)": 0.19,
            "avg": 0.18380346805317951,
            "min": 0,
            "med": 0.025,
            "max": 488.087
        },
        "http_req_blocked": {
            "avg": 1.3900811133147442,
            "min": 0.06,
            "med": 0.22,
            "max": 141.746,
            "p(90)": 0.595,
            "p(95)": 1.5368499999999967
        },
        "http_req_duration": {
            "avg": 346.0873419677286,
            "min": 0.359,
            "med": 30.6995,
            "max": 54101.141,
            "p(90)": 717.4904,
            "p(95)": 1193.5004499999998
        },
        "http_req_waiting": {
            "avg": 345.8208440850104,
            "min": 0.317,
            "med": 30.4745,
            "max": 54101.041,
            "p(90)": 717.0713000000002,
            "p(95)": 1192.6478999999995
        }
    }
}