{
    "metrics": {
        "http_req_blocked": {
            "avg": 1.2532924827068774,
            "min": 0.06,
            "med": 0.222,
            "max": 434.038,
            "p(90)": 0.618,
            "p(95)": 1.613
        },
        "http_req_tls_handshaking": {
            "avg": 0,
            "min": 0,
            "med": 0,
            "max": 0,
            "p(90)": 0,
            "p(95)": 0
        },
        "http_req_failed": {
            "passes": 154,
            "fails": 71840,
            "value": 0.0021390671444842624
        },
        "iterations": {
            "count": 71994,
            "rate": 709.2757972348037
        },
        "iteration_duration": {
            "avg": 1395.0125334856912,
            "min": 1000.574458,
            "med": 1035.2513125,
            "max": 61003.243583,
            "p(90)": 1752.1211001000013,
            "p(95)": 2146.8295504499997
        },
        "checks": {
            "passes": 71840,
            "fails": 154,
            "value": 0.9978609328555157
        },
        "data_received": {
            "count": 7548240,
            "rate": 74364.30735505228
        },
        "http_reqs": {
            "count": 71994,
            "rate": 709.2757972348037
        },
        "data_sent": {
            "count": 5151568,
            "rate": 50752.59744158267
        },
        "http_req_connecting": {
            "p(95)": 1.328,
            "avg": 1.124510334194527,
            "min": 0.051,
            "med": 0.196,
            "max": 321.423,
            "p(90)": 0.518
        },
        "http_req_sending": {
            "min": 0.003,
            "med": 0.012,
            "max": 248.158,
            "p(90)": 0.056,
            "p(95)": 0.152,
            "avg": 0.12954354529543716
        },
        "http_req_duration": {
            "avg": 392.6262499374966,
            "min": 0.381,
            "med": 33.559,
            "max": 59991.686,
            "p(90)": 745.9135000000008,
            "p(95)": 1142.6952499999998
        },
        "vus": {
            "value": 232,
            "min": 232,
            "max": 1000
        },
        "http_req_receiving": {
            "avg": 0.1722903853098969,
            "min": 0,
            "med": 0.025,
            "max": 328.867,
            "p(90)": 0.111,
            "p(95)": 0.206
        },
        "http_req_duration{expected_response:true}": {
            "max": 42240.939,
            "p(90)": 718.6898000000004,
            "p(95)": 1123.5709499999996,
            "avg": 370.07479831570083,
            "min": 0.381,
            "med": 32.9495
        },
        "vus_max": {
            "value": 1000,
            "min": 1000,
            "max": 1000
        },
        "http_req_waiting": {
            "med": 33.232,
            "max": 59991.661,
            "p(90)": 742.4800000000013,
            "p(95)": 1142.11125,
            "avg": 392.3244160068963,
            "min": 0.359
        }
    },
    "root_group": {
        "name": "",
        "path": "",
        "id": "d41d8cd98f00b204e9800998ecf8427e",
        "groups": {},
        "checks": {
                "status is 200": {
                    "path": "::status is 200",
                    "id": "6210a8cd14cd70477eba5c5e4cb3fb5f",
                    "passes": 71840,
                    "fails": 154,
                    "name": "status is 200"
                }
            }
    }
}