{
    "root_group": {
        "name": "",
        "path": "",
        "id": "d41d8cd98f00b204e9800998ecf8427e",
        "groups": {},
        "checks": {
                "status is 200": {
                    "name": "status is 200",
                    "path": "::status is 200",
                    "id": "6210a8cd14cd70477eba5c5e4cb3fb5f",
                    "passes": 61313,
                    "fails": 1368
                }
            }
    },
    "metrics": {
        "data_sent": {
            "count": 4485243,
            "rate": 42681.96460196276
        },
        "http_req_sending": {
            "med": 0.014,
            "max": 106.71,
            "p(90)": 0.095,
            "p(95)": 0.29,
            "avg": 0.14268295017629298,
            "min": 0.003
        },
        "vus_max": {
            "value": 1000,
            "min": 1000,
            "max": 1000
        },
        "http_req_duration": {
            "p(95)": 2382.549,
            "avg": 607.4003315677804,
            "min": 0.36,
            "med": 171.478,
            "max": 31249.608,
            "p(90)": 1373.027
        },
        "http_req_waiting": {
            "max": 31249.557,
            "p(90)": 1370.096,
            "p(95)": 2382.288,
            "avg": 606.7911490882394,
            "min": 0.334,
            "med": 171.079
        },
        "http_req_blocked": {
            "avg": 1.6136147317368656,
            "min": 0.052,
            "med": 0.237,
            "max": 168.988,
            "p(90)": 1.14,
            "p(95)": 3.348
        },
        "http_req_tls_handshaking": {
            "p(95)": 0,
            "avg": 0,
            "min": 0,
            "med": 0,
            "max": 0,
            "p(90)": 0
        },
        "iteration_duration": {
            "med": 1174.516458,
            "max": 32251.964833,
            "p(90)": 2374.352041,
            "p(95)": 3386.610458,
            "avg": 1610.3726173622576,
            "min": 1000.56925
        },
        "checks": {
            "passes": 61313,
            "fails": 1368,
            "value": 0.9781752046074568
        },
        "http_reqs": {
            "count": 62681,
            "rate": 596.4778771664384
        },
        "http_req_failed": {
            "passes": 1368,
            "fails": 61313,
            "value": 0.021824795392543193
        },
        "iterations": {
            "count": 62681,
            "rate": 596.4778771664384
        },
        "http_req_connecting": {
            "min": 0.04,
            "med": 0.203,
            "max": 153.414,
            "p(90)": 0.891,
            "p(95)": 2.475,
            "avg": 1.4109110416234694
        },
        "http_req_duration{expected_response:true}": {
            "med": 155.032,
            "max": 31249.608,
            "p(90)": 1185.5398,
            "p(95)": 1775.1045999999997,
            "avg": 499.3417717775969,
            "min": 0.36
        },
        "vus": {
            "value": 3,
            "min": 3,
            "max": 1000
        },
        "http_req_receiving": {
            "avg": 0.466499529362961,
            "min": 0,
            "med": 0.03,
            "max": 1471.169,
            "p(90)": 0.16,
            "p(95)": 0.344
        },
        "data_received": {
            "count": 6483371,
            "rate": 61696.32537710708
        }
    }
}