{
    "metrics": {
        "http_req_waiting": {
            "max": 1326.406,
            "p(90)": 501.951,
            "p(95)": 504.558,
            "avg": 144.50601082937825,
            "min": 0.157,
            "med": 1.6205
        },
        "http_req_tls_handshaking": {
            "avg": 0,
            "min": 0,
            "med": 0,
            "max": 0,
            "p(90)": 0,
            "p(95)": 0
        },
        "http_req_blocked": {
            "avg": 0.8903606901579273,
            "min": 0,
            "med": 0.002,
            "max": 224.97,
            "p(90)": 0.008,
            "p(95)": 0.013
        },
        "http_req_failed": {
            "fails": 87632,
            "passes": 0,
            "value": 0
        },
        "iterations": {
            "count": 87632,
            "rate": 863.3794869400502
        },
        "http_req_duration": {
            "avg": 144.81496525241937,
            "min": 0.17,
            "med": 1.6745,
            "max": 1355.725,
            "p(90)": 502,
            "p(95)": 504.7541499999999
        },
        "data_received": {
            "count": 9201360,
            "rate": 90654.84612870528
        },
        "data_sent": {
            "count": 6270499,
            "rate": 61779.03288157406
        },
        "http_reqs": {
            "count": 87632,
            "rate": 863.3794869400502
        },
        "checks": {
            "passes": 87632,
            "fails": 0,
            "value": 1
        },
        "http_req_sending": {
            "avg": 0.2829795508493502,
            "min": 0.001,
            "med": 0.007,
            "max": 247.327,
            "p(90)": 0.023,
            "p(95)": 0.04
        },
        "vus_max": {
            "max": 1000,
            "value": 1000,
            "min": 1000
        },
        "iteration_duration": {
            "avg": 1146.7727186391592,
            "min": 1000.217458,
            "med": 1002.4287295,
            "max": 2467.042041,
            "p(90)": 1502.413133,
            "p(95)": 1506.15498125
        },
        "http_req_receiving": {
            "p(90)": 0.046,
            "p(95)": 0.065,
            "avg": 0.025974872192807273,
            "min": 0.003,
            "med": 0.013,
            "max": 14.493
        },
        "vus": {
            "value": 136,
            "min": 136,
            "max": 1000
        },
        "http_req_duration{expected_response:true}": {
            "med": 1.6745,
            "max": 1355.725,
            "p(90)": 502,
            "p(95)": 504.7541499999999,
            "avg": 144.81496525241937,
            "min": 0.17
        },
        "http_req_connecting": {
            "avg": 0.6802157773416101,
            "min": 0,
            "med": 0,
            "max": 163.509,
            "p(90)": 0,
            "p(95)": 0
        }
    },
    "root_group": {
        "id": "d41d8cd98f00b204e9800998ecf8427e",
        "groups": {},
        "checks": {
                "status is 200": {
                    "passes": 87632,
                    "fails": 0,
                    "name": "status is 200",
                    "path": "::status is 200",
                    "id": "6210a8cd14cd70477eba5c5e4cb3fb5f"
                }
            },
        "name": "",
        "path": ""
    }
}