{
    "metrics": {
        "http_req_receiving": {
            "max": 16.985,
            "p(90)": 0.043,
            "p(95)": 0.06,
            "avg": 0.02373286326715044,
            "min": 0.003,
            "med": 0.014
        },
        "http_reqs": {
            "rate": 873.2689086683378,
            "count": 88640
        },
        "http_req_tls_handshaking": {
            "med": 0,
            "max": 0,
            "p(90)": 0,
            "p(95)": 0,
            "avg": 0,
            "min": 0
        },
        "http_req_duration{expected_response:true}": {
            "avg": 133.4269867666949,
            "min": 0.171,
            "med": 0.973,
            "max": 1179.393,
            "p(90)": 501.792,
            "p(95)": 502.658
        },
        "http_req_duration": {
            "max": 1179.393,
            "p(90)": 501.792,
            "p(95)": 502.658,
            "avg": 133.4269867666949,
            "min": 0.171,
            "med": 0.973
        },
        "checks": {
            "passes": 88640,
            "fails": 0,
            "value": 1
        },
        "vus_max": {
            "max": 1000,
            "value": 1000,
            "min": 1000
        },
        "data_received": {
            "count": 9307200,
            "rate": 91693.23541017546
        },
        "http_req_waiting": {
            "min": 0.159,
            "med": 0.932,
            "max": 1179.288,
            "p(90)": 501.755,
            "p(95)": 502.615,
            "avg": 133.3740608980154
        },
        "iterations": {
            "count": 88640,
            "rate": 873.2689086683378
        },
        "http_req_connecting": {
            "p(90)": 0,
            "p(95)": 0,
            "avg": 0.6490336078519853,
            "min": 0,
            "med": 0,
            "max": 127.745
        },
        "http_req_failed": {
            "fails": 88640,
            "passes": 0,
            "value": 0
        },
        "http_req_blocked": {
            "med": 0.002,
            "max": 140.84,
            "p(90)": 0.006,
            "p(95)": 0.01,
            "avg": 0.6979987364604878,
            "min": 0
        },
        "data_sent": {
            "count": 6343284,
            "rate": 62493.14864681101
        },
        "iteration_duration": {
            "p(90)": 1502.2521744,
            "p(95)": 1503.3977690499999,
            "avg": 1134.5894147283987,
            "min": 1000.236625,
            "med": 1001.659854,
            "max": 2277.646292
        },
        "http_req_sending": {
            "avg": 0.029193005415168206,
            "min": 0.001,
            "med": 0.006,
            "max": 19.449,
            "p(90)": 0.019,
            "p(95)": 0.029
        },
        "vus": {
            "value": 167,
            "min": 167,
            "max": 1000
        }
    },
    "root_group": {
        "groups": {},
        "checks": {
                "status is 200": {
                    "path": "::status is 200",
                    "id": "6210a8cd14cd70477eba5c5e4cb3fb5f",
                    "passes": 88640,
                    "fails": 0,
                    "name": "status is 200"
                }
            },
        "name": "",
        "path": "",
        "id": "d41d8cd98f00b204e9800998ecf8427e"
    }
}