{
    "root_group": {
        "name": "",
        "path": "",
        "id": "d41d8cd98f00b204e9800998ecf8427e",
        "groups": {},
        "checks": {
                "status is 200": {
                    "id": "6210a8cd14cd70477eba5c5e4cb3fb5f",
                    "passes": 65364,
                    "fails": 405,
                    "name": "status is 200",
                    "path": "::status is 200"
                }
            }
    },
    "metrics": {
        "checks": {
            "passes": 65364,
            "fails": 405,
            "value": 0.9938420836564339
        },
        "http_req_receiving": {
            "avg": 0.28057090726634426,
            "min": 0,
            "med": 0.029,
            "max": 1033.109,
            "p(90)": 0.142,
            "p(95)": 0.269
        },
        "vus": {
            "value": 157,
            "min": 157,
            "max": 1000
        },
        "vus_max": {
            "value": 1000,
            "min": 1000,
            "max": 1000
        },
        "data_sent": {
            "count": 4705530,
            "rate": 46356.52179052956
        },
        "http_req_tls_handshaking": {
            "p(90)": 0,
            "p(95)": 0,
            "avg": 0,
            "min": 0,
            "med": 0,
            "max": 0
        },
        "http_req_sending": {
            "avg": 0.1720882026486644,
            "min": 0.003,
            "med": 0.014,
            "max": 92.581,
            "p(90)": 0.089,
            "p(95)": 0.308
        },
        "iteration_duration": {
            "max": 34237.308834,
            "p(90)": 2511.5000332,
            "p(95)": 3291.1429498,
            "avg": 1528.634315105803,
            "min": 1000.517416,
            "med": 1109.1125
        },
        "http_req_duration{expected_response:true}": {
            "min": 0.362,
            "med": 104.4305,
            "max": 33191.177,
            "p(90)": 1459.0273000000004,
            "p(95)": 2048.8026,
            "avg": 501.40119848847115
        },
        "http_req_blocked": {
            "med": 0.236,
            "max": 185.761,
            "p(90)": 1.0402000000000016,
            "p(95)": 4.056799999999991,
            "avg": 1.7148302391704158,
            "min": 0.066
        },
        "http_req_connecting": {
            "p(95)": 3.1463999999999883,
            "avg": 1.5510913348233917,
            "min": 0.049,
            "med": 0.205,
            "max": 185.709,
            "p(90)": 0.827
        },
        "http_req_failed": {
            "passes": 405,
            "fails": 65364,
            "value": 0.006157916343566118
        },
        "data_received": {
            "count": 6877368,
            "rate": 67752.3806146153
        },
        "http_req_duration": {
            "p(95)": 2289.0839999999994,
            "avg": 525.2699150359653,
            "min": 0.362,
            "med": 106.532,
            "max": 33191.177,
            "p(90)": 1506.3144000000002
        },
        "http_req_waiting": {
            "max": 33190.915,
            "p(90)": 1505.7978000000003,
            "p(95)": 2287.3633999999997,
            "avg": 524.8172559260483,
            "min": 0.34,
            "med": 106.346
        },
        "iterations": {
            "count": 65769,
            "rate": 647.9232055988036
        },
        "http_reqs": {
            "count": 65769,
            "rate": 647.9232055988036
        }
    }
}