{
    "root_group": {
        "name": "",
        "path": "",
        "id": "d41d8cd98f00b204e9800998ecf8427e",
        "groups": {},
        "checks": {
                "status is 200": {
                    "passes": 73807,
                    "fails": 889,
                    "name": "status is 200",
                    "path": "::status is 200",
                    "id": "6210a8cd14cd70477eba5c5e4cb3fb5f"
                }
            }
    },
    "metrics": {
        "http_req_tls_handshaking": {
            "p(95)": 0,
            "avg": 0,
            "min": 0,
            "med": 0,
            "max": 0,
            "p(90)": 0
        },
        "http_req_duration": {
            "avg": 344.2888355467493,
            "min": 0.315,
            "med": 20.012,
            "max": 28545.039,
            "p(90)": 670.2515000000001,
            "p(95)": 1161.5185
        },
        "http_req_receiving": {
            "avg": 0.19276684159796054,
            "min": 0,
            "med": 0.031,
            "max": 454.201,
            "p(90)": 0.116,
            "p(95)": 0.204
        },
        "vus": {
            "value": 193,
            "min": 193,
            "max": 1000
        },
        "http_req_duration{expected_response:true}": {
            "avg": 274.443211958215,
            "min": 0.315,
            "med": 18.793,
            "max": 28545.039,
            "p(90)": 607.4858,
            "p(95)": 1011.5525999999993
        },
        "http_req_sending": {
            "med": 0.014,
            "max": 70.234,
            "p(90)": 0.059,
            "p(95)": 0.142,
            "avg": 0.1111559789011568,
            "min": 0.003
        },
        "http_req_failed": {
            "passes": 889,
            "fails": 73807,
            "value": 0.011901574381492985
        },
        "checks": {
            "passes": 73807,
            "fails": 889,
            "value": 0.988098425618507
        },
        "data_sent": {
            "count": 5344547,
            "rate": 52651.257373278524
        },
        "http_reqs": {
            "count": 74696,
            "rate": 735.8599935138399
        },
        "http_req_blocked": {
            "avg": 1.2500820927492464,
            "min": 0.055,
            "med": 0.232,
            "max": 99.929,
            "p(90)": 0.593,
            "p(95)": 1.267
        },
        "data_received": {
            "count": 7774755,
            "rate": 76592.20257941114
        },
        "http_req_waiting": {
            "avg": 343.9849127262516,
            "min": 0.255,
            "med": 19.8855,
            "max": 28544.854,
            "p(90)": 669.5250000000001,
            "p(95)": 1157.8802499999997
        },
        "iteration_duration": {
            "avg": 1346.3455479473957,
            "min": 1000.5205,
            "med": 1021.2474165,
            "max": 29545.407917,
            "p(90)": 1674.0223125,
            "p(95)": 2171.339968499999
        },
        "http_req_connecting": {
            "avg": 1.1687471752168823,
            "min": 0.046,
            "med": 0.203,
            "max": 99.91,
            "p(90)": 0.5,
            "p(95)": 1.031
        },
        "vus_max": {
            "value": 1000,
            "min": 1000,
            "max": 1000
        },
        "iterations": {
            "count": 74696,
            "rate": 735.8599935138399
        }
    }
}