{
    "root_group": {
        "checks": {
            "status is 200": {
                "path": "::status is 200",
                "id": "6210a8cd14cd70477eba5c5e4cb3fb5f",
                "passes": 99568,
                "fails": 0,
                "name": "status is 200"
            }
        },
        "name": "",
        "path": "",
        "id": "d41d8cd98f00b204e9800998ecf8427e",
        "groups": {}
    },
    "metrics": {
        "vus_max": {
            "value": 1000,
            "min": 1000,
            "max": 1000
        },
        "http_req_blocked": {
            "med": 0.002,
            "max": 199.661,
            "p(90)": 0.006,
            "p(95)": 0.012,
            "avg": 0.4560368692733779,
            "min": 0
        },
        "http_req_waiting": {
            "p(90)": 14.002300000000004,
            "p(95)": 27.607649999999996,
            "avg": 6.8254641250199,
            "min": 0.145,
            "med": 2.136,
            "max": 333.142
        },
        "iterations": {
            "count": 99568,
            "rate": 986.6155290240235
        },
        "http_reqs": {
            "count": 99568,
            "rate": 986.6155290240235
        },
        "http_req_duration{expected_response:true}": {
            "min": 0.158,
            "med": 2.173,
            "max": 333.162,
            "p(90)": 14.701300000000003,
            "p(95)": 28.982499999999956,
            "avg": 7.009942903342424
        },
        "vus": {
            "value": 1000,
            "min": 1000,
            "max": 1000
        },
        "http_req_connecting": {
            "avg": 0.43279057528523174,
            "min": 0,
            "med": 0,
            "max": 198.381,
            "p(90)": 0,
            "p(95)": 0
        },
        "http_req_sending": {
            "avg": 0.15789216414925036,
            "min": 0.001,
            "med": 0.004,
            "max": 195.388,
            "p(90)": 0.028,
            "p(95)": 0.096
        },
        "http_req_failed": {
            "passes": 0,
            "fails": 99568,
            "value": 0
        },
        "checks": {
            "fails": 0,
            "passes": 99568,
            "value": 1
        },
        "http_req_duration": {
            "max": 333.162,
            "p(90)": 14.701300000000003,
            "p(95)": 28.982499999999956,
            "avg": 7.009942903342424,
            "min": 0.158,
            "med": 2.173
        },
        "http_req_receiving": {
            "avg": 0.026586614173230064,
            "min": 0.003,
            "med": 0.009,
            "max": 50.704,
            "p(90)": 0.03,
            "p(95)": 0.045
        },
        "data_sent": {
            "count": 6969760,
            "rate": 69063.08703168164
        },
        "iteration_duration": {
            "avg": 1008.6882949542298,
            "min": 1000.212584,
            "med": 1002.6283335,
            "max": 1333.353208,
            "p(90)": 1017.9963872999999,
            "p(95)": 1039.6033352
        },
        "data_received": {
            "rate": 103594.63054752247,
            "count": 10454640
        },
        "http_req_tls_handshaking": {
            "avg": 0,
            "min": 0,
            "med": 0,
            "max": 0,
            "p(90)": 0,
            "p(95)": 0
        }
    }
}