{
    "root_group": {
        "name": "",
        "path": "",
        "id": "d41d8cd98f00b204e9800998ecf8427e",
        "groups": {},
        "checks": {
                "status is 200": {
                    "name": "status is 200",
                    "path": "::status is 200",
                    "id": "6210a8cd14cd70477eba5c5e4cb3fb5f",
                    "passes": 97960,
                    "fails": 0
                }
            }
    },
    "metrics": {
        "data_sent": {
            "count": 6857200,
            "rate": 67895.37438850275
        },
        "http_req_connecting": {
            "avg": 1.1638053287055952,
            "min": 0.041,
            "med": 0.165,
            "max": 164.451,
            "p(90)": 0.439,
            "p(95)": 0.946
        },
        "vus_max": {
            "min": 1000,
            "max": 1000,
            "value": 1000
        },
        "iterations": {
            "count": 97960,
            "rate": 969.9339198357536
        },
        "http_req_failed": {
            "passes": 0,
            "fails": 97960,
            "value": 0
        },
        "http_reqs": {
            "count": 97960,
            "rate": 969.9339198357536
        },
        "iteration_duration": {
            "p(95)": 1058.1531395499999,
            "avg": 1024.7407483728844,
            "min": 1000.531458,
            "med": 1003.167916,
            "max": 6239.247083,
            "p(90)": 1021.1043173
        },
        "http_req_sending": {
            "min": 0.003,
            "med": 0.011,
            "max": 35.855,
            "p(90)": 0.041,
            "p(95)": 0.083,
            "avg": 0.08374710085749684
        },
        "http_req_duration": {
            "min": 0.299,
            "med": 2.621,
            "max": 5237.893,
            "p(90)": 19.681100000000004,
            "p(95)": 53.91174999999984,
            "avg": 23.131814893833766
        },
        "http_req_blocked": {
            "p(95)": 1.0920499999999957,
            "avg": 1.2186228971008237,
            "min": 0.05,
            "med": 0.188,
            "max": 170.79,
            "p(90)": 0.503
        },
        "http_req_waiting": {
            "avg": 22.975143670885924,
            "min": 0.21,
            "med": 2.542,
            "max": 5237.849,
            "p(90)": 19.518100000000004,
            "p(95)": 53.514399999999874
        },
        "checks": {
            "passes": 97960,
            "fails": 0,
            "value": 1
        },
        "data_received": {
            "count": 10285800,
            "rate": 101843.06158275413
        },
        "vus": {
            "value": 67,
            "min": 67,
            "max": 1000
        },
        "http_req_tls_handshaking": {
            "avg": 0,
            "min": 0,
            "med": 0,
            "max": 0,
            "p(90)": 0,
            "p(95)": 0
        },
        "http_req_receiving": {
            "avg": 0.07292412209065215,
            "min": 0.005,
            "med": 0.02,
            "max": 268.542,
            "p(90)": 0.095,
            "p(95)": 0.184
        },
        "http_req_duration{expected_response:true}": {
            "med": 2.621,
            "max": 5237.893,
            "p(90)": 19.681100000000004,
            "p(95)": 53.91174999999984,
            "avg": 23.131814893833766,
            "min": 0.299
        }
    }
}