{
    "metrics": {
        "http_req_failed": {
            "passes": 0,
            "fails": 100000,
            "value": 0
        },
        "checks": {
            "passes": 100000,
            "fails": 0,
            "value": 1
        },
        "http_req_blocked": {
            "p(90)": 0.005,
            "p(95)": 0.01,
            "avg": 0.17650210000033467,
            "min": 0,
            "med": 0.001,
            "max": 170.026
        },
        "http_req_sending": {
            "med": 0.004,
            "max": 158.449,
            "p(90)": 0.021,
            "p(95)": 0.057,
            "avg": 0.33204837000032145,
            "min": 0.001
        },
        "http_req_tls_handshaking": {
            "avg": 0,
            "min": 0,
            "med": 0,
            "max": 0,
            "p(90)": 0,
            "p(95)": 0
        },
        "data_sent": {
            "count": 7000000,
            "rate": 69485.04149353848
        },
        "http_req_connecting": {
            "min": 0,
            "med": 0,
            "max": 54.667,
            "p(90)": 0,
            "p(95)": 0,
            "avg": 0.13148297999999983
        },
        "vus_max": {
            "value": 1000,
            "min": 1000,
            "max": 1000
        },
        "data_received": {
            "count": 10500000,
            "rate": 104227.56224030773
        },
        "iterations": {
            "count": 100000,
            "rate": 992.6434499076926
        },
        "http_req_duration": {
            "med": 1.883,
            "max": 194.869,
            "p(90)": 8.291,
            "p(95)": 14.405849999999925,
            "avg": 4.515709550000006,
            "min": 0.175
        },
        "http_req_waiting": {
            "avg": 4.165080500000068,
            "min": 0.165,
            "med": 1.848,
            "max": 137.4,
            "p(90)": 8.139100000000001,
            "p(95)": 13.981
        },
        "http_req_receiving": {
            "med": 0.008,
            "max": 13.01,
            "p(90)": 0.028,
            "p(95)": 0.041,
            "avg": 0.01858068000000763,
            "min": 0.003
        },
        "http_reqs": {
            "count": 100000,
            "rate": 992.6434499076926
        },
        "vus": {
            "min": 1000,
            "max": 1000,
            "value": 1000
        },
        "iteration_duration": {
            "max": 1274.4055,
            "p(90)": 1009.3891667,
            "p(95)": 1016.3043170000001,
            "avg": 1005.1673168647402,
            "min": 1000.224917,
            "med": 1002.2214795
        },
        "http_req_duration{expected_response:true}": {
            "p(90)": 8.291,
            "p(95)": 14.405849999999925,
            "avg": 4.515709550000006,
            "min": 0.175,
            "med": 1.883,
            "max": 194.869
        }
    },
    "root_group": {
        "path": "",
        "id": "d41d8cd98f00b204e9800998ecf8427e",
        "groups": {},
        "checks": {
                "status is 200": {
                    "passes": 100000,
                    "fails": 0,
                    "name": "status is 200",
                    "path": "::status is 200",
                    "id": "6210a8cd14cd70477eba5c5e4cb3fb5f"
                }
            },
        "name": ""
    }
}