{
    "root_group": {
        "name": "",
        "path": "",
        "id": "d41d8cd98f00b204e9800998ecf8427e",
        "groups": {},
        "checks": {
                "status is 200": {
                    "name": "status is 200",
                    "path": "::status is 200",
                    "id": "6210a8cd14cd70477eba5c5e4cb3fb5f",
                    "passes": 97811,
                    "fails": 0
                }
            }
    },
    "metrics": {
        "http_req_receiving": {
            "p(95)": 0.219,
            "avg": 0.10715320362741071,
            "min": 0.004,
            "med": 0.022,
            "max": 253.403,
            "p(90)": 0.107
        },
        "checks": {
            "passes": 97811,
            "fails": 0,
            "value": 1
        },
        "http_req_duration": {
            "avg": 24.72484509922175,
            "min": 0.307,
            "med": 3.23,
            "max": 4029.89,
            "p(90)": 23.802,
            "p(95)": 70.06949999999989
        },
        "data_sent": {
            "count": 6846770,
            "rate": 67780.99045143933
        },
        "http_req_duration{expected_response:true}": {
            "med": 3.23,
            "max": 4029.89,
            "p(90)": 23.802,
            "p(95)": 70.06949999999989,
            "avg": 24.72484509922175,
            "min": 0.307
        },
        "http_req_connecting": {
            "avg": 0.6683834844751572,
            "min": 0.049,
            "med": 0.172,
            "max": 99.092,
            "p(90)": 0.529,
            "p(95)": 1.1174999999999957
        },
        "vus_max": {
            "value": 1000,
            "min": 1000,
            "max": 1000
        },
        "http_req_failed": {
            "passes": 0,
            "fails": 97811,
            "value": 0
        },
        "iteration_duration": {
            "p(95)": 1075.1902914999998,
            "avg": 1025.8520118453216,
            "min": 1000.506166,
            "med": 1003.890291,
            "max": 5030.194083,
            "p(90)": 1025.188458
        },
        "http_req_blocked": {
            "avg": 0.7410362944863114,
            "min": 0.06,
            "med": 0.197,
            "max": 215.749,
            "p(90)": 0.607,
            "p(95)": 1.2579999999999911
        },
        "http_req_waiting": {
            "med": 3.12,
            "max": 4029.8,
            "p(90)": 23.388,
            "p(95)": 67.99699999999987,
            "avg": 24.20274148101924,
            "min": 0.237
        },
        "http_req_tls_handshaking": {
            "avg": 0,
            "min": 0,
            "med": 0,
            "max": 0,
            "p(90)": 0,
            "p(95)": 0
        },
        "http_req_sending": {
            "avg": 0.4149504145750585,
            "min": 0.003,
            "med": 0.012,
            "max": 154.427,
            "p(90)": 0.048,
            "p(95)": 0.122
        },
        "vus": {
            "value": 77,
            "min": 77,
            "max": 1000
        },
        "data_received": {
            "count": 10270155,
            "rate": 101671.485677159
        },
        "iterations": {
            "count": 97811,
            "rate": 968.2998635919904
        },
        "http_reqs": {
            "count": 97811,
            "rate": 968.2998635919904
        }
    }
}