{
    "metrics": {
        "data_received": {
            "count": 10251360,
            "rate": 101494.97411092842
        },
        "http_reqs": {
            "rate": 966.6188010564612,
            "count": 97632
        },
        "http_req_sending": {
            "p(95)": 0.19,
            "avg": 0.135979125696497,
            "min": 0.003,
            "med": 0.014,
            "max": 81.064,
            "p(90)": 0.062
        },
        "http_req_blocked": {
            "med": 0.225,
            "max": 136.448,
            "p(90)": 0.7619000000000021,
            "p(95)": 1.679,
            "avg": 1.5343164331366492,
            "min": 0.064
        },
        "vus_max": {
            "max": 1000,
            "value": 1000,
            "min": 1000
        },
        "http_req_tls_handshaking": {
            "min": 0,
            "med": 0,
            "max": 0,
            "p(90)": 0,
            "p(95)": 0,
            "avg": 0
        },
        "http_req_failed": {
            "passes": 0,
            "fails": 97632,
            "value": 0
        },
        "iteration_duration": {
            "p(95)": 1072.7243936,
            "avg": 1029.914801967434,
            "min": 1000.527,
            "med": 1004.76975,
            "max": 5069.250791,
            "p(90)": 1026.724808
        },
        "http_req_connecting": {
            "avg": 1.454016941166844,
            "min": 0.054,
            "med": 0.198,
            "max": 131.084,
            "p(90)": 0.674,
            "p(95)": 1.419
        },
        "http_req_receiving": {
            "max": 108.941,
            "p(90)": 0.144,
            "p(95)": 0.316,
            "avg": 0.10846486807605048,
            "min": 0.004,
            "med": 0.025
        },
        "vus": {
            "value": 113,
            "min": 113,
            "max": 1000
        },
        "data_sent": {
            "count": 6834240,
            "rate": 67663.31607395229
        },
        "http_req_duration": {
            "avg": 27.78287885119631,
            "min": 0.308,
            "med": 3.897,
            "max": 4069.055,
            "p(90)": 24.188900000000004,
            "p(95)": 69.15599999999992
        },
        "http_req_duration{expected_response:true}": {
            "max": 4069.055,
            "p(90)": 24.188900000000004,
            "p(95)": 69.15599999999992,
            "avg": 27.78287885119631,
            "min": 0.308,
            "med": 3.897
        },
        "iterations": {
            "rate": 966.6188010564612,
            "count": 97632
        },
        "http_req_waiting": {
            "p(90)": 23.721900000000005,
            "p(95)": 68.33859999999996,
            "avg": 27.53843485742376,
            "min": 0.257,
            "med": 3.751,
            "max": 4069.009
        },
        "checks": {
            "passes": 97632,
            "fails": 0,
            "value": 1
        }
    },
    "root_group": {
        "groups": {},
        "checks": {
                "status is 200": {
                    "passes": 97632,
                    "fails": 0,
                    "name": "status is 200",
                    "path": "::status is 200",
                    "id": "6210a8cd14cd70477eba5c5e4cb3fb5f"
                }
            },
        "name": "",
        "path": "",
        "id": "d41d8cd98f00b204e9800998ecf8427e"
    }
}