{
    "metrics": {
        "http_req_waiting": {
            "p(90)": 8.732,
            "p(95)": 17.048149999999985,
            "avg": 5.014955689999992,
            "min": 0.14,
            "med": 1.888,
            "max": 149.175
        },
        "checks": {
            "passes": 100000,
            "fails": 0,
            "value": 1
        },
        "http_reqs": {
            "count": 100000,
            "rate": 991.9393815527764
        },
        "http_req_receiving": {
            "min": 0.003,
            "med": 0.008,
            "max": 37.138,
            "p(90)": 0.028,
            "p(95)": 0.041,
            "avg": 0.0304957200000074
        },
        "http_req_tls_handshaking": {
            "avg": 0,
            "min": 0,
            "med": 0,
            "max": 0,
            "p(90)": 0,
            "p(95)": 0
        },
        "http_req_duration{expected_response:true}": {
            "p(90)": 8.883,
            "p(95)": 18.260049999999996,
            "avg": 5.151173119999872,
            "min": 0.149,
            "med": 1.92,
            "max": 199.232
        },
        "http_req_sending": {
            "min": 0.001,
            "med": 0.004,
            "max": 66.283,
            "p(90)": 0.019,
            "p(95)": 0.047,
            "avg": 0.10572171000007274
        },
        "iterations": {
            "count": 100000,
            "rate": 991.9393815527764
        },
        "http_req_duration": {
            "min": 0.149,
            "med": 1.92,
            "max": 199.232,
            "p(90)": 8.883,
            "p(95)": 18.260049999999996,
            "avg": 5.151173119999872
        },
        "vus": {
            "value": 1000,
            "min": 1000,
            "max": 1000
        },
        "http_req_blocked": {
            "avg": 0.045484540000152326,
            "min": 0,
            "med": 0.001,
            "max": 47.01,
            "p(90)": 0.005,
            "p(95)": 0.009
        },
        "data_sent": {
            "count": 7000000,
            "rate": 69435.75670869435
        },
        "data_received": {
            "count": 10500000,
            "rate": 104153.63506304151
        },
        "http_req_failed": {
            "passes": 0,
            "fails": 100000,
            "value": 0
        },
        "vus_max": {
            "value": 1000,
            "min": 1000,
            "max": 1000
        },
        "iteration_duration": {
            "min": 1000.179875,
            "med": 1002.2900205,
            "max": 1206.441917,
            "p(90)": 1010.5688583,
            "p(95)": 1020.90512945,
            "avg": 1006.0197901565743
        },
        "http_req_connecting": {
            "p(90)": 0,
            "p(95)": 0,
            "avg": 0.034641320000000024,
            "min": 0,
            "med": 0,
            "max": 46.98
        }
    },
    "root_group": {
        "name": "",
        "path": "",
        "id": "d41d8cd98f00b204e9800998ecf8427e",
        "groups": {},
        "checks": {
                "status is 200": {
                    "name": "status is 200",
                    "path": "::status is 200",
                    "id": "6210a8cd14cd70477eba5c5e4cb3fb5f",
                    "passes": 100000,
                    "fails": 0
                }
            }
    }
}