{
    "root_group": {
        "path": "",
        "id": "d41d8cd98f00b204e9800998ecf8427e",
        "groups": {},
        "checks": {
                "status is 200": {
                    "passes": 95223,
                    "fails": 0,
                    "name": "status is 200",
                    "path": "::status is 200",
                    "id": "6210a8cd14cd70477eba5c5e4cb3fb5f"
                }
            },
        "name": ""
    },
    "metrics": {
        "http_req_waiting": {
            "p(95)": 356.28249999999986,
            "avg": 52.11866313810764,
            "min": 0.327,
            "med": 3.668,
            "max": 1636.745,
            "p(90)": 67.20220000000005
        },
        "http_reqs": {
            "count": 95223,
            "rate": 944.358675999675
        },
        "http_req_duration": {
            "avg": 52.43208290013996,
            "min": 0.351,
            "med": 3.739,
            "max": 1636.832,
            "p(90)": 67.87540000000004,
            "p(95)": 357.4009999999998
        },
        "checks": {
            "passes": 95223,
            "fails": 0,
            "value": 1
        },
        "http_req_sending": {
            "p(90)": 0.045,
            "p(95)": 0.09,
            "avg": 0.21690220849998018,
            "min": 0.003,
            "med": 0.012,
            "max": 170.721
        },
        "http_req_connecting": {
            "avg": 0.4476172458334667,
            "min": 0.063,
            "med": 0.181,
            "max": 98.188,
            "p(90)": 0.469,
            "p(95)": 0.822
        },
        "http_req_receiving": {
            "med": 0.021,
            "max": 442.638,
            "p(90)": 0.1,
            "p(95)": 0.19089999999999577,
            "avg": 0.09651755353223626,
            "min": 0.005
        },
        "vus": {
            "value": 1000,
            "min": 1000,
            "max": 1000
        },
        "http_req_duration{expected_response:true}": {
            "avg": 52.43208290013996,
            "min": 0.351,
            "med": 3.739,
            "max": 1636.832,
            "p(90)": 67.87540000000004,
            "p(95)": 357.4009999999998
        },
        "http_req_tls_handshaking": {
            "max": 0,
            "p(90)": 0,
            "p(95)": 0,
            "avg": 0,
            "min": 0,
            "med": 0
        },
        "http_req_failed": {
            "passes": 0,
            "fails": 95223,
            "value": 0
        },
        "data_received": {
            "count": 9998415,
            "rate": 99157.66097996588
        },
        "vus_max": {
            "value": 1000,
            "min": 1000,
            "max": 1000
        },
        "data_sent": {
            "count": 6665610,
            "rate": 66105.10731997725
        },
        "iteration_duration": {
            "avg": 1053.4207079343828,
            "min": 1000.541375,
            "med": 1004.36175,
            "max": 2637.086417,
            "p(90)": 1069.7952334000001,
            "p(95)": 1361.0255707999997
        },
        "http_req_blocked": {
            "avg": 0.5403576446866795,
            "min": 0.07,
            "med": 0.206,
            "max": 178.678,
            "p(90)": 0.543,
            "p(95)": 0.985
        },
        "iterations": {
            "count": 95223,
            "rate": 944.358675999675
        }
    }
}