{
    "root_group": {
        "checks": {
            "status is 200": {
                "id": "6210a8cd14cd70477eba5c5e4cb3fb5f",
                "passes": 95445,
                "fails": 0,
                "name": "status is 200",
                "path": "::status is 200"
            }
        },
        "name": "",
        "path": "",
        "id": "d41d8cd98f00b204e9800998ecf8427e",
        "groups": {}
    },
    "metrics": {
        "http_req_connecting": {
            "p(95)": 1.0847999999999958,
            "avg": 1.9130800670542973,
            "min": 0.041,
            "med": 0.183,
            "max": 241.001,
            "p(90)": 0.566
        },
        "http_req_tls_handshaking": {
            "avg": 0,
            "min": 0,
            "med": 0,
            "max": 0,
            "p(90)": 0,
            "p(95)": 0
        },
        "http_req_failed": {
            "passes": 0,
            "fails": 95445,
            "value": 0
        },
        "http_req_duration": {
            "avg": 53.65195354392644,
            "min": 0.355,
            "med": 4.318,
            "max": 4042.889,
            "p(90)": 133.05240000000003,
            "p(95)": 323.3111999999996
        },
        "data_received": {
            "count": 10021725,
            "rate": 98255.61015025756
        },
        "http_req_sending": {
            "avg": 0.220522856095047,
            "min": 0.003,
            "med": 0.012,
            "max": 115.05,
            "p(90)": 0.058,
            "p(95)": 0.153
        },
        "iterations": {
            "count": 95445,
            "rate": 935.7677157167386
        },
        "http_req_blocked": {
            "p(90)": 0.6696000000000022,
            "p(95)": 1.319,
            "avg": 2.020896390591467,
            "min": 0.048,
            "med": 0.21,
            "max": 243.594
        },
        "http_req_waiting": {
            "max": 4042.697,
            "p(90)": 131.7118,
            "p(95)": 320.7419999999999,
            "avg": 53.302800314316926,
            "min": 0.31,
            "med": 4.236
        },
        "http_req_receiving": {
            "p(90)": 0.111,
            "p(95)": 0.224,
            "avg": 0.12863037351355014,
            "min": 0.005,
            "med": 0.022,
            "max": 545.094
        },
        "http_reqs": {
            "count": 95445,
            "rate": 935.7677157167386
        },
        "checks": {
            "passes": 95445,
            "fails": 0,
            "value": 1
        },
        "vus": {
            "value": 142,
            "min": 142,
            "max": 1000
        },
        "iteration_duration": {
            "p(95)": 1335.9792335999996,
            "avg": 1056.3729793244459,
            "min": 1000.505208,
            "med": 1005.163375,
            "max": 5114.542167,
            "p(90)": 1135.4868000000001
        },
        "http_req_duration{expected_response:true}": {
            "p(90)": 133.05240000000003,
            "p(95)": 323.3111999999996,
            "avg": 53.65195354392644,
            "min": 0.355,
            "med": 4.318,
            "max": 4042.889
        },
        "vus_max": {
            "value": 1000,
            "min": 1000,
            "max": 1000
        },
        "data_sent": {
            "count": 6681150,
            "rate": 65503.74010017171
        }
    }
}