{
    "root_group": {
        "name": "",
        "path": "",
        "id": "d41d8cd98f00b204e9800998ecf8427e",
        "groups": {},
        "checks": {
                "status is 200": {
                    "name": "status is 200",
                    "path": "::status is 200",
                    "id": "6210a8cd14cd70477eba5c5e4cb3fb5f",
                    "passes": 98414,
                    "fails": 0
                }
            }
    },
    "metrics": {
        "vus": {
            "value": 33,
            "min": 33,
            "max": 1000
        },
        "vus_max": {
            "max": 1000,
            "value": 1000,
            "min": 1000
        },
        "http_req_blocked": {
            "min": 0.061,
            "med": 0.196,
            "max": 149.468,
            "p(90)": 0.547,
            "p(95)": 1.056,
            "avg": 0.515397707643211
        },
        "checks": {
            "passes": 98414,
            "fails": 0,
            "value": 1
        },
        "http_reqs": {
            "count": 98414,
            "rate": 972.8984695122957
        },
        "data_sent": {
            "count": 6888980,
            "rate": 68102.8928658607
        },
        "http_req_duration{expected_response:true}": {
            "avg": 18.985638425427183,
            "min": 0.321,
            "med": 3.351,
            "max": 3032.023,
            "p(90)": 24.05020000000001,
            "p(95)": 59.77135
        },
        "http_req_sending": {
            "med": 0.011,
            "max": 161.684,
            "p(90)": 0.041,
            "p(95)": 0.091,
            "avg": 0.14321539618343135,
            "min": 0.003
        },
        "http_req_duration": {
            "p(95)": 59.77135,
            "avg": 18.985638425427183,
            "min": 0.321,
            "med": 3.351,
            "max": 3032.023,
            "p(90)": 24.05020000000001
        },
        "http_req_failed": {
            "passes": 0,
            "fails": 98414,
            "value": 0
        },
        "iterations": {
            "count": 98414,
            "rate": 972.8984695122957
        },
        "http_req_tls_handshaking": {
            "p(95)": 0,
            "avg": 0,
            "min": 0,
            "med": 0,
            "max": 0,
            "p(90)": 0
        },
        "iteration_duration": {
            "min": 1000.549708,
            "med": 1004.0755205,
            "max": 4036.825917,
            "p(90)": 1026.2627751,
            "p(95)": 1062.4542619499998,
            "avg": 1020.0338016705767
        },
        "http_req_connecting": {
            "min": 0.041,
            "med": 0.173,
            "max": 57.864,
            "p(90)": 0.488,
            "p(95)": 0.928,
            "avg": 0.43667649927856317
        },
        "http_req_receiving": {
            "max": 81.579,
            "p(90)": 0.101,
            "p(95)": 0.206,
            "avg": 0.08727211575589183,
            "min": 0.004,
            "med": 0.02
        },
        "http_req_waiting": {
            "p(95)": 59.04859999999993,
            "avg": 18.755150913488098,
            "min": 0.245,
            "med": 3.268,
            "max": 3030.918,
            "p(90)": 23.673
        },
        "data_received": {
            "count": 10333470,
            "rate": 102154.33929879105
        }
    }
}