{
    "root_group": {
        "name": "",
        "path": "",
        "id": "d41d8cd98f00b204e9800998ecf8427e",
        "groups": {},
        "checks": {
                "status is 200": {
                    "id": "6210a8cd14cd70477eba5c5e4cb3fb5f",
                    "passes": 94382,
                    "fails": 0,
                    "name": "status is 200",
                    "path": "::status is 200"
                }
            }
    },
    "metrics": {
        "http_req_blocked": {
            "max": 996.071,
            "p(90)": 0.012,
            "p(95)": 0.031,
            "avg": 1.1634332181982032,
            "min": 0,
            "med": 0.002
        },
        "http_req_sending": {
            "min": 0.001,
            "med": 0.005,
            "max": 1468.043,
            "p(90)": 0.053,
            "p(95)": 0.3269499999999958,
            "avg": 2.507994564640759
        },
        "http_req_failed": {
            "passes": 0,
            "fails": 94382,
            "value": 0
        },
        "checks": {
            "passes": 94382,
            "fails": 0,
            "value": 1
        },
        "http_reqs": {
            "rate": 931.6654552047803,
            "count": 94382
        },
        "http_req_tls_handshaking": {
            "avg": 0,
            "min": 0,
            "med": 0,
            "max": 0,
            "p(90)": 0,
            "p(95)": 0
        },
        "http_req_duration": {
            "p(90)": 44.421,
            "p(95)": 120.66049999999996,
            "avg": 33.33582460638687,
            "min": 0.169,
            "med": 2.661,
            "max": 3488.411
        },
        "data_sent": {
            "count": 6606740,
            "rate": 65216.58186433462
        },
        "http_req_waiting": {
            "avg": 30.70659689347544,
            "min": 0.152,
            "med": 2.6085000000000003,
            "max": 2112.995,
            "p(90)": 42.62340000000002,
            "p(95)": 109.12349999999995
        },
        "iteration_duration": {
            "p(95)": 1354.2096624999983,
            "avg": 1061.9192364873554,
            "min": 1000.216834,
            "med": 1003.2413745,
            "max": 5198.162125,
            "p(90)": 1091.6530709
        },
        "http_req_connecting": {
            "avg": 0.538914888432117,
            "min": 0,
            "med": 0,
            "max": 255.411,
            "p(90)": 0,
            "p(95)": 0
        },
        "vus_max": {
            "max": 1000,
            "value": 1000,
            "min": 1000
        },
        "iterations": {
            "count": 94382,
            "rate": 931.6654552047803
        },
        "http_req_receiving": {
            "p(95)": 0.06,
            "avg": 0.12123314826979109,
            "min": 0.003,
            "med": 0.01,
            "max": 686.998,
            "p(90)": 0.038
        },
        "data_received": {
            "count": 9910110,
            "rate": 97824.87279650192
        },
        "vus": {
            "value": 368,
            "min": 368,
            "max": 1000
        },
        "http_req_duration{expected_response:true}": {
            "avg": 33.33582460638687,
            "min": 0.169,
            "med": 2.661,
            "max": 3488.411,
            "p(90)": 44.421,
            "p(95)": 120.66049999999996
        }
    }
}