{
    "metrics": {
        "iterations": {
            "rate": 938.4788191056541,
            "count": 94913
        },
        "http_req_connecting": {
            "max": 2019.696,
            "p(90)": 0.468,
            "p(95)": 1.16,
            "avg": 2.585267866361794,
            "min": 0.04,
            "med": 0.168
        },
        "checks": {
            "passes": 94901,
            "fails": 12,
            "value": 0.9998735684258215
        },
        "http_req_sending": {
            "min": 0.003,
            "med": 0.012,
            "max": 132.64,
            "p(90)": 0.049,
            "p(95)": 0.133,
            "avg": 0.243166194304165
        },
        "http_req_receiving": {
            "p(90)": 0.115,
            "p(95)": 0.24039999999999578,
            "avg": 0.1315017437021351,
            "min": 0,
            "med": 0.022,
            "max": 484.831
        },
        "http_req_waiting": {
            "avg": 54.83088387259982,
            "min": 0.295,
            "med": 2.99,
            "max": 8445.153,
            "p(90)": 31.79100000000001,
            "p(95)": 148.72479999999996
        },
        "vus": {
            "value": 100,
            "min": 100,
            "max": 1000
        },
        "iteration_duration": {
            "p(95)": 1166.6389416,
            "avg": 1058.8480330236048,
            "min": 1000.519375,
            "med": 1003.699167,
            "max": 9445.998208,
            "p(90)": 1037.117117
        },
        "http_req_blocked": {
            "avg": 2.6996558953989913,
            "min": 0.045,
            "med": 0.192,
            "max": 2083.613,
            "p(90)": 0.544,
            "p(95)": 1.3913999999999958
        },
        "http_req_tls_handshaking": {
            "med": 0,
            "max": 0,
            "p(90)": 0,
            "p(95)": 0,
            "avg": 0,
            "min": 0
        },
        "http_req_duration{expected_response:true}": {
            "p(90)": 32.102,
            "p(95)": 151.138,
            "avg": 54.403710424547846,
            "min": 0.342,
            "med": 3.078,
            "max": 8445.216
        },
        "data_sent": {
            "count": 6643910,
            "rate": 65693.5173373958
        },
        "vus_max": {
            "value": 1000,
            "min": 1000,
            "max": 1000
        },
        "http_req_duration": {
            "avg": 55.205551810605826,
            "min": 0.342,
            "med": 3.079,
            "max": 8445.216,
            "p(90)": 32.15800000000001,
            "p(95)": 152.17639999999952
        },
        "http_req_failed": {
            "passes": 12,
            "fails": 94901,
            "value": 0.00012643157417845818
        },
        "data_received": {
            "count": 9965001,
            "rate": 98531.73296457453
        },
        "http_reqs": {
            "count": 94913,
            "rate": 938.4788191056541
        }
    },
    "root_group": {
        "checks": {
            "status is 200": {
                "fails": 12,
                "name": "status is 200",
                "path": "::status is 200",
                "id": "6210a8cd14cd70477eba5c5e4cb3fb5f",
                "passes": 94901
            }
        },
        "name": "",
        "path": "",
        "id": "d41d8cd98f00b204e9800998ecf8427e",
        "groups": {}
    }
}