{
    "root_group": {
        "name": "",
        "path": "",
        "id": "d41d8cd98f00b204e9800998ecf8427e",
        "groups": {},
        "checks": {
                "status is 200": {
                    "id": "6210a8cd14cd70477eba5c5e4cb3fb5f",
                    "passes": 100000,
                    "fails": 0,
                    "name": "status is 200",
                    "path": "::status is 200"
                }
            }
    },
    "metrics": {
        "http_req_tls_handshaking": {
            "avg": 0,
            "min": 0,
            "med": 0,
            "max": 0,
            "p(90)": 0,
            "p(95)": 0
        },
        "iterations": {
            "count": 100000,
            "rate": 990.4680524133507
        },
        "http_req_duration{expected_response:true}": {
            "max": 125.97,
            "p(90)": 11.38,
            "p(95)": 21.95169999999994,
            "avg": 5.396593440000064,
            "min": 0.176,
            "med": 2.154
        },
        "vus_max": {
            "value": 1000,
            "min": 1000,
            "max": 1000
        },
        "checks": {
            "fails": 0,
            "passes": 100000,
            "value": 1
        },
        "http_req_duration": {
            "avg": 5.396593440000064,
            "min": 0.176,
            "med": 2.154,
            "max": 125.97,
            "p(90)": 11.38,
            "p(95)": 21.95169999999994
        },
        "http_req_blocked": {
            "avg": 0.05868781000015746,
            "min": 0,
            "med": 0.002,
            "max": 49.598,
            "p(90)": 0.006,
            "p(95)": 0.012
        },
        "http_req_connecting": {
            "avg": 0.04700328999999999,
            "min": 0,
            "med": 0,
            "max": 35.475,
            "p(90)": 0,
            "p(95)": 0
        },
        "http_req_failed": {
            "passes": 0,
            "fails": 100000,
            "value": 0
        },
        "http_req_sending": {
            "avg": 0.1333428400000139,
            "min": 0.001,
            "med": 0.004,
            "max": 82.515,
            "p(90)": 0.025,
            "p(95)": 0.071
        },
        "http_req_waiting": {
            "max": 125.883,
            "p(90)": 11.101200000000006,
            "p(95)": 20.715049999999994,
            "avg": 5.236059489999995,
            "min": 0.166,
            "med": 2.117
        },
        "http_req_receiving": {
            "avg": 0.027191110000007398,
            "min": 0.003,
            "med": 0.008,
            "max": 53.564,
            "p(90)": 0.029,
            "p(95)": 0.042
        },
        "data_sent": {
            "count": 7000000,
            "rate": 69332.76366893455
        },
        "vus": {
            "value": 92,
            "min": 92,
            "max": 1000
        },
        "data_received": {
            "count": 10500000,
            "rate": 103999.14550340183
        },
        "iteration_duration": {
            "avg": 1006.636443416972,
            "min": 1000.217584,
            "med": 1002.566875,
            "max": 1130.575583,
            "p(90)": 1014.3715957999999,
            "p(95)": 1031.1668881500002
        },
        "http_reqs": {
            "count": 100000,
            "rate": 990.4680524133507
        }
    }
}