{
    "metrics": {
        "http_req_duration": {
            "p(90)": 60.626,
            "p(95)": 243.57,
            "avg": 39.52842125963828,
            "min": 0.358,
            "med": 3.34,
            "max": 1347.697
        },
        "http_req_failed": {
            "passes": 0,
            "fails": 96361,
            "value": 0
        },
        "http_req_blocked": {
            "min": 0.052,
            "med": 0.205,
            "max": 139.003,
            "p(90)": 0.586,
            "p(95)": 1.236,
            "avg": 0.8788445532943778
        },
        "vus": {
            "value": 1000,
            "min": 1000,
            "max": 1000
        },
        "http_req_sending": {
            "avg": 0.09028616348937694,
            "min": 0.003,
            "med": 0.011,
            "max": 56.538,
            "p(90)": 0.045,
            "p(95)": 0.108
        },
        "http_reqs": {
            "count": 96361,
            "rate": 954.7537235553748
        },
        "http_req_receiving": {
            "p(90)": 0.093,
            "p(95)": 0.188,
            "avg": 0.08152983053310393,
            "min": 0.005,
            "med": 0.02,
            "max": 457.303
        },
        "checks": {
            "fails": 0,
            "passes": 96361,
            "value": 1
        },
        "data_received": {
            "rate": 100249.14097331435,
            "count": 10117905
        },
        "iteration_duration": {
            "med": 1004.000041,
            "max": 2404.378375,
            "p(90)": 1063.540542,
            "p(95)": 1245.688208,
            "avg": 1040.981648860593,
            "min": 1000.538708
        },
        "http_req_connecting": {
            "p(95)": 1.045,
            "avg": 0.8031715528066338,
            "min": 0.043,
            "med": 0.181,
            "max": 97.566,
            "p(90)": 0.505
        },
        "http_req_tls_handshaking": {
            "p(95)": 0,
            "avg": 0,
            "min": 0,
            "med": 0,
            "max": 0,
            "p(90)": 0
        },
        "http_req_duration{expected_response:true}": {
            "avg": 39.52842125963828,
            "min": 0.358,
            "med": 3.34,
            "max": 1347.697,
            "p(90)": 60.626,
            "p(95)": 243.57
        },
        "iterations": {
            "count": 96361,
            "rate": 954.7537235553748
        },
        "http_req_waiting": {
            "p(90)": 60.423,
            "p(95)": 242.761,
            "avg": 39.35660526561545,
            "min": 0.333,
            "med": 3.262,
            "max": 1347.484
        },
        "data_sent": {
            "count": 6745270,
            "rate": 66832.76064887624
        },
        "vus_max": {
            "value": 1000,
            "min": 1000,
            "max": 1000
        }
    },
    "root_group": {
        "name": "",
        "path": "",
        "id": "d41d8cd98f00b204e9800998ecf8427e",
        "groups": {},
        "checks": {
                "status is 200": {
                    "name": "status is 200",
                    "path": "::status is 200",
                    "id": "6210a8cd14cd70477eba5c5e4cb3fb5f",
                    "passes": 96361,
                    "fails": 0
                }
            }
    }
}