{
    "metrics": {
        "http_req_waiting": {
            "avg": 75.27061270086749,
            "min": 0.323,
            "med": 4.938,
            "max": 1786.928,
            "p(90)": 236.6485,
            "p(95)": 469.39849999999996
        },
        "http_req_duration": {
            "avg": 75.59430869210237,
            "min": 0.341,
            "med": 5.021,
            "max": 1786.961,
            "p(90)": 238.45850000000002,
            "p(95)": 470.9934999999999
        },
        "data_received": {
            "count": 9775080,
            "rate": 96843.81889848811
        },
        "http_req_failed": {
            "passes": 0,
            "fails": 93096,
            "value": 0
        },
        "iterations": {
            "rate": 922.3220847475058,
            "count": 93096
        },
        "http_req_connecting": {
            "avg": 1.7339665291741662,
            "min": 0.044,
            "med": 0.188,
            "max": 171.725,
            "p(90)": 0.703,
            "p(95)": 1.9134999999999918
        },
        "http_req_receiving": {
            "avg": 0.16255482512675778,
            "min": 0.004,
            "med": 0.021,
            "max": 546.529,
            "p(90)": 0.111,
            "p(95)": 0.221
        },
        "vus": {
            "value": 15,
            "min": 15,
            "max": 1000
        },
        "http_reqs": {
            "count": 93096,
            "rate": 922.3220847475058
        },
        "vus_max": {
            "value": 1000,
            "min": 1000,
            "max": 1000
        },
        "http_req_tls_handshaking": {
            "p(95)": 0,
            "avg": 0,
            "min": 0,
            "med": 0,
            "max": 0,
            "p(90)": 0
        },
        "http_req_blocked": {
            "avg": 1.9672486465584347,
            "min": 0.057,
            "med": 0.214,
            "max": 182.914,
            "p(90)": 0.852,
            "p(95)": 2.701
        },
        "http_req_sending": {
            "min": 0.003,
            "med": 0.012,
            "max": 80.468,
            "p(90)": 0.073,
            "p(95)": 0.253,
            "avg": 0.16114116610807258
        },
        "data_sent": {
            "count": 6516720,
            "rate": 64562.5459323254
        },
        "http_req_duration{expected_response:true}": {
            "med": 5.021,
            "max": 1786.961,
            "p(90)": 238.45850000000002,
            "p(95)": 470.9934999999999,
            "avg": 75.59430869210237,
            "min": 0.341
        },
        "checks": {
            "passes": 93096,
            "fails": 0,
            "value": 1
        },
        "iteration_duration": {
            "med": 1005.8146455,
            "max": 2787.312,
            "p(90)": 1255.2490420000001,
            "p(95)": 1480.8371564999998,
            "avg": 1078.6264811036237,
            "min": 1000.469167
        }
    },
    "root_group": {
        "name": "",
        "path": "",
        "id": "d41d8cd98f00b204e9800998ecf8427e",
        "groups": {},
        "checks": {
                "status is 200": {
                    "path": "::status is 200",
                    "id": "6210a8cd14cd70477eba5c5e4cb3fb5f",
                    "passes": 93096,
                    "fails": 0,
                    "name": "status is 200"
                }
            }
    }
}