{
    "root_group": {
        "name": "",
        "path": "",
        "id": "d41d8cd98f00b204e9800998ecf8427e",
        "groups": {},
        "checks": {
                "status is 200": {
                    "name": "status is 200",
                    "path": "::status is 200",
                    "id": "6210a8cd14cd70477eba5c5e4cb3fb5f",
                    "passes": 98532,
                    "fails": 0
                }
            }
    },
    "metrics": {
        "http_req_receiving": {
            "avg": 0.08596777696586551,
            "min": 0.004,
            "med": 0.024,
            "max": 91.978,
            "p(90)": 0.114,
            "p(95)": 0.22744999999999563
        },
        "vus_max": {
            "min": 1000,
            "max": 1000,
            "value": 1000
        },
        "vus": {
            "value": 1000,
            "min": 1000,
            "max": 1000
        },
        "http_req_waiting": {
            "avg": 16.882803566353868,
            "min": 0.245,
            "med": 2.777,
            "max": 1318.559,
            "p(90)": 17.39450000000001,
            "p(95)": 40.42014999999997
        },
        "data_received": {
            "count": 10345860,
            "rate": 102560.91202846113
        },
        "http_req_tls_handshaking": {
            "med": 0,
            "max": 0,
            "p(90)": 0,
            "p(95)": 0,
            "avg": 0,
            "min": 0
        },
        "checks": {
            "passes": 98532,
            "fails": 0,
            "value": 1
        },
        "http_req_failed": {
            "fails": 98532,
            "passes": 0,
            "value": 0
        },
        "iteration_duration": {
            "avg": 1019.2971068713263,
            "min": 1000.48475,
            "med": 1003.506521,
            "max": 2560.399292,
            "p(90)": 1019.0622955,
            "p(95)": 1043.68997935
        },
        "http_req_blocked": {
            "avg": 1.781149697560231,
            "min": 0.062,
            "med": 0.202,
            "max": 364.962,
            "p(90)": 0.551,
            "p(95)": 1.042
        },
        "http_req_sending": {
            "avg": 0.10987421345350876,
            "min": 0.003,
            "med": 0.013,
            "max": 92.997,
            "p(90)": 0.048,
            "p(95)": 0.108
        },
        "iterations": {
            "count": 98532,
            "rate": 976.7705907472488
        },
        "data_sent": {
            "count": 6897240,
            "rate": 68373.94135230742
        },
        "http_reqs": {
            "count": 98532,
            "rate": 976.7705907472488
        },
        "http_req_duration": {
            "p(90)": 17.613,
            "p(95)": 40.85869999999998,
            "avg": 17.078645556773054,
            "min": 0.267,
            "med": 2.8825000000000003,
            "max": 1318.954
        },
        "http_req_duration{expected_response:true}": {
            "avg": 17.078645556773054,
            "min": 0.267,
            "med": 2.8825000000000003,
            "max": 1318.954,
            "p(90)": 17.613,
            "p(95)": 40.85869999999998
        },
        "http_req_connecting": {
            "avg": 1.718794503308552,
            "min": 0.054,
            "med": 0.177,
            "max": 362.512,
            "p(90)": 0.486,
            "p(95)": 0.9054499999999956
        }
    }
}