{
    "root_group": {
        "path": "",
        "id": "d41d8cd98f00b204e9800998ecf8427e",
        "groups": {},
        "checks": {
                "status is 200": {
                    "id": "6210a8cd14cd70477eba5c5e4cb3fb5f",
                    "passes": 97489,
                    "fails": 0,
                    "name": "status is 200",
                    "path": "::status is 200"
                }
            },
        "name": ""
    },
    "metrics": {
        "http_req_duration{expected_response:true}": {
            "max": 4021.94,
            "p(90)": 35.87000000000004,
            "p(95)": 125.54539999999945,
            "avg": 29.043507944485665,
            "min": 0.345,
            "med": 3.071
        },
        "http_req_failed": {
            "passes": 0,
            "fails": 97489,
            "value": 0
        },
        "vus_max": {
            "value": 1000,
            "min": 1000,
            "max": 1000
        },
        "data_received": {
            "count": 10236345,
            "rate": 101344.82906923199
        },
        "http_reqs": {
            "count": 97489,
            "rate": 965.1888482783999
        },
        "iterations": {
            "count": 97489,
            "rate": 965.1888482783999
        },
        "http_req_connecting": {
            "avg": 0.7190096728861783,
            "min": 0.039,
            "med": 0.172,
            "max": 102.167,
            "p(90)": 0.46320000000000217,
            "p(95)": 0.9295999999999958
        },
        "http_req_duration": {
            "avg": 29.043507944485665,
            "min": 0.345,
            "med": 3.071,
            "max": 4021.94,
            "p(90)": 35.87000000000004,
            "p(95)": 125.54539999999945
        },
        "vus": {
            "min": 198,
            "max": 1000,
            "value": 198
        },
        "data_sent": {
            "count": 6824230,
            "rate": 67563.21937948799
        },
        "http_req_tls_handshaking": {
            "min": 0,
            "med": 0,
            "max": 0,
            "p(90)": 0,
            "p(95)": 0,
            "avg": 0
        },
        "http_req_sending": {
            "avg": 0.2510319830954483,
            "min": 0.003,
            "med": 0.011,
            "max": 113.054,
            "p(90)": 0.042,
            "p(95)": 0.092
        },
        "http_req_receiving": {
            "avg": 0.07545996984275459,
            "min": 0.005,
            "med": 0.02,
            "max": 218.778,
            "p(90)": 0.089,
            "p(95)": 0.185
        },
        "iteration_duration": {
            "avg": 1030.4056032684487,
            "min": 1000.526792,
            "med": 1003.673083,
            "max": 5022.715584,
            "p(90)": 1038.483917,
            "p(95)": 1127.4674504
        },
        "http_req_blocked": {
            "med": 0.195,
            "max": 158.646,
            "p(90)": 0.524,
            "p(95)": 1.072,
            "avg": 0.8025427689277969,
            "min": 0.049
        },
        "checks": {
            "passes": 97489,
            "fails": 0,
            "value": 1
        },
        "http_req_waiting": {
            "p(90)": 35.22460000000003,
            "p(95)": 124.3323999999999,
            "avg": 28.717015991547935,
            "min": 0.315,
            "med": 2.998,
            "max": 4021.819
        }
    }
}