{
    "root_group": {
        "checks": {
            "status is 200": {
                "name": "status is 200",
                "path": "::status is 200",
                "id": "6210a8cd14cd70477eba5c5e4cb3fb5f",
                "passes": 87021,
                "fails": 112
            }
        },
        "name": "",
        "path": "",
        "id": "d41d8cd98f00b204e9800998ecf8427e",
        "groups": {}
    },
    "metrics": {
        "http_req_receiving": {
            "avg": 0.9038827883810122,
            "min": 0.005,
            "med": 0.022,
            "max": 3752.85,
            "p(90)": 0.173,
            "p(95)": 0.424
        },
        "http_req_blocked": {
            "avg": 3.391734279779167,
            "min": 0.053,
            "med": 0.234,
            "max": 488.014,
            "p(90)": 1.165,
            "p(95)": 4.093
        },
        "http_req_duration": {
            "max": 8391.806,
            "p(90)": 302.9852000000001,
            "p(95)": 1001.4387999999999,
            "avg": 146.5699771843048,
            "min": 0.368,
            "med": 4.522
        },
        "iteration_duration": {
            "p(90)": 1315.7207248,
            "p(95)": 2023.7510827999993,
            "avg": 1152.5737956272608,
            "min": 1000.530125,
            "med": 1005.404583,
            "max": 9402.764084
        },
        "iterations": {
            "count": 87133,
            "rate": 862.7710694154988
        },
        "http_req_connecting": {
            "med": 0.207,
            "max": 431.754,
            "p(90)": 0.95,
            "p(95)": 2.913799999999992,
            "avg": 3.025853970367182,
            "min": 0
        },
        "checks": {
            "passes": 87021,
            "fails": 112,
            "value": 0.99871460870164
        },
        "vus_max": {
            "value": 1000,
            "min": 1000,
            "max": 1000
        },
        "http_reqs": {
            "count": 87133,
            "rate": 862.7710694154988
        },
        "http_req_duration{expected_response:true}": {
            "med": 4.511,
            "max": 8391.806,
            "p(90)": 282.418,
            "p(95)": 975.748,
            "avg": 140.2171665804808,
            "min": 0.368
        },
        "http_req_tls_handshaking": {
            "max": 0,
            "p(90)": 0,
            "p(95)": 0,
            "avg": 0,
            "min": 0,
            "med": 0
        },
        "data_received": {
            "count": 9141483,
            "rate": 90516.8772331218
        },
        "http_req_sending": {
            "max": 1591.778,
            "p(90)": 0.107,
            "p(95)": 0.401,
            "avg": 0.4981232254139874,
            "min": 0.002,
            "med": 0.012
        },
        "http_req_failed": {
            "passes": 112,
            "fails": 87021,
            "value": 0.0012853912983599785
        },
        "http_req_waiting": {
            "avg": 145.16797117050973,
            "min": 0.339,
            "med": 4.408,
            "max": 8384.376,
            "p(90)": 297.86740000000026,
            "p(95)": 987.6053999999971
        },
        "vus": {
            "value": 63,
            "min": 63,
            "max": 1000
        },
        "data_sent": {
            "count": 6099450,
            "rate": 60395.361107116296
        }
    }
}