{
    "root_group": {
        "path": "",
        "id": "d41d8cd98f00b204e9800998ecf8427e",
        "groups": {},
        "checks": {
                "status is 200": {
                    "id": "6210a8cd14cd70477eba5c5e4cb3fb5f",
                    "passes": 98786,
                    "fails": 0,
                    "name": "status is 200",
                    "path": "::status is 200"
                }
            },
        "name": ""
    },
    "metrics": {
        "vus_max": {
            "value": 1000,
            "min": 1000,
            "max": 1000
        },
        "vus": {
            "value": 19,
            "min": 19,
            "max": 1000
        },
        "http_req_duration{expected_response:true}": {
            "med": 2.428,
            "max": 568.008,
            "p(90)": 29.471000000000014,
            "p(95)": 54.84974999999999,
            "avg": 12.27564142692273,
            "min": 0.146
        },
        "http_req_tls_handshaking": {
            "p(95)": 0,
            "avg": 0,
            "min": 0,
            "med": 0,
            "max": 0,
            "p(90)": 0
        },
        "http_req_connecting": {
            "min": 0,
            "med": 0,
            "max": 137.516,
            "p(90)": 0,
            "p(95)": 0,
            "avg": 0.8369047233413648
        },
        "http_req_duration": {
            "p(90)": 29.471000000000014,
            "p(95)": 54.84974999999999,
            "avg": 12.27564142692273,
            "min": 0.146,
            "med": 2.428,
            "max": 568.008
        },
        "http_req_blocked": {
            "avg": 0.872542657866249,
            "min": 0,
            "med": 0.002,
            "max": 186.698,
            "p(90)": 0.008,
            "p(95)": 0.017
        },
        "checks": {
            "passes": 98786,
            "fails": 0,
            "value": 1
        },
        "data_received": {
            "count": 10372530,
            "rate": 102726.36316301208
        },
        "http_reqs": {
            "rate": 978.3463158382102,
            "count": 98786
        },
        "http_req_waiting": {
            "avg": 12.040482811329593,
            "min": 0.134,
            "med": 2.3875,
            "max": 556.188,
            "p(90)": 29.02050000000002,
            "p(95)": 54.01749999999999
        },
        "http_req_sending": {
            "max": 167.39,
            "p(90)": 0.032,
            "p(95)": 0.117,
            "avg": 0.20748617212988596,
            "min": 0.001,
            "med": 0.005
        },
        "http_req_failed": {
            "fails": 98786,
            "passes": 0,
            "value": 0
        },
        "http_req_receiving": {
            "min": 0.003,
            "med": 0.009,
            "max": 98.222,
            "p(90)": 0.033,
            "p(95)": 0.048,
            "avg": 0.02767244346365181
        },
        "data_sent": {
            "rate": 68484.24210867472,
            "count": 6915020
        },
        "iteration_duration": {
            "avg": 1014.9606114770702,
            "min": 1000.21175,
            "med": 1002.9662705000001,
            "max": 1604.558042,
            "p(90)": 1034.9606255,
            "p(95)": 1065.3178859999998
        },
        "iterations": {
            "count": 98786,
            "rate": 978.3463158382102
        }
    }
}