{
    "metrics": {
        "http_req_waiting": {
            "avg": 74.42602490630692,
            "min": 0.319,
            "med": 4.464,
            "max": 4192.749,
            "p(90)": 124.73950000000004,
            "p(95)": 321.78329999999994
        },
        "data_received": {
            "count": 9805950,
            "rate": 97084.544000403
        },
        "http_req_connecting": {
            "p(90)": 0.72,
            "p(95)": 1.802,
            "avg": 0.7305017774922347,
            "min": 0.057,
            "med": 0.198,
            "max": 79.448
        },
        "iterations": {
            "count": 93390,
            "rate": 924.6147047657428
        },
        "http_req_duration{expected_response:true}": {
            "p(95)": 322.43409999999994,
            "avg": 74.72188323160856,
            "min": 0.363,
            "med": 4.578,
            "max": 4192.785,
            "p(90)": 125.54360000000005
        },
        "http_req_blocked": {
            "avg": 0.8495667630367256,
            "min": 0.066,
            "med": 0.226,
            "max": 97.867,
            "p(90)": 0.861,
            "p(95)": 2.223549999999996
        },
        "http_req_failed": {
            "passes": 0,
            "fails": 93390,
            "value": 0
        },
        "http_req_sending": {
            "avg": 0.14824808866044414,
            "min": 0.002,
            "med": 0.012,
            "max": 63.417,
            "p(90)": 0.077,
            "p(95)": 0.241
        },
        "http_req_receiving": {
            "avg": 0.14761023664204323,
            "min": 0.005,
            "med": 0.022,
            "max": 195.352,
            "p(90)": 0.134,
            "p(95)": 0.2905499999999958
        },
        "checks": {
            "passes": 93390,
            "fails": 0,
            "value": 1
        },
        "http_req_tls_handshaking": {
            "avg": 0,
            "min": 0,
            "med": 0,
            "max": 0,
            "p(90)": 0,
            "p(95)": 0
        },
        "http_req_duration": {
            "med": 4.578,
            "max": 4192.785,
            "p(90)": 125.54360000000005,
            "p(95)": 322.43409999999994,
            "avg": 74.72188323160856,
            "min": 0.363
        },
        "http_reqs": {
            "count": 93390,
            "rate": 924.6147047657428
        },
        "vus_max": {
            "value": 1000,
            "min": 1000,
            "max": 1000
        },
        "vus": {
            "value": 105,
            "min": 105,
            "max": 1000
        },
        "data_sent": {
            "count": 6537300,
            "rate": 64723.029333602
        },
        "iteration_duration": {
            "avg": 1076.5071803868525,
            "min": 1000.538,
            "med": 1005.591271,
            "max": 5197.079,
            "p(90)": 1129.2244994,
            "p(95)": 1327.9194790999998
        }
    },
    "root_group": {
        "name": "",
        "path": "",
        "id": "d41d8cd98f00b204e9800998ecf8427e",
        "groups": {},
        "checks": {
                "status is 200": {
                    "fails": 0,
                    "name": "status is 200",
                    "path": "::status is 200",
                    "id": "6210a8cd14cd70477eba5c5e4cb3fb5f",
                    "passes": 93390
                }
            }
    }
}