{
    "root_group": {
        "name": "",
        "path": "",
        "id": "d41d8cd98f00b204e9800998ecf8427e",
        "groups": {},
        "checks": {
                "status is 200": {
                    "name": "status is 200",
                    "path": "::status is 200",
                    "id": "6210a8cd14cd70477eba5c5e4cb3fb5f",
                    "passes": 97821,
                    "fails": 0
                }
            }
    },
    "metrics": {
        "http_req_sending": {
            "avg": 0.09168754152992219,
            "min": 0.003,
            "med": 0.011,
            "max": 99.945,
            "p(90)": 0.04,
            "p(95)": 0.08
        },
        "http_req_failed": {
            "passes": 0,
            "fails": 97821,
            "value": 0
        },
        "data_received": {
            "count": 10271205,
            "rate": 101744.68695262617
        },
        "http_req_duration": {
            "med": 3.122,
            "max": 4083.818,
            "p(90)": 35.646,
            "p(95)": 120.683,
            "avg": 24.827454984103927,
            "min": 0.357
        },
        "data_sent": {
            "count": 6847470,
            "rate": 67829.79130175078
        },
        "http_req_tls_handshaking": {
            "avg": 0,
            "min": 0,
            "med": 0,
            "max": 0,
            "p(90)": 0,
            "p(95)": 0
        },
        "iteration_duration": {
            "min": 1000.524334,
            "med": 1003.653833,
            "max": 5154.205708,
            "p(90)": 1038.963041,
            "p(95)": 1129.746458,
            "avg": 1026.2407544007087
        },
        "checks": {
            "passes": 97821,
            "fails": 0,
            "value": 1
        },
        "http_req_connecting": {
            "p(90)": 0.439,
            "p(95)": 0.786,
            "avg": 0.7152589934676631,
            "min": 0.041,
            "med": 0.172,
            "max": 141.956
        },
        "http_reqs": {
            "count": 97821,
            "rate": 968.9970185964397
        },
        "http_req_blocked": {
            "avg": 0.8199979043354542,
            "min": 0.049,
            "med": 0.194,
            "max": 181.195,
            "p(90)": 0.494,
            "p(95)": 0.898
        },
        "http_req_duration{expected_response:true}": {
            "max": 4083.818,
            "p(90)": 35.646,
            "p(95)": 120.683,
            "avg": 24.827454984103927,
            "min": 0.357,
            "med": 3.122
        },
        "http_req_waiting": {
            "min": 0.338,
            "med": 3.046,
            "max": 4059.243,
            "p(90)": 35.397,
            "p(95)": 119.888,
            "avg": 24.65410673577237
        },
        "vus": {
            "value": 3,
            "min": 3,
            "max": 1000
        },
        "iterations": {
            "count": 97821,
            "rate": 968.9970185964397
        },
        "http_req_receiving": {
            "med": 0.02,
            "max": 198.988,
            "p(90)": 0.089,
            "p(95)": 0.181,
            "avg": 0.08166070680120552,
            "min": 0.004
        },
        "vus_max": {
            "value": 1000,
            "min": 1000,
            "max": 1000
        }
    }
}