{
    "root_group": {
        "id": "d41d8cd98f00b204e9800998ecf8427e",
        "groups": {},
        "checks": {
                "status is 200": {
                    "name": "status is 200",
                    "path": "::status is 200",
                    "id": "6210a8cd14cd70477eba5c5e4cb3fb5f",
                    "passes": 96221,
                    "fails": 0
                }
            },
        "name": "",
        "path": ""
    },
    "metrics": {
        "http_req_failed": {
            "passes": 0,
            "fails": 96221,
            "value": 0
        },
        "http_req_blocked": {
            "min": 0,
            "med": 0.002,
            "max": 808.953,
            "p(90)": 0.014,
            "p(95)": 0.032,
            "avg": 0.8025124868789566
        },
        "http_req_waiting": {
            "avg": 24.073559067147567,
            "min": 0.178,
            "med": 3.434,
            "max": 840.67,
            "p(90)": 52.677,
            "p(95)": 110.626
        },
        "http_req_tls_handshaking": {
            "max": 0,
            "p(90)": 0,
            "p(95)": 0,
            "avg": 0,
            "min": 0,
            "med": 0
        },
        "http_req_duration": {
            "avg": 25.718904947984317,
            "min": 0.186,
            "med": 3.615,
            "max": 886.212,
            "p(90)": 58.738,
            "p(95)": 116.814
        },
        "checks": {
            "passes": 96221,
            "fails": 0,
            "value": 1
        },
        "iteration_duration": {
            "p(90)": 1096.158042,
            "p(95)": 1188.51325,
            "avg": 1040.3667726876433,
            "min": 1000.231083,
            "med": 1005.486583,
            "max": 2428.695125
        },
        "http_req_connecting": {
            "avg": 0.6226205506074548,
            "min": 0,
            "med": 0,
            "max": 116.656,
            "p(90)": 0,
            "p(95)": 0
        },
        "vus": {
            "value": 13,
            "min": 13,
            "max": 1000
        },
        "http_req_duration{expected_response:true}": {
            "max": 886.212,
            "p(90)": 58.738,
            "p(95)": 116.814,
            "avg": 25.718904947984317,
            "min": 0.186,
            "med": 3.615
        },
        "data_sent": {
            "count": 6735470,
            "rate": 66685.3022662035
        },
        "http_reqs": {
            "count": 96221,
            "rate": 952.6471752314784
        },
        "http_req_receiving": {
            "avg": 0.23731552363827801,
            "min": 0.003,
            "med": 0.01,
            "max": 522.573,
            "p(90)": 0.047,
            "p(95)": 0.096
        },
        "data_received": {
            "rate": 100027.95339930523,
            "count": 10103205
        },
        "iterations": {
            "count": 96221,
            "rate": 952.6471752314784
        },
        "http_req_sending": {
            "max": 509.984,
            "p(90)": 0.103,
            "p(95)": 0.817,
            "avg": 1.408030357198581,
            "min": 0.001,
            "med": 0.007
        },
        "vus_max": {
            "value": 1000,
            "min": 1000,
            "max": 1000
        }
    }
}