{
    "metrics": {
        "iteration_duration": {
            "min": 1000.539042,
            "med": 1004.487792,
            "max": 2120.642334,
            "p(90)": 1023.6152664,
            "p(95)": 1045.3719747999999,
            "avg": 1017.0337769024675
        },
        "http_req_blocked": {
            "p(95)": 1.9623999999999957,
            "avg": 0.6923742514666544,
            "min": 0.053,
            "med": 0.221,
            "max": 254.654,
            "p(90)": 0.886
        },
        "http_req_connecting": {
            "avg": 0.5740758716423631,
            "min": 0.043,
            "med": 0.194,
            "max": 45.407,
            "p(90)": 0.796,
            "p(95)": 1.764
        },
        "http_req_duration{expected_response:true}": {
            "avg": 15.825668841762031,
            "min": 0.3,
            "med": 3.629,
            "max": 1092.48,
            "p(90)": 21.713,
            "p(95)": 43.3794
        },
        "http_req_tls_handshaking": {
            "p(95)": 0,
            "avg": 0,
            "min": 0,
            "med": 0,
            "max": 0,
            "p(90)": 0
        },
        "http_req_sending": {
            "min": 0.003,
            "med": 0.013,
            "max": 256.054,
            "p(90)": 0.07,
            "p(95)": 0.225,
            "avg": 0.31184699016128825
        },
        "vus_max": {
            "value": 1000,
            "min": 1000,
            "max": 1000
        },
        "data_sent": {
            "count": 6908510,
            "rate": 68467.21420207269
        },
        "vus": {
            "value": 1000,
            "min": 1000,
            "max": 1000
        },
        "iterations": {
            "count": 98693,
            "rate": 978.1030600296098
        },
        "http_reqs": {
            "count": 98693,
            "rate": 978.1030600296098
        },
        "http_req_waiting": {
            "avg": 15.39226077837349,
            "min": 0.236,
            "med": 3.462,
            "max": 1091.439,
            "p(90)": 21.303200000000007,
            "p(95)": 42.47079999999999
        },
        "data_received": {
            "count": 10362765,
            "rate": 102700.82130310903
        },
        "checks": {
            "passes": 98693,
            "fails": 0,
            "value": 1
        },
        "http_req_receiving": {
            "med": 0.024,
            "max": 40.572,
            "p(90)": 0.166,
            "p(95)": 0.391,
            "avg": 0.12156107322708709,
            "min": 0.004
        },
        "http_req_failed": {
            "passes": 0,
            "fails": 98693,
            "value": 0
        },
        "http_req_duration": {
            "avg": 15.825668841762031,
            "min": 0.3,
            "med": 3.629,
            "max": 1092.48,
            "p(90)": 21.713,
            "p(95)": 43.3794
        }
    },
    "root_group": {
        "name": "",
        "path": "",
        "id": "d41d8cd98f00b204e9800998ecf8427e",
        "groups": {},
        "checks": {
                "status is 200": {
                    "name": "status is 200",
                    "path": "::status is 200",
                    "id": "6210a8cd14cd70477eba5c5e4cb3fb5f",
                    "passes": 98693,
                    "fails": 0
                }
            }
    }
}