{
    "metrics": {
        "http_req_blocked": {
            "avg": 0.06784842277356144,
            "min": 0,
            "med": 0.002,
            "max": 83.208,
            "p(90)": 0.009,
            "p(95)": 0.021
        },
        "http_reqs": {
            "count": 99098,
            "rate": 981.1112860954389
        },
        "http_req_receiving": {
            "avg": 0.1608441239983527,
            "min": 0.003,
            "med": 0.009,
            "max": 137.608,
            "p(90)": 0.033,
            "p(95)": 0.049
        },
        "http_req_failed": {
            "passes": 0,
            "fails": 99098,
            "value": 0
        },
        "http_req_duration": {
            "max": 164.134,
            "p(90)": 21.157,
            "p(95)": 44.24804999999997,
            "avg": 8.48471882379059,
            "min": 0.178,
            "med": 1.937
        },
        "http_req_duration{expected_response:true}": {
            "max": 164.134,
            "p(90)": 21.157,
            "p(95)": 44.24804999999997,
            "avg": 8.48471882379059,
            "min": 0.178,
            "med": 1.937
        },
        "iteration_duration": {
            "med": 1002.4969375000001,
            "max": 1192.951417,
            "p(90)": 1026.363067,
            "p(95)": 1061.7501937499999,
            "avg": 1010.4992087850322,
            "min": 1000.222083
        },
        "checks": {
            "passes": 99098,
            "fails": 0,
            "value": 1
        },
        "http_req_sending": {
            "avg": 0.24400691234961946,
            "min": 0.001,
            "med": 0.005,
            "max": 113.564,
            "p(90)": 0.038,
            "p(95)": 0.158
        },
        "http_req_waiting": {
            "max": 161.889,
            "p(90)": 20.121900000000004,
            "p(95)": 41.272899999999886,
            "avg": 8.079867787442764,
            "min": 0.168,
            "med": 1.891
        },
        "vus_max": {
            "value": 1000,
            "min": 1000,
            "max": 1000
        },
        "iterations": {
            "count": 99098,
            "rate": 981.1112860954389
        },
        "data_sent": {
            "count": 6936860,
            "rate": 68677.79002668073
        },
        "http_req_tls_handshaking": {
            "med": 0,
            "max": 0,
            "p(90)": 0,
            "p(95)": 0,
            "avg": 0,
            "min": 0
        },
        "vus": {
            "max": 1000,
            "value": 36,
            "min": 36
        },
        "data_received": {
            "count": 10405290,
            "rate": 103016.6850400211
        },
        "http_req_connecting": {
            "med": 0,
            "max": 35.789,
            "p(90)": 0,
            "p(95)": 0,
            "avg": 0.04442703182708021,
            "min": 0
        }
    },
    "root_group": {
        "checks": {
            "status is 200": {
                "name": "status is 200",
                "path": "::status is 200",
                "id": "6210a8cd14cd70477eba5c5e4cb3fb5f",
                "passes": 99098,
                "fails": 0
            }
        },
        "name": "",
        "path": "",
        "id": "d41d8cd98f00b204e9800998ecf8427e",
        "groups": {}
    }
}