{
    "root_group": {
        "path": "",
        "id": "d41d8cd98f00b204e9800998ecf8427e",
        "groups": {},
        "checks": {
                "status is 200": {
                    "path": "::status is 200",
                    "id": "6210a8cd14cd70477eba5c5e4cb3fb5f",
                    "passes": 99000,
                    "fails": 0,
                    "name": "status is 200"
                }
            },
        "name": ""
    },
    "metrics": {
        "data_received": {
            "count": 10395000,
            "rate": 103418.52907651989
        },
        "vus": {
            "value": 1000,
            "min": 1000,
            "max": 1000
        },
        "data_sent": {
            "count": 6930000,
            "rate": 68945.68605101327
        },
        "http_req_receiving": {
            "avg": 0.027692747474754226,
            "min": 0.003,
            "med": 0.008,
            "max": 92.928,
            "p(90)": 0.029,
            "p(95)": 0.044
        },
        "http_req_failed": {
            "passes": 0,
            "fails": 99000,
            "value": 0
        },
        "iteration_duration": {
            "max": 1321.707125,
            "p(90)": 1029.7074003,
            "p(95)": 1070.6023106999999,
            "avg": 1013.2859376164455,
            "min": 1000.217417,
            "med": 1002.852979
        },
        "http_reqs": {
            "count": 99000,
            "rate": 984.9383721573323
        },
        "http_req_tls_handshaking": {
            "p(90)": 0,
            "p(95)": 0,
            "avg": 0,
            "min": 0,
            "med": 0,
            "max": 0
        },
        "http_req_waiting": {
            "p(95)": 51.599149999999895,
            "avg": 9.140256535353574,
            "min": 0.16,
            "med": 2.217,
            "max": 175.413,
            "p(90)": 21.380300000000005
        },
        "iterations": {
            "rate": 984.9383721573323,
            "count": 99000
        },
        "checks": {
            "passes": 99000,
            "fails": 0,
            "value": 1
        },
        "vus_max": {
            "value": 1000,
            "min": 1000,
            "max": 1000
        },
        "http_req_connecting": {
            "avg": 1.1178085151515142,
            "min": 0,
            "med": 0,
            "max": 219.388,
            "p(90)": 0,
            "p(95)": 0
        },
        "http_req_sending": {
            "avg": 0.3844543434344382,
            "min": 0.001,
            "med": 0.004,
            "max": 136.281,
            "p(90)": 0.034,
            "p(95)": 0.175
        },
        "http_req_duration": {
            "med": 2.259,
            "max": 187.695,
            "p(90)": 22.191100000000002,
            "p(95)": 54.8691499999999,
            "avg": 9.5524036262625,
            "min": 0.171
        },
        "http_req_blocked": {
            "min": 0,
            "med": 0.001,
            "max": 219.447,
            "p(90)": 0.005,
            "p(95)": 0.012,
            "avg": 1.1826675757577656
        },
        "http_req_duration{expected_response:true}": {
            "avg": 9.5524036262625,
            "min": 0.171,
            "med": 2.259,
            "max": 187.695,
            "p(90)": 22.191100000000002,
            "p(95)": 54.8691499999999
        }
    }
}