{
    "root_group": {
        "name": "",
        "path": "",
        "id": "d41d8cd98f00b204e9800998ecf8427e",
        "groups": {},
        "checks": {
                "status is 200": {
                    "passes": 93928,
                    "fails": 0,
                    "name": "status is 200",
                    "path": "::status is 200",
                    "id": "6210a8cd14cd70477eba5c5e4cb3fb5f"
                }
            }
    },
    "metrics": {
        "iteration_duration": {
            "med": 1004.3089375,
            "max": 6945.954958,
            "p(90)": 1169.4048622999999,
            "p(95)": 1459.0366125999997,
            "avg": 1069.4612640648147,
            "min": 1000.514375
        },
        "http_req_sending": {
            "avg": 0.12478495230388557,
            "min": 0.003,
            "med": 0.012,
            "max": 136.392,
            "p(90)": 0.062,
            "p(95)": 0.21964999999999582
        },
        "vus_max": {
            "value": 1000,
            "min": 1000,
            "max": 1000
        },
        "http_req_failed": {
            "passes": 0,
            "fails": 93928,
            "value": 0
        },
        "iterations": {
            "count": 93928,
            "rate": 929.8581840543239
        },
        "http_req_duration": {
            "med": 3.488,
            "max": 5944.34,
            "p(90)": 165.1622,
            "p(95)": 448.26489999999757,
            "avg": 67.58006169619314,
            "min": 0.328
        },
        "http_req_duration{expected_response:true}": {
            "avg": 67.58006169619314,
            "min": 0.328,
            "med": 3.488,
            "max": 5944.34,
            "p(90)": 165.1622,
            "p(95)": 448.26489999999757
        },
        "data_received": {
            "count": 9862440,
            "rate": 97635.10932570402
        },
        "http_req_blocked": {
            "med": 0.198,
            "max": 191.234,
            "p(90)": 0.727,
            "p(95)": 1.8256499999999958,
            "avg": 0.9799946980665899,
            "min": 0.057
        },
        "http_req_receiving": {
            "med": 0.021,
            "max": 698.477,
            "p(90)": 0.123,
            "p(95)": 0.268,
            "avg": 0.16996764543055048,
            "min": 0.004
        },
        "http_req_connecting": {
            "p(95)": 1.381,
            "avg": 0.8542548334894888,
            "min": 0.041,
            "med": 0.172,
            "max": 191.158,
            "p(90)": 0.606
        },
        "http_req_waiting": {
            "p(90)": 164.10000000000005,
            "p(95)": 446.07874999999876,
            "avg": 67.2853090984593,
            "min": 0.265,
            "med": 3.385,
            "max": 5944.214
        },
        "checks": {
            "passes": 93928,
            "fails": 0,
            "value": 1
        },
        "data_sent": {
            "count": 6574960,
            "rate": 65090.07288380268
        },
        "http_reqs": {
            "count": 93928,
            "rate": 929.8581840543239
        },
        "vus": {
            "value": 114,
            "min": 114,
            "max": 1000
        },
        "http_req_tls_handshaking": {
            "med": 0,
            "max": 0,
            "p(90)": 0,
            "p(95)": 0,
            "avg": 0,
            "min": 0
        }
    }
}