{
    "root_group": {
        "path": "",
        "id": "d41d8cd98f00b204e9800998ecf8427e",
        "groups": {},
        "checks": {
                "status is 200": {
                    "passes": 97438,
                    "fails": 0,
                    "name": "status is 200",
                    "path": "::status is 200",
                    "id": "6210a8cd14cd70477eba5c5e4cb3fb5f"
                }
            },
        "name": ""
    },
    "metrics": {
        "iteration_duration": {
            "min": 1000.540333,
            "med": 1003.807833,
            "max": 5126.949292,
            "p(90)": 1034.516642,
            "p(95)": 1125.9059419499997,
            "avg": 1029.720593290614
        },
        "http_reqs": {
            "rate": 964.7207241027144,
            "count": 97438
        },
        "http_req_waiting": {
            "min": 0.277,
            "med": 3.099,
            "max": 4126.385,
            "p(90)": 31.540600000000005,
            "p(95)": 115.93499999999992,
            "avg": 27.861502206531192
        },
        "vus_max": {
            "value": 1000,
            "min": 1000,
            "max": 1000
        },
        "http_req_sending": {
            "avg": 0.10715410825344764,
            "min": 0.003,
            "med": 0.011,
            "max": 71.929,
            "p(90)": 0.046,
            "p(95)": 0.117
        },
        "http_req_duration{expected_response:true}": {
            "avg": 28.046887600320353,
            "min": 0.303,
            "med": 3.1755,
            "max": 4126.419,
            "p(90)": 31.950800000000015,
            "p(95)": 116.61099999999992
        },
        "data_sent": {
            "count": 6820660,
            "rate": 67530.45068719001
        },
        "http_req_blocked": {
            "min": 0.069,
            "med": 0.201,
            "max": 127.614,
            "p(90)": 0.561,
            "p(95)": 1.25,
            "avg": 1.0500049775241536
        },
        "http_req_connecting": {
            "avg": 0.9658771115991933,
            "min": 0.047,
            "med": 0.178,
            "max": 118.028,
            "p(90)": 0.489,
            "p(95)": 1.009
        },
        "iterations": {
            "count": 97438,
            "rate": 964.7207241027144
        },
        "http_req_duration": {
            "avg": 28.046887600320353,
            "min": 0.303,
            "med": 3.1755,
            "max": 4126.419,
            "p(90)": 31.950800000000015,
            "p(95)": 116.61099999999992
        },
        "http_req_receiving": {
            "avg": 0.0782312855354202,
            "min": 0.004,
            "med": 0.02,
            "max": 203.393,
            "p(90)": 0.093,
            "p(95)": 0.184
        },
        "http_req_failed": {
            "passes": 0,
            "fails": 97438,
            "value": 0
        },
        "http_req_tls_handshaking": {
            "med": 0,
            "max": 0,
            "p(90)": 0,
            "p(95)": 0,
            "avg": 0,
            "min": 0
        },
        "checks": {
            "fails": 0,
            "passes": 97438,
            "value": 1
        },
        "vus": {
            "value": 99,
            "min": 99,
            "max": 1000
        },
        "data_received": {
            "count": 10230990,
            "rate": 101295.676030785
        }
    }
}