{
    "root_group": {
        "groups": {},
        "checks": {
                "status is 200": {
                    "id": "6210a8cd14cd70477eba5c5e4cb3fb5f",
                    "passes": 97830,
                    "fails": 0,
                    "name": "status is 200",
                    "path": "::status is 200"
                }
            },
        "name": "",
        "path": "",
        "id": "d41d8cd98f00b204e9800998ecf8427e"
    },
    "metrics": {
        "http_req_blocked": {
            "p(90)": 0.515,
            "p(95)": 0.883,
            "avg": 0.49300885209036654,
            "min": 0.051,
            "med": 0.195,
            "max": 96.837
        },
        "http_req_connecting": {
            "max": 46.325,
            "p(90)": 0.464,
            "p(95)": 0.79,
            "avg": 0.4428045998160187,
            "min": 0.038,
            "med": 0.172
        },
        "vus_max": {
            "min": 1000,
            "max": 1000,
            "value": 1000
        },
        "data_sent": {
            "count": 6848100,
            "rate": 67808.08812926544
        },
        "iteration_duration": {
            "avg": 1027.374940518485,
            "min": 1000.532416,
            "med": 1003.962917,
            "max": 11304.084417,
            "p(90)": 1027.5375708000001,
            "p(95)": 1075.358442
        },
        "http_req_duration": {
            "avg": 26.318565981805136,
            "min": 0.342,
            "med": 3.2504999999999997,
            "max": 10301.698,
            "p(90)": 25.537,
            "p(95)": 69.37304999999995
        },
        "http_req_failed": {
            "passes": 0,
            "fails": 97830,
            "value": 0
        },
        "vus": {
            "value": 58,
            "min": 58,
            "max": 1000
        },
        "http_req_tls_handshaking": {
            "med": 0,
            "max": 0,
            "p(90)": 0,
            "p(95)": 0,
            "avg": 0,
            "min": 0
        },
        "iterations": {
            "count": 97830,
            "rate": 968.6869732752206
        },
        "http_reqs": {
            "rate": 968.6869732752206,
            "count": 97830
        },
        "checks": {
            "passes": 97830,
            "fails": 0,
            "value": 1
        },
        "http_req_duration{expected_response:true}": {
            "p(95)": 69.37304999999995,
            "avg": 26.318565981805136,
            "min": 0.342,
            "med": 3.2504999999999997,
            "max": 10301.698,
            "p(90)": 25.537
        },
        "http_req_receiving": {
            "med": 0.02,
            "max": 109.595,
            "p(90)": 0.099,
            "p(95)": 0.198,
            "avg": 0.08251524072370772,
            "min": 0.004
        },
        "http_req_sending": {
            "avg": 0.07481554737810887,
            "min": 0.002,
            "med": 0.011,
            "max": 81.407,
            "p(90)": 0.041,
            "p(95)": 0.083
        },
        "http_req_waiting": {
            "med": 3.163,
            "max": 10301.604,
            "p(90)": 25.089500000000008,
            "p(95)": 68.74519999999956,
            "avg": 26.161235193703657,
            "min": 0.252
        },
        "data_received": {
            "rate": 101712.13219389816,
            "count": 10272150
        }
    }
}