{
    "root_group": {
        "name": "",
        "path": "",
        "id": "d41d8cd98f00b204e9800998ecf8427e",
        "groups": {},
        "checks": {
                "status is 200": {
                    "fails": 0,
                    "name": "status is 200",
                    "path": "::status is 200",
                    "id": "6210a8cd14cd70477eba5c5e4cb3fb5f",
                    "passes": 99157
                }
            }
    },
    "metrics": {
        "http_req_waiting": {
            "p(95)": 39.928199999999954,
            "avg": 9.349373972588964,
            "min": 0.153,
            "med": 2.308,
            "max": 361.491,
            "p(90)": 23.962
        },
        "iterations": {
            "count": 99157,
            "rate": 981.7139551247113
        },
        "http_req_tls_handshaking": {
            "p(90)": 0,
            "p(95)": 0,
            "avg": 0,
            "min": 0,
            "med": 0,
            "max": 0
        },
        "http_req_failed": {
            "passes": 0,
            "fails": 99157,
            "value": 0
        },
        "http_req_connecting": {
            "max": 206.625,
            "p(90)": 0,
            "p(95)": 0,
            "avg": 0.6251294916143085,
            "min": 0,
            "med": 0
        },
        "http_req_receiving": {
            "min": 0.003,
            "med": 0.009,
            "max": 49.376,
            "p(90)": 0.031400000000002204,
            "p(95)": 0.048,
            "avg": 0.03276471656060631
        },
        "vus": {
            "value": 116,
            "min": 116,
            "max": 1000
        },
        "http_req_duration{expected_response:true}": {
            "max": 365.749,
            "p(90)": 25.1274,
            "p(95)": 42.30259999999996,
            "avg": 9.752146414272291,
            "min": 0.163,
            "med": 2.371
        },
        "http_reqs": {
            "count": 99157,
            "rate": 981.7139551247113
        },
        "iteration_duration": {
            "avg": 1012.2555999636818,
            "min": 1000.217041,
            "med": 1003.029208,
            "max": 1378.386541,
            "p(90)": 1030.1941078,
            "p(95)": 1048.91065
        },
        "data_sent": {
            "count": 6940990,
            "rate": 68719.97685872979
        },
        "data_received": {
            "count": 10411485,
            "rate": 103079.96528809468
        },
        "http_req_duration": {
            "avg": 9.752146414272291,
            "min": 0.163,
            "med": 2.371,
            "max": 365.749,
            "p(90)": 25.1274,
            "p(95)": 42.30259999999996
        },
        "vus_max": {
            "value": 1000,
            "min": 1000,
            "max": 1000
        },
        "http_req_blocked": {
            "max": 208.31,
            "p(90)": 0.007,
            "p(95)": 0.014,
            "avg": 0.679547797936544,
            "min": 0,
            "med": 0.002
        },
        "http_req_sending": {
            "med": 0.005,
            "max": 183.98,
            "p(90)": 0.036,
            "p(95)": 0.158,
            "avg": 0.37000772512300756,
            "min": 0.001
        },
        "checks": {
            "passes": 99157,
            "fails": 0,
            "value": 1
        }
    }
}