{
    "root_group": {
        "id": "d41d8cd98f00b204e9800998ecf8427e",
        "groups": {},
        "checks": {
                "status is 200": {
                    "id": "6210a8cd14cd70477eba5c5e4cb3fb5f",
                    "passes": 98744,
                    "fails": 0,
                    "name": "status is 200",
                    "path": "::status is 200"
                }
            },
        "name": "",
        "path": ""
    },
    "metrics": {
        "http_reqs": {
            "rate": 977.6565421003745,
            "count": 98744
        },
        "http_req_blocked": {
            "avg": 2.183518502390078,
            "min": 0.051,
            "med": 0.197,
            "max": 407.421,
            "p(90)": 0.538,
            "p(95)": 1.085
        },
        "http_req_tls_handshaking": {
            "med": 0,
            "max": 0,
            "p(90)": 0,
            "p(95)": 0,
            "avg": 0,
            "min": 0
        },
        "http_req_connecting": {
            "avg": 1.9904804848902353,
            "min": 0.044,
            "med": 0.174,
            "max": 387.851,
            "p(90)": 0.477,
            "p(95)": 0.952
        },
        "http_req_failed": {
            "passes": 0,
            "fails": 98744,
            "value": 0
        },
        "http_req_sending": {
            "p(90)": 0.041,
            "p(95)": 0.092,
            "avg": 0.08120132868833049,
            "min": 0.003,
            "med": 0.011,
            "max": 54.942
        },
        "http_req_receiving": {
            "med": 0.02,
            "max": 77.561,
            "p(90)": 0.095,
            "p(95)": 0.203,
            "avg": 0.11123763469173455,
            "min": 0.005
        },
        "data_received": {
            "rate": 102653.93692053932,
            "count": 10368120
        },
        "iteration_duration": {
            "avg": 1017.7294775470525,
            "min": 1000.524416,
            "med": 1003.594104,
            "max": 2410.26025,
            "p(90)": 1020.0326463,
            "p(95)": 1046.3237954999997
        },
        "iterations": {
            "count": 98744,
            "rate": 977.6565421003745
        },
        "checks": {
            "passes": 98744,
            "fails": 0,
            "value": 1
        },
        "data_sent": {
            "count": 6912080,
            "rate": 68435.95794702621
        },
        "http_req_duration": {
            "max": 1030.276,
            "p(90)": 18.417700000000004,
            "p(95)": 41.64679999999997,
            "avg": 14.98587512152629,
            "min": 0.364,
            "med": 2.975
        },
        "http_req_waiting": {
            "avg": 14.793436158146186,
            "min": 0.309,
            "med": 2.8914999999999997,
            "max": 1029.7,
            "p(90)": 18.036400000000004,
            "p(95)": 40.76309999999997
        },
        "vus_max": {
            "value": 1000,
            "min": 1000,
            "max": 1000
        },
        "vus": {
            "max": 1000,
            "value": 34,
            "min": 34
        },
        "http_req_duration{expected_response:true}": {
            "max": 1030.276,
            "p(90)": 18.417700000000004,
            "p(95)": 41.64679999999997,
            "avg": 14.98587512152629,
            "min": 0.364,
            "med": 2.975
        }
    }
}