{
    "root_group": {
        "groups": {},
        "checks": {
                "status is 200": {
                    "name": "status is 200",
                    "path": "::status is 200",
                    "id": "6210a8cd14cd70477eba5c5e4cb3fb5f",
                    "passes": 40745,
                    "fails": 72
                }
            },
        "name": "",
        "path": "",
        "id": "d41d8cd98f00b204e9800998ecf8427e"
    },
    "metrics": {
        "http_req_duration": {
            "avg": 1481.722812749573,
            "min": 86.504,
            "med": 1387.866,
            "max": 47941.03,
            "p(90)": 1880.2520000000002,
            "p(95)": 2110.5636
        },
        "http_req_tls_handshaking": {
            "avg": 0,
            "min": 0,
            "med": 0,
            "max": 0,
            "p(90)": 0,
            "p(95)": 0
        },
        "data_received": {
            "count": 4280817,
            "rate": 41738.89709088024
        },
        "iteration_duration": {
            "min": 1142.933208,
            "med": 2389.433541,
            "max": 49046.996625,
            "p(90)": 2883.1856664,
            "p(95)": 3115.1711751999997,
            "avg": 2484.6214333905646
        },
        "http_req_failed": {
            "passes": 72,
            "fails": 40745,
            "value": 0.001763970894480241
        },
        "iterations": {
            "count": 40817,
            "rate": 397.9746302069111
        },
        "http_req_sending": {
            "p(90)": 0.07,
            "p(95)": 0.147,
            "avg": 0.21379731484431672,
            "min": 0.003,
            "med": 0.021,
            "max": 39.808
        },
        "checks": {
            "passes": 40745,
            "fails": 72,
            "value": 0.9982360291055198
        },
        "http_req_blocked": {
            "avg": 2.1191598353627032,
            "min": 0.048,
            "med": 0.217,
            "max": 114.812,
            "p(90)": 0.626,
            "p(95)": 1.997999999999991
        },
        "http_reqs": {
            "count": 40817,
            "rate": 397.9746302069111
        },
        "http_req_duration{expected_response:true}": {
            "max": 47941.03,
            "p(90)": 1875.2688000000003,
            "p(95)": 2100.6675999999998,
            "avg": 1474.630237010661,
            "min": 86.504,
            "med": 1387.38
        },
        "vus_max": {
            "value": 1000,
            "min": 1000,
            "max": 1000
        },
        "data_sent": {
            "count": 3142909,
            "rate": 30644.046525932157
        },
        "http_req_waiting": {
            "avg": 1480.477172060672,
            "min": 75.679,
            "med": 1387.062,
            "max": 47940.453,
            "p(90)": 1877.988,
            "p(95)": 2109.8951999999995
        },
        "vus": {
            "value": 325,
            "min": 325,
            "max": 1000
        },
        "http_req_receiving": {
            "avg": 1.0318433740843256,
            "min": 0.007,
            "med": 0.059,
            "max": 429.037,
            "p(90)": 0.199,
            "p(95)": 0.4751999999999982
        },
        "http_req_connecting": {
            "p(90)": 0.518,
            "p(95)": 1.6121999999999983,
            "avg": 2.040915966386591,
            "min": 0.038,
            "med": 0.178,
            "max": 110.556
        }
    }
}