{
    "root_group": {
        "groups": {},
        "checks": {
                "status is 200": {
                    "name": "status is 200",
                    "path": "::status is 200",
                    "id": "6210a8cd14cd70477eba5c5e4cb3fb5f",
                    "passes": 50617,
                    "fails": 309
                }
            },
        "name": "",
        "path": "",
        "id": "d41d8cd98f00b204e9800998ecf8427e"
    },
    "metrics": {
        "http_req_tls_handshaking": {
            "p(95)": 0,
            "avg": 0,
            "min": 0,
            "med": 0,
            "max": 0,
            "p(90)": 0
        },
        "http_req_duration": {
            "avg": 973.111334504966,
            "min": 27.077,
            "med": 722.759,
            "max": 13787.652,
            "p(90)": 1963.8575,
            "p(95)": 2486.01975
        },
        "data_received": {
            "count": 5325909,
            "rate": 52341.33956906303
        },
        "http_req_duration{expected_response:true}": {
            "p(95)": 2375.9341999999992,
            "avg": 960.9763514234331,
            "min": 27.077,
            "med": 719.208,
            "max": 13787.652,
            "p(90)": 1869.0280000000002
        },
        "vus": {
            "max": 1000,
            "value": 497,
            "min": 497
        },
        "http_req_blocked": {
            "avg": 4.592375132545204,
            "min": 0.058,
            "med": 0.225,
            "max": 376.302,
            "p(90)": 0.62,
            "p(95)": 2.055749999999998
        },
        "http_req_failed": {
            "passes": 309,
            "fails": 50617,
            "value": 0.006067627537996308
        },
        "checks": {
            "passes": 50617,
            "fails": 309,
            "value": 0.9939323724620037
        },
        "http_req_receiving": {
            "p(90)": 0.139,
            "p(95)": 0.212,
            "avg": 0.22461720928406648,
            "min": 0.006,
            "med": 0.062,
            "max": 567.303
        },
        "iteration_duration": {
            "avg": 1978.797388029282,
            "min": 1027.80475,
            "med": 1724.618625,
            "max": 14793.129416,
            "p(90)": 2983.769729,
            "p(95)": 3492.31972925
        },
        "http_req_sending": {
            "max": 201.519,
            "p(90)": 0.072,
            "p(95)": 0.149,
            "avg": 0.6778805521736792,
            "min": 0.003,
            "med": 0.027
        },
        "http_req_waiting": {
            "max": 13785.319,
            "p(90)": 1956.5310000000009,
            "p(95)": 2485.498,
            "avg": 972.2088367435085,
            "min": 26.945,
            "med": 721.8185000000001
        },
        "data_sent": {
            "count": 3921302,
            "rate": 38537.30875515259
        },
        "iterations": {
            "rate": 500.48452928769603,
            "count": 50926
        },
        "http_req_connecting": {
            "min": 0.048,
            "med": 0.182,
            "max": 337.672,
            "p(90)": 0.478,
            "p(95)": 1.5907499999999977,
            "avg": 3.784286278129084
        },
        "vus_max": {
            "value": 1000,
            "min": 1000,
            "max": 1000
        },
        "http_reqs": {
            "count": 50926,
            "rate": 500.48452928769603
        }
    }
}