{
    "root_group": {
        "groups": {},
        "checks": {
                "status is 200": {
                    "id": "6210a8cd14cd70477eba5c5e4cb3fb5f",
                    "passes": 40693,
                    "fails": 436,
                    "name": "status is 200",
                    "path": "::status is 200"
                }
            },
        "name": "",
        "path": "",
        "id": "d41d8cd98f00b204e9800998ecf8427e"
    },
    "metrics": {
        "http_req_receiving": {
            "p(95)": 0.481,
            "avg": 1.2396139706776141,
            "min": 0,
            "med": 0.057,
            "max": 778.387,
            "p(90)": 0.193
        },
        "iterations": {
            "count": 41129,
            "rate": 402.5246119739176
        },
        "http_req_sending": {
            "avg": 0.4919449536822055,
            "min": 0.003,
            "med": 0.023,
            "max": 160.3,
            "p(90)": 0.071,
            "p(95)": 0.148
        },
        "http_reqs": {
            "count": 41129,
            "rate": 402.5246119739176
        },
        "http_req_duration{expected_response:true}": {
            "max": 13262.376,
            "p(90)": 2118.6626,
            "p(95)": 2585.3255999999997,
            "avg": 1394.0601614774,
            "min": 98.425,
            "med": 1203.33
        },
        "data_sent": {
            "count": 3166933,
            "rate": 30994.395121991656
        },
        "checks": {
            "passes": 40693,
            "fails": 436,
            "value": 0.9893992073719273
        },
        "http_req_connecting": {
            "avg": 3.5629811811616796,
            "min": 0.04,
            "med": 0.188,
            "max": 224.383,
            "p(90)": 0.566,
            "p(95)": 1.513599999999998
        },
        "iteration_duration": {
            "min": 1223.088167,
            "med": 2205.930625,
            "max": 16005.67975,
            "p(90)": 3220.0587666,
            "p(95)": 3692.762874599999,
            "avg": 2458.987236462983
        },
        "http_req_blocked": {
            "avg": 3.716816309659782,
            "min": 0.047,
            "med": 0.229,
            "max": 233.535,
            "p(90)": 0.685,
            "p(95)": 1.919
        },
        "data_received": {
            "count": 4284721,
            "rate": 41934.052808030734
        },
        "http_req_failed": {
            "passes": 436,
            "fails": 40693,
            "value": 0.010600792628072649
        },
        "vus_max": {
            "min": 1000,
            "max": 1000,
            "value": 1000
        },
        "http_req_waiting": {
            "max": 15003.669,
            "p(90)": 2214.0229999999997,
            "p(95)": 2687.5692,
            "avg": 1452.582126528725,
            "min": 74.486,
            "med": 1203.989
        },
        "vus": {
            "value": 145,
            "min": 145,
            "max": 1000
        },
        "http_req_tls_handshaking": {
            "avg": 0,
            "min": 0,
            "med": 0,
            "max": 0,
            "p(90)": 0,
            "p(95)": 0
        },
        "http_req_duration": {
            "avg": 1454.3136854530828,
            "min": 98.425,
            "med": 1204.465,
            "max": 15003.677,
            "p(90)": 2214.9050000000007,
            "p(95)": 2688.6977999999995
        }
    }
}