{
    "root_group": {
        "groups": {},
        "checks": {
                "status is 200": {
                    "id": "6210a8cd14cd70477eba5c5e4cb3fb5f",
                    "passes": 47144,
                    "fails": 1053,
                    "name": "status is 200",
                    "path": "::status is 200"
                }
            },
        "name": "",
        "path": "",
        "id": "d41d8cd98f00b204e9800998ecf8427e"
    },
    "metrics": {
        "data_sent": {
            "count": 3711246,
            "rate": 33979.67342671768
        },
        "http_reqs": {
            "count": 48197,
            "rate": 441.2853042206073
        },
        "http_req_tls_handshaking": {
            "min": 0,
            "med": 0,
            "max": 0,
            "p(90)": 0,
            "p(95)": 0,
            "avg": 0
        },
        "http_req_blocked": {
            "med": 0.199,
            "max": 164.988,
            "p(90)": 0.545,
            "p(95)": 1.23,
            "avg": 1.8536344170798795,
            "min": 0.049
        },
        "iterations": {
            "count": 48197,
            "rate": 441.2853042206073
        },
        "http_req_failed": {
            "passes": 1053,
            "fails": 47144,
            "value": 0.021847832852667178
        },
        "http_req_waiting": {
            "avg": 1109.1322051995019,
            "min": 3.116,
            "med": 301.155,
            "max": 60001.321,
            "p(90)": 1813.3576000000003,
            "p(95)": 4172.1251999999995
        },
        "vus": {
            "max": 1000,
            "value": 14,
            "min": 14
        },
        "data_received": {
            "count": 4956816,
            "rate": 45383.946231623835
        },
        "checks": {
            "passes": 47144,
            "fails": 1053,
            "value": 0.9781521671473328
        },
        "vus_max": {
            "value": 1000,
            "min": 1000,
            "max": 1000
        },
        "http_req_receiving": {
            "p(95)": 0.23519999999999786,
            "avg": 0.64518478328527,
            "min": 0,
            "med": 0.046,
            "max": 363.32,
            "p(90)": 0.127
        },
        "http_req_connecting": {
            "avg": 1.7828546590037,
            "min": 0,
            "med": 0.163,
            "max": 154.975,
            "p(90)": 0.468,
            "p(95)": 1.018
        },
        "http_req_duration": {
            "p(90)": 1813.4164000000003,
            "p(95)": 4176.646199999998,
            "avg": 1109.9371659854407,
            "min": 3.164,
            "med": 301.975,
            "max": 60001.391
        },
        "http_req_sending": {
            "p(95)": 0.126,
            "avg": 0.15977600265578618,
            "min": 0.003,
            "med": 0.02,
            "max": 25.755,
            "p(90)": 0.062
        },
        "http_req_duration{expected_response:true}": {
            "avg": 809.7373293738331,
            "min": 3.164,
            "med": 294.789,
            "max": 30408.889,
            "p(90)": 1593.4116,
            "p(95)": 3078.0531
        },
        "iteration_duration": {
            "avg": 2112.336423981192,
            "min": 1003.447167,
            "med": 1302.916375,
            "max": 61006.324834,
            "p(90)": 2815.3218998,
            "p(95)": 5182.791691799998
        }
    }
}