{
    "root_group": {
        "path": "",
        "id": "d41d8cd98f00b204e9800998ecf8427e",
        "groups": {},
        "checks": {
                "status is 200": {
                    "id": "6210a8cd14cd70477eba5c5e4cb3fb5f",
                    "passes": 34347,
                    "fails": 56,
                    "name": "status is 200",
                    "path": "::status is 200"
                }
            },
        "name": ""
    },
    "metrics": {
        "http_req_blocked": {
            "p(95)": 0.015,
            "avg": 2.188137168269535,
            "min": 0,
            "med": 0.003,
            "max": 142.86,
            "p(90)": 0.008
        },
        "data_received": {
            "count": 3610859,
            "rate": 35130.64044529763
        },
        "iterations": {
            "count": 34403,
            "rate": 334.7124391286323
        },
        "iteration_duration": {
            "med": 2923.114958,
            "max": 4277.20025,
            "p(90)": 3123.6064586,
            "p(95)": 3203.1481917,
            "avg": 2946.245489248208,
            "min": 1099.81775
        },
        "vus": {
            "value": 329,
            "min": 329,
            "max": 1000
        },
        "vus_max": {
            "min": 1000,
            "max": 1000,
            "value": 1000
        },
        "http_req_receiving": {
            "p(90)": 0.061,
            "p(95)": 0.079,
            "avg": 0.03783742696857674,
            "min": 0.006,
            "med": 0.024,
            "max": 17.699
        },
        "http_req_connecting": {
            "p(95)": 0,
            "avg": 1.6767950469435788,
            "min": 0,
            "med": 0,
            "max": 123.804,
            "p(90)": 0
        },
        "data_sent": {
            "rate": 25772.857812904687,
            "count": 2649031
        },
        "checks": {
            "passes": 34347,
            "fails": 56,
            "value": 0.9983722349795076
        },
        "http_req_duration": {
            "avg": 1943.6451044385635,
            "min": 40.429,
            "med": 1922.521,
            "max": 3160.52,
            "p(90)": 2122.8022,
            "p(95)": 2195.5042
        },
        "http_req_duration{expected_response:true}": {
            "min": 40.429,
            "med": 1922.387,
            "max": 3121.974,
            "p(90)": 2122.3106,
            "p(95)": 2182.1724999999997,
            "avg": 1941.7209021748597
        },
        "http_req_tls_handshaking": {
            "med": 0,
            "max": 0,
            "p(90)": 0,
            "p(95)": 0,
            "avg": 0,
            "min": 0
        },
        "http_req_waiting": {
            "avg": 1943.5090006104053,
            "min": 40.043,
            "med": 1922.456,
            "max": 3160.395,
            "p(90)": 2122.7246,
            "p(95)": 2195.2529
        },
        "http_reqs": {
            "count": 34403,
            "rate": 334.7124391286323
        },
        "http_req_failed": {
            "passes": 56,
            "fails": 34347,
            "value": 0.001627765020492399
        },
        "http_req_sending": {
            "max": 73.622,
            "p(90)": 0.022,
            "p(95)": 0.036,
            "avg": 0.09826640118595581,
            "min": 0.002,
            "med": 0.009
        }
    }
}