{
    "metrics": {
        "checks": {
            "passes": 40059,
            "fails": 616,
            "value": 0.9848555623847572
        },
        "data_sent": {
            "count": 3131975,
            "rate": 30402.451489987314
        },
        "iterations": {
            "count": 40675,
            "rate": 394.8370323374976
        },
        "vus_max": {
            "value": 1000,
            "min": 1000,
            "max": 1000
        },
        "data_received": {
            "count": 4226586,
            "rate": 41027.96983796471
        },
        "http_req_duration": {
            "avg": 1483.3348253226936,
            "min": 50.673,
            "med": 1277.666,
            "max": 59932.701,
            "p(90)": 1929.9652000000003,
            "p(95)": 2786.029
        },
        "vus": {
            "max": 1000,
            "value": 1,
            "min": 1
        },
        "iteration_duration": {
            "max": 61019.245084,
            "p(90)": 2951.488267000001,
            "p(95)": 3790.108962499999,
            "avg": 2487.3091700228274,
            "min": 1053.051875,
            "med": 2279.9325
        },
        "http_reqs": {
            "count": 40675,
            "rate": 394.8370323374976
        },
        "http_req_connecting": {
            "avg": 2.0185835771358365,
            "min": 0.043,
            "med": 0.194,
            "max": 136.873,
            "p(90)": 0.7006000000000009,
            "p(95)": 2.877
        },
        "http_req_receiving": {
            "p(95)": 0.422,
            "avg": 1.1591840196680863,
            "min": 0,
            "med": 0.057,
            "max": 1046.448,
            "p(90)": 0.196
        },
        "http_req_waiting": {
            "avg": 1481.862533275966,
            "min": 41.778,
            "med": 1276.482,
            "max": 59932.617,
            "p(90)": 1924.9558000000002,
            "p(95)": 2784.7116
        },
        "http_req_blocked": {
            "avg": 2.2470461708665987,
            "min": 0.049,
            "med": 0.236,
            "max": 204.744,
            "p(90)": 0.854,
            "p(95)": 3.742
        },
        "http_req_failed": {
            "fails": 40059,
            "passes": 616,
            "value": 0.015144437615242779
        },
        "http_req_tls_handshaking": {
            "avg": 0,
            "min": 0,
            "med": 0,
            "max": 0,
            "p(90)": 0,
            "p(95)": 0
        },
        "http_req_sending": {
            "min": 0.003,
            "med": 0.023,
            "max": 108.077,
            "p(90)": 0.078,
            "p(95)": 0.196,
            "avg": 0.3131080270436559
        },
        "http_req_duration{expected_response:true}": {
            "avg": 1379.971623530307,
            "min": 50.673,
            "med": 1271.131,
            "max": 52263.051,
            "p(90)": 1821.2296000000006,
            "p(95)": 2360.1810999999993
        }
    },
    "root_group": {
        "path": "",
        "id": "d41d8cd98f00b204e9800998ecf8427e",
        "groups": {},
        "checks": {
                "status is 200": {
                    "name": "status is 200",
                    "path": "::status is 200",
                    "id": "6210a8cd14cd70477eba5c5e4cb3fb5f",
                    "passes": 40059,
                    "fails": 616
                }
            },
        "name": ""
    }
}