{
    "root_group": {
        "name": "",
        "path": "",
        "id": "d41d8cd98f00b204e9800998ecf8427e",
        "groups": {},
        "checks": {
                "status is 200": {
                    "name": "status is 200",
                    "path": "::status is 200",
                    "id": "6210a8cd14cd70477eba5c5e4cb3fb5f",
                    "passes": 22088,
                    "fails": 7320
                }
            }
    },
    "metrics": {
        "http_req_tls_handshaking": {
            "p(90)": 0,
            "p(95)": 0,
            "avg": 0,
            "min": 0,
            "med": 0,
            "max": 0
        },
        "http_req_connecting": {
            "avg": 0.7620705930359106,
            "min": 0,
            "med": 0,
            "max": 163.815,
            "p(90)": 0,
            "p(95)": 0
        },
        "http_req_receiving": {
            "p(95)": 0.121,
            "avg": 0.12083820729053624,
            "min": 0.005,
            "med": 0.024,
            "max": 359.883,
            "p(90)": 0.08
        },
        "http_req_blocked": {
            "max": 311.063,
            "p(90)": 0.012,
            "p(95)": 0.037,
            "avg": 1.1310616498901356,
            "min": 0,
            "med": 0.003
        },
        "checks": {
            "passes": 22088,
            "fails": 7320,
            "value": 0.751088139281828
        },
        "data_received": {
            "count": 2897520,
            "rate": 27955.162255321055
        },
        "vus_max": {
            "value": 1000,
            "min": 1000,
            "max": 1000
        },
        "vus": {
            "value": 305,
            "min": 305,
            "max": 1000
        },
        "iterations": {
            "count": 29408,
            "rate": 283.7272604173506
        },
        "http_req_duration{expected_response:true}": {
            "max": 3208.963,
            "p(90)": 2862.8994,
            "p(95)": 2933.6927,
            "avg": 2256.6695189243046,
            "min": 157.232,
            "med": 2163.2835
        },
        "http_req_waiting": {
            "max": 3825.44,
            "p(90)": 3007.2833,
            "p(95)": 3061.0716999999995,
            "avg": 2455.5914057059267,
            "min": 129.869,
            "med": 2354.7264999999998
        },
        "iteration_duration": {
            "p(95)": 4085.3510853,
            "avg": 3460.339594602194,
            "min": 1189.111459,
            "med": 3355.369604,
            "max": 4834.714875,
            "p(90)": 4011.6285083
        },
        "data_sent": {
            "count": 2264416,
            "rate": 21846.999052135994
        },
        "http_reqs": {
            "count": 29408,
            "rate": 283.7272604173506
        },
        "http_req_failed": {
            "passes": 7320,
            "fails": 22088,
            "value": 0.24891186071817192
        },
        "http_req_duration": {
            "avg": 2456.429265812018,
            "min": 157.232,
            "med": 2354.772,
            "max": 3825.667,
            "p(90)": 3007.4318000000003,
            "p(95)": 3061.60985
        },
        "http_req_sending": {
            "avg": 0.7170218988032722,
            "min": 0.001,
            "med": 0.008,
            "max": 454.511,
            "p(90)": 0.031,
            "p(95)": 0.064
        }
    }
}