{
    "metrics": {
        "http_req_failed": {
            "passes": 824,
            "fails": 45967,
            "value": 0.0176102241884123
        },
        "http_req_receiving": {
            "p(95)": 0.32649999999999796,
            "avg": 0.7528688422987261,
            "min": 0,
            "med": 0.051,
            "max": 419.17,
            "p(90)": 0.165
        },
        "iteration_duration": {
            "max": 61002.868417,
            "p(90)": 3095.8381752,
            "p(95)": 5265.974462299999,
            "avg": 2128.8606742472807,
            "min": 1003.225083,
            "med": 1381.975375
        },
        "vus_max": {
            "min": 1000,
            "max": 1000,
            "value": 1000
        },
        "iterations": {
            "count": 46715,
            "rate": 373.864359497404
        },
        "http_req_connecting": {
            "p(95)": 1.415,
            "avg": 1.4493921480626635,
            "min": 0,
            "med": 0.19,
            "max": 159.422,
            "p(90)": 0.644
        },
        "http_req_waiting": {
            "avg": 1198.6565020837295,
            "min": 2.912,
            "med": 381.138,
            "max": 60001.961,
            "p(90)": 2131.561,
            "p(95)": 4307.235499999995
        },
        "vus": {
            "value": 76,
            "min": 76,
            "max": 1000
        },
        "http_req_blocked": {
            "avg": 1.7825182406873497,
            "min": 0.038,
            "med": 0.23,
            "max": 172.241,
            "p(90)": 0.76,
            "p(95)": 1.627
        },
        "http_req_tls_handshaking": {
            "avg": 0,
            "min": 0,
            "med": 0,
            "max": 0,
            "p(90)": 0,
            "p(95)": 0
        },
        "data_sent": {
            "count": 3602984,
            "rate": 28835.006003198003
        },
        "data_received": {
            "count": 4833912,
            "rate": 38686.23383809944
        },
        "http_req_duration{expected_response:true}": {
            "p(95)": 3326.1533999999997,
            "avg": 974.0558327930985,
            "min": 2.998,
            "med": 362.669,
            "max": 46820.896,
            "p(90)": 1805.6250000000002
        },
        "http_reqs": {
            "count": 46791,
            "rate": 374.47259435391265
        },
        "http_req_duration": {
            "p(95)": 4309.558499999996,
            "avg": 1200.2779112436203,
            "min": 2.998,
            "med": 382.28,
            "max": 60001.987,
            "p(90)": 2131.625
        },
        "http_req_sending": {
            "p(90)": 0.075,
            "p(95)": 0.161,
            "avg": 0.8685403175824127,
            "min": 0.003,
            "med": 0.022,
            "max": 145.684
        },
        "checks": {
            "passes": 45967,
            "fails": 824,
            "value": 0.9823897758115877
        }
    },
    "root_group": {
        "name": "",
        "path": "",
        "id": "d41d8cd98f00b204e9800998ecf8427e",
        "groups": {},
        "checks": {
                "status is 200": {
                    "path": "::status is 200",
                    "id": "6210a8cd14cd70477eba5c5e4cb3fb5f",
                    "passes": 45967,
                    "fails": 824,
                    "name": "status is 200"
                }
            }
    }
}