{
    "root_group": {
        "name": "",
        "path": "",
        "id": "d41d8cd98f00b204e9800998ecf8427e",
        "groups": {},
        "checks": {
                "status is 200": {
                    "name": "status is 200",
                    "path": "::status is 200",
                    "id": "6210a8cd14cd70477eba5c5e4cb3fb5f",
                    "passes": 35269,
                    "fails": 1420
                }
            }
    },
    "metrics": {
        "http_req_sending": {
            "p(90)": 0.098,
            "p(95)": 0.257,
            "avg": 0.17280184796533427,
            "min": 0.003,
            "med": 0.022,
            "max": 133.254
        },
        "vus": {
            "value": 15,
            "min": 15,
            "max": 1000
        },
        "http_req_connecting": {
            "avg": 0.8617917904549065,
            "min": 0.043,
            "med": 0.167,
            "max": 131.427,
            "p(90)": 0.566,
            "p(95)": 1.8685999999999985
        },
        "http_req_failed": {
            "passes": 1420,
            "fails": 35269,
            "value": 0.038703698656272996
        },
        "http_req_receiving": {
            "p(90)": 0.187,
            "p(95)": 0.40859999999999835,
            "avg": 1.2596915424241526,
            "min": 0,
            "med": 0.057,
            "max": 1070.989
        },
        "http_req_tls_handshaking": {
            "med": 0,
            "max": 0,
            "p(90)": 0,
            "p(95)": 0,
            "avg": 0,
            "min": 0
        },
        "data_received": {
            "count": 3719913,
            "rate": 29780.68414876408
        },
        "http_reqs": {
            "count": 36689,
            "rate": 293.7228695224876
        },
        "http_req_duration{expected_response:true}": {
            "avg": 1282.1087056338492,
            "min": 3.309,
            "med": 511.726,
            "max": 36069.289,
            "p(90)": 2699.4828,
            "p(95)": 4201.961399999999
        },
        "http_req_blocked": {
            "avg": 1.0756038322112758,
            "min": 0.061,
            "med": 0.211,
            "max": 160.566,
            "p(90)": 0.7592000000000009,
            "p(95)": 2.613
        },
        "vus_max": {
            "max": 1000,
            "value": 1000,
            "min": 1000
        },
        "iterations": {
            "count": 36689,
            "rate": 293.7228695224876
        },
        "http_req_duration": {
            "avg": 1760.2757372509425,
            "min": 3.309,
            "med": 599.389,
            "max": 60003.277,
            "p(90)": 3377.2524000000003,
            "p(95)": 7301.363999999995
        },
        "checks": {
            "passes": 35269,
            "fails": 1420,
            "value": 0.961296301343727
        },
        "data_sent": {
            "count": 2826208,
            "rate": 22625.907591578147
        },
        "http_req_waiting": {
            "min": 3.27,
            "med": 596.864,
            "max": 60003.268,
            "p(90)": 3375.9184000000005,
            "p(95)": 7299.077599999999,
            "avg": 1758.843243860566
        },
        "iteration_duration": {
            "avg": 2763.178245178093,
            "min": 1003.574959,
            "med": 1602.850667,
            "max": 61017.292209,
            "p(90)": 4380.383733600001,
            "p(95)": 8304.4622912
        }
    }
}