{
    "root_group": {
        "name": "",
        "path": "",
        "id": "d41d8cd98f00b204e9800998ecf8427e",
        "groups": {},
        "checks": {
                "status is 200": {
                    "fails": 825,
                    "name": "status is 200",
                    "path": "::status is 200",
                    "id": "6210a8cd14cd70477eba5c5e4cb3fb5f",
                    "passes": 36896
                }
            }
    },
    "metrics": {
        "http_req_receiving": {
            "min": 0,
            "med": 0.058,
            "max": 1442.847,
            "p(90)": 0.202,
            "p(95)": 0.441,
            "avg": 1.3294744571989068
        },
        "http_req_sending": {
            "max": 143.28,
            "p(90)": 0.076,
            "p(95)": 0.186,
            "avg": 0.7588810476921581,
            "min": 0.003,
            "med": 0.023
        },
        "iterations": {
            "count": 37706,
            "rate": 301.8426667874059
        },
        "http_req_blocked": {
            "avg": 5.072774449245774,
            "min": 0.051,
            "med": 0.23,
            "max": 332.907,
            "p(90)": 0.776,
            "p(95)": 3.19
        },
        "http_req_connecting": {
            "med": 0.19,
            "max": 332.858,
            "p(90)": 0.633,
            "p(95)": 2.471,
            "avg": 4.839264600620364,
            "min": 0.04
        },
        "http_req_tls_handshaking": {
            "min": 0,
            "med": 0,
            "max": 0,
            "p(90)": 0,
            "p(95)": 0,
            "avg": 0
        },
        "http_req_duration": {
            "p(95)": 2929.99,
            "avg": 1686.405721879066,
            "min": 114.797,
            "med": 1410.811,
            "max": 60001.068,
            "p(90)": 2230.695
        },
        "checks": {
            "passes": 36896,
            "fails": 825,
            "value": 0.9781288937196787
        },
        "vus_max": {
            "value": 1000,
            "min": 1000,
            "max": 1000
        },
        "data_received": {
            "count": 3897413,
            "rate": 31199.42538301342
        },
        "http_req_duration{expected_response:true}": {
            "p(90)": 2098.426,
            "p(95)": 2507.5905000000002,
            "avg": 1568.1439350065107,
            "min": 114.797,
            "med": 1403.191,
            "max": 29974.333
        },
        "http_req_waiting": {
            "avg": 1684.3173663741597,
            "min": 111.159,
            "med": 1409.928,
            "max": 59998.969,
            "p(90)": 2227.645,
            "p(95)": 2929.335
        },
        "vus": {
            "value": 15,
            "min": 15,
            "max": 1000
        },
        "iteration_duration": {
            "p(95)": 3927.3439269999976,
            "avg": 2669.933302358037,
            "min": 1262.202583,
            "med": 2414.7835625,
            "max": 30974.597625,
            "p(90)": 3234.065583
        },
        "data_sent": {
            "rate": 23251.131305610666,
            "count": 2904517
        },
        "http_reqs": {
            "count": 37721,
            "rate": 301.96274422870994
        },
        "http_req_failed": {
            "passes": 825,
            "fails": 36896,
            "value": 0.021871106280321306
        }
    }
}