{
    "root_group": {
        "name": "",
        "path": "",
        "id": "d41d8cd98f00b204e9800998ecf8427e",
        "groups": {},
        "checks": {
                "status is 200": {
                    "passes": 33463,
                    "fails": 75,
                    "name": "status is 200",
                    "path": "::status is 200",
                    "id": "6210a8cd14cd70477eba5c5e4cb3fb5f"
                }
            }
    },
    "metrics": {
        "http_req_failed": {
            "passes": 75,
            "fails": 33463,
            "value": 0.0022362693064583456
        },
        "http_req_connecting": {
            "avg": 0.8311967618820453,
            "min": 0,
            "med": 0,
            "max": 93.151,
            "p(90)": 0,
            "p(95)": 0
        },
        "http_req_sending": {
            "avg": 0.11701610113901763,
            "min": 0.002,
            "med": 0.01,
            "max": 43.858,
            "p(90)": 0.024,
            "p(95)": 0.038
        },
        "vus_max": {
            "value": 1000,
            "min": 1000,
            "max": 1000
        },
        "http_req_duration{expected_response:true}": {
            "p(95)": 2571.4592999999995,
            "avg": 2024.1112129516287,
            "min": 68.92,
            "med": 1958.77,
            "max": 3149.729,
            "p(90)": 2414.3468
        },
        "http_req_blocked": {
            "p(95)": 0.019,
            "avg": 0.8512473313858129,
            "min": 0,
            "med": 0.003,
            "max": 122.865,
            "p(90)": 0.009
        },
        "http_req_duration": {
            "med": 1959.0575,
            "max": 3237.108,
            "p(90)": 2417.5897,
            "p(95)": 2577.69125,
            "avg": 2026.6153023138036,
            "min": 68.92
        },
        "http_reqs": {
            "count": 33538,
            "rate": 325.06753792288225
        },
        "http_req_receiving": {
            "p(90)": 0.071,
            "p(95)": 0.093,
            "avg": 0.045319547975429794,
            "min": 0.006,
            "med": 0.028,
            "max": 39.707
        },
        "checks": {
            "passes": 33463,
            "fails": 75,
            "value": 0.9977637306935416
        },
        "data_sent": {
            "count": 2582426,
            "rate": 25030.20042006193
        },
        "vus": {
            "value": 86,
            "min": 86,
            "max": 1000
        },
        "data_received": {
            "rate": 34113.19107940548,
            "count": 3519540
        },
        "http_req_tls_handshaking": {
            "med": 0,
            "max": 0,
            "p(90)": 0,
            "p(95)": 0,
            "avg": 0,
            "min": 0
        },
        "iteration_duration": {
            "avg": 3027.9274374501447,
            "min": 1072.309958,
            "med": 2959.5436455,
            "max": 4253.938333,
            "p(90)": 3418.6428249,
            "p(95)": 3578.12041245
        },
        "iterations": {
            "count": 33538,
            "rate": 325.06753792288225
        },
        "http_req_waiting": {
            "min": 68.501,
            "med": 1958.993,
            "max": 3236.783,
            "p(90)": 2417.512,
            "p(95)": 2577.5002,
            "avg": 2026.4529666646717
        }
    }
}