{
    "root_group": {
        "groups": {},
        "checks": {
                "status is 200": {
                    "name": "status is 200",
                    "path": "::status is 200",
                    "id": "6210a8cd14cd70477eba5c5e4cb3fb5f",
                    "passes": 28909,
                    "fails": 2253
                }
            },
        "name": "",
        "path": "",
        "id": "d41d8cd98f00b204e9800998ecf8427e"
    },
    "metrics": {
        "http_req_tls_handshaking": {
            "med": 0,
            "max": 0,
            "p(90)": 0,
            "p(95)": 0,
            "avg": 0,
            "min": 0
        },
        "iterations": {
            "count": 31162,
            "rate": 300.6500406608871
        },
        "http_req_waiting": {
            "max": 3513.541,
            "p(90)": 2916.9065,
            "p(95)": 3002.176,
            "avg": 2255.1980693793794,
            "min": 67.327,
            "med": 2145.4175
        },
        "http_req_sending": {
            "med": 0.009,
            "max": 73.755,
            "p(90)": 0.029,
            "p(95)": 0.064,
            "avg": 0.22636454656310925,
            "min": 0.002
        },
        "http_req_duration": {
            "avg": 2255.467497176034,
            "min": 67.498,
            "med": 2145.6115,
            "max": 3513.633,
            "p(90)": 2917.4165,
            "p(95)": 3002.24085
        },
        "http_req_connecting": {
            "avg": 2.2138755535588217,
            "min": 0,
            "med": 0,
            "max": 128.37,
            "p(90)": 0,
            "p(95)": 0
        },
        "http_req_failed": {
            "passes": 2253,
            "fails": 28909,
            "value": 0.07229959566138246
        },
        "checks": {
            "passes": 28909,
            "fails": 2253,
            "value": 0.9277004043386176
        },
        "vus_max": {
            "value": 1000,
            "min": 1000,
            "max": 1000
        },
        "iteration_duration": {
            "min": 1096.998875,
            "med": 3147.3941045,
            "max": 4517.731583,
            "p(90)": 3918.8560337000004,
            "p(95)": 4002.3418458,
            "avg": 3258.1951661567
        },
        "http_req_receiving": {
            "avg": 0.04306325011231344,
            "min": 0.006,
            "med": 0.026,
            "max": 10.008,
            "p(90)": 0.08,
            "p(95)": 0.11194999999999862
        },
        "http_reqs": {
            "count": 31162,
            "rate": 300.6500406608871
        },
        "http_req_blocked": {
            "p(95)": 0.032,
            "avg": 2.2441479365884227,
            "min": 0,
            "med": 0.003,
            "max": 128.421,
            "p(90)": 0.011
        },
        "data_sent": {
            "count": 2399474,
            "rate": 23150.053130888307
        },
        "data_received": {
            "count": 3213432,
            "rate": 31003.095483633777
        },
        "vus": {
            "value": 83,
            "min": 83,
            "max": 1000
        },
        "http_req_duration{expected_response:true}": {
            "med": 2120.299,
            "max": 3513.633,
            "p(90)": 2724.8758000000003,
            "p(95)": 2848.1318,
            "avg": 2193.9845631464204,
            "min": 67.498
        }
    }
}