{
    "metrics": {
        "iteration_duration": {
            "max": 61006.999416,
            "p(90)": 4125.7238833,
            "p(95)": 8078.0494649,
            "avg": 2498.5977298099197,
            "min": 1003.566209,
            "med": 1508.0740415
        },
        "http_req_sending": {
            "min": 0.003,
            "med": 0.022,
            "max": 128.884,
            "p(90)": 0.082,
            "p(95)": 0.201,
            "avg": 0.37158448869223915
        },
        "checks": {
            "passes": 39461,
            "fails": 1219,
            "value": 0.9700344149459194
        },
        "http_req_blocked": {
            "avg": 3.4291292527039894,
            "min": 0.048,
            "med": 0.208,
            "max": 517.319,
            "p(90)": 0.7781000000000009,
            "p(95)": 3.3641999999999928
        },
        "vus_max": {
            "min": 1000,
            "max": 1000,
            "value": 1000
        },
        "http_req_tls_handshaking": {
            "avg": 0,
            "min": 0,
            "med": 0,
            "max": 0,
            "p(90)": 0,
            "p(95)": 0
        },
        "http_reqs": {
            "count": 40680,
            "rate": 325.6510375035521
        },
        "data_received": {
            "count": 4158306,
            "rate": 33288.02023493721
        },
        "http_req_duration": {
            "avg": 1493.5540714847511,
            "min": 3.248,
            "med": 503.775,
            "max": 59942.651,
            "p(90)": 3119.1728,
            "p(95)": 7076.591649999999
        },
        "iterations": {
            "count": 40680,
            "rate": 325.6510375035521
        },
        "http_req_duration{expected_response:true}": {
            "avg": 1127.6246238818053,
            "min": 3.248,
            "med": 472.064,
            "max": 46817.204,
            "p(90)": 2407.301,
            "p(95)": 4130.717
        },
        "http_req_connecting": {
            "max": 380.677,
            "p(90)": 0.614,
            "p(95)": 2.692,
            "avg": 3.220889823008826,
            "min": 0.04,
            "med": 0.167
        },
        "http_req_failed": {
            "fails": 39461,
            "passes": 1219,
            "value": 0.02996558505408063
        },
        "http_req_waiting": {
            "avg": 1491.9443715585055,
            "min": 3.219,
            "med": 502.3245,
            "max": 59942.509,
            "p(90)": 3118.2779,
            "p(95)": 7076.5278499999995
        },
        "http_req_receiving": {
            "avg": 1.2381154375614378,
            "min": 0,
            "med": 0.053,
            "max": 1371.915,
            "p(90)": 0.1811000000000009,
            "p(95)": 0.433
        },
        "vus": {
            "value": 7,
            "min": 7,
            "max": 1000
        },
        "data_sent": {
            "count": 3132514,
            "rate": 25076.36268668638
        }
    },
    "root_group": {
        "path": "",
        "id": "d41d8cd98f00b204e9800998ecf8427e",
        "groups": {},
        "checks": {
                "status is 200": {
                    "name": "status is 200",
                    "path": "::status is 200",
                    "id": "6210a8cd14cd70477eba5c5e4cb3fb5f",
                    "passes": 39461,
                    "fails": 1219
                }
            },
        "name": ""
    }
}