{
    "root_group": {
        "name": "",
        "path": "",
        "id": "d41d8cd98f00b204e9800998ecf8427e",
        "groups": {},
        "checks": {
                "status is 200": {
                    "id": "6210a8cd14cd70477eba5c5e4cb3fb5f",
                    "passes": 42813,
                    "fails": 1203,
                    "name": "status is 200",
                    "path": "::status is 200"
                }
            }
    },
    "metrics": {
        "vus_max": {
            "value": 1000,
            "min": 1000,
            "max": 1000
        },
        "data_received": {
            "count": 4505445,
            "rate": 36498.02553033015
        },
        "http_req_blocked": {
            "avg": 0.6575514131225033,
            "min": 0.066,
            "med": 0.215,
            "max": 92.37,
            "p(90)": 0.715,
            "p(95)": 1.8082499999999981
        },
        "http_req_sending": {
            "avg": 0.13010196292258003,
            "min": 0.002,
            "med": 0.02,
            "max": 72.854,
            "p(90)": 0.072,
            "p(95)": 0.159
        },
        "http_req_failed": {
            "passes": 1203,
            "fails": 42813,
            "value": 0.027330970556161394
        },
        "data_sent": {
            "rate": 27455.72880463793,
            "count": 3389232
        },
        "http_req_duration{expected_response:true}": {
            "max": 30747.046,
            "p(90)": 1777.5832000000003,
            "p(95)": 3316.866799999999,
            "avg": 907.7918918085574,
            "min": 3.131,
            "med": 358.898
        },
        "http_req_tls_handshaking": {
            "med": 0,
            "max": 0,
            "p(90)": 0,
            "p(95)": 0,
            "avg": 0,
            "min": 0
        },
        "vus": {
            "value": 1,
            "min": 1,
            "max": 1000
        },
        "http_reqs": {
            "count": 44016,
            "rate": 356.56790655373936
        },
        "http_req_receiving": {
            "avg": 0.8462782170119914,
            "min": 0,
            "med": 0.051,
            "max": 687.621,
            "p(90)": 0.167,
            "p(95)": 0.37
        },
        "checks": {
            "passes": 42813,
            "fails": 1203,
            "value": 0.9726690294438386
        },
        "iterations": {
            "count": 44016,
            "rate": 356.56790655373936
        },
        "http_req_duration": {
            "avg": 1317.058478144305,
            "min": 3.131,
            "med": 387.4285,
            "max": 60015.354,
            "p(90)": 2293.819,
            "p(95)": 7068.129999999999
        },
        "iteration_duration": {
            "min": 1003.357375,
            "med": 1388.4113755,
            "max": 61020.257708,
            "p(90)": 3294.3898545,
            "p(95)": 8074.55094825,
            "avg": 2318.780540982146
        },
        "http_req_connecting": {
            "p(90)": 0.588,
            "p(95)": 1.4854999999999963,
            "avg": 0.5318331743002562,
            "min": 0.048,
            "med": 0.176,
            "max": 37.851
        },
        "http_req_waiting": {
            "avg": 1316.082097964388,
            "min": 3.108,
            "med": 386.692,
            "max": 60015.325,
            "p(90)": 2293.65,
            "p(95)": 7067.641749999999
        }
    }
}