{
    "root_group": {
        "id": "d41d8cd98f00b204e9800998ecf8427e",
        "groups": {},
        "checks": {
                "status is 200": {
                    "name": "status is 200",
                    "path": "::status is 200",
                    "id": "6210a8cd14cd70477eba5c5e4cb3fb5f",
                    "passes": 32588,
                    "fails": 820
                }
            },
        "name": "",
        "path": ""
    },
    "metrics": {
        "http_req_duration{expected_response:true}": {
            "min": 124.511,
            "med": 1935.7445,
            "max": 3113.139,
            "p(90)": 2363.8828,
            "p(95)": 2523.67285,
            "avg": 2011.5643025653837
        },
        "http_req_duration": {
            "p(90)": 2414.4158,
            "p(95)": 2770.06995,
            "avg": 2036.0619540230095,
            "min": 124.511,
            "med": 1940.1599999999999,
            "max": 3163.02
        },
        "http_req_blocked": {
            "avg": 4.147578544058884,
            "min": 0,
            "med": 0.003,
            "max": 231.947,
            "p(90)": 0.009,
            "p(95)": 0.02
        },
        "iterations": {
            "count": 33408,
            "rate": 323.8539362910442
        },
        "data_sent": {
            "count": 2572416,
            "rate": 24936.7530944104
        },
        "http_req_tls_handshaking": {
            "med": 0,
            "max": 0,
            "p(90)": 0,
            "p(95)": 0,
            "avg": 0,
            "min": 0
        },
        "http_req_sending": {
            "p(95)": 0.047,
            "avg": 0.3249927861590919,
            "min": 0.001,
            "med": 0.009,
            "max": 132.699,
            "p(90)": 0.026
        },
        "http_req_failed": {
            "passes": 820,
            "fails": 32588,
            "value": 0.02454501915708812
        },
        "data_received": {
            "count": 3486520,
            "rate": 33797.989282730225
        },
        "http_req_receiving": {
            "p(95)": 0.094,
            "avg": 0.04810928520114639,
            "min": 0.006,
            "med": 0.025,
            "max": 43.937,
            "p(90)": 0.06830000000000075
        },
        "http_req_waiting": {
            "med": 1940.046,
            "max": 3162.668,
            "p(90)": 2414.2477,
            "p(95)": 2769.84305,
            "avg": 2035.6888519515992,
            "min": 99.22
        },
        "http_reqs": {
            "rate": 323.8539362910442,
            "count": 33408
        },
        "http_req_connecting": {
            "avg": 4.083823694923371,
            "min": 0,
            "med": 0,
            "max": 230.881,
            "p(90)": 0,
            "p(95)": 0
        },
        "vus": {
            "value": 83,
            "min": 83,
            "max": 1000
        },
        "vus_max": {
            "value": 1000,
            "min": 1000,
            "max": 1000
        },
        "checks": {
            "passes": 32588,
            "fails": 820,
            "value": 0.9754549808429118
        },
        "iteration_duration": {
            "avg": 3040.908677613715,
            "min": 1209.491583,
            "med": 2940.866792,
            "max": 4243.057166,
            "p(90)": 3418.2526458,
            "p(95)": 3778.2753671
        }
    }
}