{
    "metrics": {
        "iterations": {
            "count": 35927,
            "rate": 352.20444425404185
        },
        "http_req_receiving": {
            "avg": 0.5458046872825456,
            "min": 0,
            "med": 0.066,
            "max": 786.51,
            "p(90)": 0.199,
            "p(95)": 0.409
        },
        "vus_max": {
            "value": 1000,
            "min": 1000,
            "max": 1000
        },
        "http_req_blocked": {
            "avg": 1.0681312940128536,
            "min": 0.052,
            "med": 0.232,
            "max": 278.078,
            "p(90)": 1.004,
            "p(95)": 3.476
        },
        "http_req_tls_handshaking": {
            "max": 0,
            "p(90)": 0,
            "p(95)": 0,
            "avg": 0,
            "min": 0,
            "med": 0
        },
        "http_req_duration{expected_response:true}": {
            "avg": 1755.013639840003,
            "min": 48.35,
            "med": 1598.527,
            "max": 8646.16,
            "p(90)": 2614.446,
            "p(95)": 2889.169
        },
        "http_req_connecting": {
            "p(95)": 2.7866999999999984,
            "avg": 0.8432474462103664,
            "min": 0.04,
            "med": 0.188,
            "max": 60.136,
            "p(90)": 0.743
        },
        "http_req_waiting": {
            "avg": 1801.8191028752708,
            "min": 17.38,
            "med": 1604.613,
            "max": 15002.079,
            "p(90)": 2716.5932000000003,
            "p(95)": 2964.6786
        },
        "iteration_duration": {
            "avg": 2806.339825572591,
            "min": 1067.710834,
            "med": 2606.045709,
            "max": 16005.28175,
            "p(90)": 3719.8350672,
            "p(95)": 3968.0013124
        },
        "data_received": {
            "rate": 36512.27899666192,
            "count": 3724475
        },
        "checks": {
            "passes": 35251,
            "fails": 676,
            "value": 0.9811840676928215
        },
        "http_req_failed": {
            "passes": 676,
            "fails": 35251,
            "value": 0.018815932307178446
        },
        "http_req_sending": {
            "max": 269.453,
            "p(90)": 0.096,
            "p(95)": 0.26069999999999843,
            "avg": 1.1550717566175874,
            "min": 0.003,
            "med": 0.024
        },
        "http_reqs": {
            "count": 35927,
            "rate": 352.20444425404185
        },
        "data_sent": {
            "count": 2766379,
            "rate": 27119.742207561223
        },
        "http_req_duration": {
            "avg": 1803.5199793191732,
            "min": 48.35,
            "med": 1605.001,
            "max": 15002.172,
            "p(90)": 2717.254,
            "p(95)": 2965.4873999999995
        },
        "vus": {
            "max": 1000,
            "value": 47,
            "min": 47
        }
    },
    "root_group": {
        "name": "",
        "path": "",
        "id": "d41d8cd98f00b204e9800998ecf8427e",
        "groups": {},
        "checks": {
                "status is 200": {
                    "name": "status is 200",
                    "path": "::status is 200",
                    "id": "6210a8cd14cd70477eba5c5e4cb3fb5f",
                    "passes": 35251,
                    "fails": 676
                }
            }
    }
}