{
    "metrics": {
        "http_req_waiting": {
            "avg": 1557.4336230667766,
            "min": 27.415,
            "med": 1365.603,
            "max": 15010.526,
            "p(90)": 2493.2559,
            "p(95)": 2973.1325499999994
        },
        "vus_max": {
            "min": 1000,
            "max": 1000,
            "value": 1000
        },
        "http_req_duration{expected_response:true}": {
            "med": 1333.093,
            "max": 11494.488,
            "p(90)": 2328.479,
            "p(95)": 2814.202,
            "avg": 1493.768464750151,
            "min": 73.919
        },
        "http_req_duration": {
            "p(90)": 2494.8158,
            "p(95)": 2974.52625,
            "avg": 1558.4485361543684,
            "min": 73.919,
            "med": 1366.2694999999999,
            "max": 15011.243
        },
        "http_reqs": {
            "rate": 385.46025392880773,
            "count": 39442
        },
        "vus": {
            "value": 85,
            "min": 85,
            "max": 1000
        },
        "http_req_tls_handshaking": {
            "med": 0,
            "max": 0,
            "p(90)": 0,
            "p(95)": 0,
            "avg": 0,
            "min": 0
        },
        "http_req_receiving": {
            "min": 0,
            "med": 0.056,
            "max": 882.044,
            "p(90)": 0.164,
            "p(95)": 0.293,
            "avg": 0.5728527965113283
        },
        "iteration_duration": {
            "avg": 2561.73121126727,
            "min": 1097.666041,
            "med": 2368.647417,
            "max": 16169.716542,
            "p(90)": 3496.2805708,
            "p(95)": 3978.5730794499996
        },
        "http_req_failed": {
            "fails": 38681,
            "passes": 761,
            "value": 0.019294153440494902
        },
        "data_received": {
            "count": 4085963,
            "rate": 39931.45214552287
        },
        "http_req_blocked": {
            "avg": 2.3398268596926917,
            "min": 0.057,
            "med": 0.221,
            "max": 131.192,
            "p(90)": 0.6429000000000009,
            "p(95)": 2.1468999999999965
        },
        "checks": {
            "passes": 38681,
            "fails": 761,
            "value": 0.9807058465595051
        },
        "data_sent": {
            "rate": 29680.439552518194,
            "count": 3037034
        },
        "http_req_connecting": {
            "p(90)": 0.533,
            "p(95)": 1.6879499999999983,
            "avg": 2.227036103645898,
            "min": 0.04,
            "med": 0.181,
            "max": 130.995
        },
        "http_req_sending": {
            "med": 0.022,
            "max": 104.898,
            "p(90)": 0.074,
            "p(95)": 0.171,
            "avg": 0.4420602910602723,
            "min": 0.003
        },
        "iterations": {
            "count": 39442,
            "rate": 385.46025392880773
        }
    },
    "root_group": {
        "id": "d41d8cd98f00b204e9800998ecf8427e",
        "groups": {},
        "checks": {
                "status is 200": {
                    "name": "status is 200",
                    "path": "::status is 200",
                    "id": "6210a8cd14cd70477eba5c5e4cb3fb5f",
                    "passes": 38681,
                    "fails": 761
                }
            },
        "name": "",
        "path": ""
    }
}