{
    "root_group": {
        "checks": {
            "status is 200": {
                "path": "::status is 200",
                "id": "6210a8cd14cd70477eba5c5e4cb3fb5f",
                "passes": 46112,
                "fails": 57,
                "name": "status is 200"
            }
        },
        "name": "",
        "path": "",
        "id": "d41d8cd98f00b204e9800998ecf8427e",
        "groups": {}
    },
    "metrics": {
        "http_req_tls_handshaking": {
            "max": 0,
            "p(90)": 0,
            "p(95)": 0,
            "avg": 0,
            "min": 0,
            "med": 0
        },
        "http_req_sending": {
            "min": 0.003,
            "med": 0.025,
            "max": 268.516,
            "p(90)": 0.066,
            "p(95)": 0.11459999999999795,
            "avg": 1.588131950009818
        },
        "data_received": {
            "count": 4843816,
            "rate": 47450.52756626737
        },
        "http_req_connecting": {
            "p(95)": 1.216,
            "avg": 0.9300553618228641,
            "min": 0.041,
            "med": 0.177,
            "max": 99.648,
            "p(90)": 0.437
        },
        "http_req_failed": {
            "passes": 57,
            "fails": 46112,
            "value": 0.0012345946414260651
        },
        "http_reqs": {
            "count": 46169,
            "rate": 452.2763472450229
        },
        "vus_max": {
            "value": 1000,
            "min": 1000,
            "max": 1000
        },
        "iteration_duration": {
            "avg": 2187.7337834576374,
            "min": 1054.694292,
            "med": 2098.836958,
            "max": 6064.286167,
            "p(90)": 2591.8394666,
            "p(95)": 2878.9303577999995
        },
        "http_req_duration{expected_response:true}": {
            "avg": 1182.5703386320329,
            "min": 26.941,
            "med": 1097.583,
            "max": 4896.862,
            "p(90)": 1588.7613999999999,
            "p(95)": 1853.5645499999998
        },
        "http_req_duration": {
            "p(90)": 1590.2692000000002,
            "p(95)": 1873.9777999999997,
            "avg": 1185.791766813235,
            "min": 26.941,
            "med": 1097.822,
            "max": 4991.371
        },
        "http_req_waiting": {
            "avg": 1183.9758009486823,
            "min": 26.518,
            "med": 1097.386,
            "max": 4989.192,
            "p(90)": 1589.1362,
            "p(95)": 1860.6685999999993
        },
        "data_sent": {
            "count": 3555013,
            "rate": 34825.27873786676
        },
        "iterations": {
            "count": 46169,
            "rate": 452.2763472450229
        },
        "checks": {
            "passes": 46112,
            "fails": 57,
            "value": 0.9987654053585739
        },
        "vus": {
            "value": 110,
            "min": 110,
            "max": 1000
        },
        "http_req_receiving": {
            "med": 0.062,
            "max": 386.831,
            "p(90)": 0.148,
            "p(95)": 0.242,
            "avg": 0.22783391453139823,
            "min": 0.006
        },
        "http_req_blocked": {
            "p(90)": 0.539,
            "p(95)": 1.52,
            "avg": 1.2185858476466944,
            "min": 0.058,
            "med": 0.218,
            "max": 344.839
        }
    }
}