{
    "root_group": {
        "name": "",
        "path": "",
        "id": "d41d8cd98f00b204e9800998ecf8427e",
        "groups": {},
        "checks": {
                "status is 200": {
                    "name": "status is 200",
                    "path": "::status is 200",
                    "id": "6210a8cd14cd70477eba5c5e4cb3fb5f",
                    "passes": 30298,
                    "fails": 2106
                }
            }
    },
    "metrics": {
        "http_req_blocked": {
            "p(90)": 0.011,
            "p(95)": 0.026,
            "avg": 1.238565547462165,
            "min": 0,
            "med": 0.003,
            "max": 118.514
        },
        "checks": {
            "passes": 30298,
            "fails": 2106,
            "value": 0.9350080237007777
        },
        "http_req_sending": {
            "med": 0.011,
            "max": 76.234,
            "p(90)": 0.028,
            "p(95)": 0.051,
            "avg": 0.17614168003949784,
            "min": 0.002
        },
        "http_req_duration": {
            "avg": 2139.9517419454305,
            "min": 107.238,
            "med": 1998.8695,
            "max": 3214.569,
            "p(90)": 2839.7164000000002,
            "p(95)": 3001.55955
        },
        "http_req_failed": {
            "passes": 2106,
            "fails": 30298,
            "value": 0.06499197629922232
        },
        "vus": {
            "min": 200,
            "max": 1000,
            "value": 200
        },
        "vus_max": {
            "value": 1000,
            "min": 1000,
            "max": 1000
        },
        "http_req_tls_handshaking": {
            "p(90)": 0,
            "p(95)": 0,
            "avg": 0,
            "min": 0,
            "med": 0,
            "max": 0
        },
        "http_req_receiving": {
            "avg": 0.04969482162695732,
            "min": 0.006,
            "med": 0.03,
            "max": 23.277,
            "p(90)": 0.08,
            "p(95)": 0.11
        },
        "http_reqs": {
            "count": 32404,
            "rate": 313.1004881155832
        },
        "http_req_connecting": {
            "avg": 1.2095316936180716,
            "min": 0,
            "med": 0,
            "max": 112.084,
            "p(90)": 0,
            "p(95)": 0
        },
        "http_req_duration{expected_response:true}": {
            "p(95)": 2802.78435,
            "avg": 2079.3321688560172,
            "min": 107.238,
            "med": 1971.8255,
            "max": 3089.302,
            "p(90)": 2594.5371
        },
        "data_received": {
            "count": 3347664,
            "rate": 32346.476745061278
        },
        "data_sent": {
            "count": 2495108,
            "rate": 24108.737584899904
        },
        "iteration_duration": {
            "avg": 3141.8122042201962,
            "min": 1119.027833,
            "med": 3000.4354165,
            "max": 4215.866709,
            "p(90)": 3841.5121543,
            "p(95)": 4001.99280005
        },
        "iterations": {
            "count": 32404,
            "rate": 313.1004881155832
        },
        "http_req_waiting": {
            "avg": 2139.7259054437764,
            "min": 95.251,
            "med": 1998.775,
            "max": 3214.383,
            "p(90)": 2839.6637,
            "p(95)": 3001.4867
        }
    }
}