{
    "metrics": {
        "http_req_receiving": {
            "min": 0,
            "med": 0.045,
            "max": 388.875,
            "p(90)": 0.133,
            "p(95)": 0.233,
            "avg": 0.7100504203520466
        },
        "checks": {
            "passes": 44596,
            "fails": 1080,
            "value": 0.9763551974778877
        },
        "iteration_duration": {
            "p(90)": 2871.2612085,
            "p(95)": 5368.9044065,
            "avg": 2222.7598829841936,
            "min": 1003.578875,
            "med": 1324.049334,
            "max": 61011.438458
        },
        "http_req_duration{expected_response:true}": {
            "med": 308.8655,
            "max": 30165.074,
            "p(90)": 1603.0565000000006,
            "p(95)": 3167.2754999999997,
            "avg": 869.4013527446403,
            "min": 3.267
        },
        "vus_max": {
            "value": 1000,
            "min": 1000,
            "max": 1000
        },
        "http_req_sending": {
            "avg": 0.12468164900605375,
            "min": 0.003,
            "med": 0.018,
            "max": 64.991,
            "p(90)": 0.061,
            "p(95)": 0.121
        },
        "http_req_tls_handshaking": {
            "med": 0,
            "max": 0,
            "p(90)": 0,
            "p(95)": 0,
            "avg": 0,
            "min": 0
        },
        "http_req_failed": {
            "passes": 1080,
            "fails": 44596,
            "value": 0.02364480252211227
        },
        "http_req_connecting": {
            "p(90)": 0.411,
            "p(95)": 0.994,
            "avg": 1.6901668272177652,
            "min": 0.045,
            "med": 0.157,
            "max": 163.963
        },
        "iterations": {
            "count": 45676,
            "rate": 397.24321073816685
        },
        "http_req_duration": {
            "avg": 1220.344112444153,
            "min": 3.267,
            "med": 322.241,
            "max": 60006.232,
            "p(90)": 1870.5345000000004,
            "p(95)": 4367.927749999999
        },
        "data_sent": {
            "count": 3517052,
            "rate": 30587.727226838848
        },
        "data_received": {
            "count": 4691472,
            "rate": 40801.63325090221
        },
        "http_req_blocked": {
            "p(90)": 0.499,
            "p(95)": 1.266,
            "avg": 1.7695755976880296,
            "min": 0.061,
            "med": 0.192,
            "max": 171.478
        },
        "http_req_waiting": {
            "p(90)": 1870.0170000000003,
            "p(95)": 4367.821749999998,
            "avg": 1219.5093803748236,
            "min": 3.226,
            "med": 321.423,
            "max": 60006.221
        },
        "http_reqs": {
            "count": 45676,
            "rate": 397.24321073816685
        },
        "vus": {
            "value": 1,
            "min": 1,
            "max": 1000
        }
    },
    "root_group": {
        "groups": {},
        "checks": {
                "status is 200": {
                    "name": "status is 200",
                    "path": "::status is 200",
                    "id": "6210a8cd14cd70477eba5c5e4cb3fb5f",
                    "passes": 44596,
                    "fails": 1080
                }
            },
        "name": "",
        "path": "",
        "id": "d41d8cd98f00b204e9800998ecf8427e"
    }
}