{
    "metrics": {
        "http_req_duration": {
            "max": 60001.552,
            "p(90)": 2774.384,
            "p(95)": 5474.217399999999,
            "avg": 1290.9950722872597,
            "min": 3.282,
            "med": 371.204
        },
        "http_req_sending": {
            "min": 0.003,
            "med": 0.02,
            "max": 40.619,
            "p(90)": 0.068,
            "p(95)": 0.187,
            "avg": 0.2506248505762681
        },
        "data_sent": {
            "count": 3414103,
            "rate": 27329.984387877208
        },
        "vus_max": {
            "value": 1000,
            "min": 1000,
            "max": 1000
        },
        "data_received": {
            "count": 4517371,
            "rate": 36161.67377031368
        },
        "http_req_receiving": {
            "avg": 0.6841584455421094,
            "min": 0,
            "med": 0.047,
            "max": 598.154,
            "p(90)": 0.132,
            "p(95)": 0.232
        },
        "http_req_duration{expected_response:true}": {
            "avg": 897.0389651165524,
            "min": 3.282,
            "med": 312.647,
            "max": 46814.705,
            "p(90)": 1915.4022000000004,
            "p(95)": 3267.5826
        },
        "http_req_connecting": {
            "avg": 2.0037120463721187,
            "min": 0,
            "med": 0.158,
            "max": 143.423,
            "p(90)": 0.459,
            "p(95)": 1.6045999999999943
        },
        "http_req_tls_handshaking": {
            "min": 0,
            "med": 0,
            "max": 0,
            "p(90)": 0,
            "p(95)": 0,
            "avg": 0
        },
        "http_req_failed": {
            "passes": 1480,
            "fails": 42857,
            "value": 0.033380697837020995
        },
        "vus": {
            "value": 1,
            "min": 1,
            "max": 1000
        },
        "iteration_duration": {
            "max": 61002.441166,
            "p(90)": 3774.6554916000005,
            "p(95)": 6474.534833599998,
            "avg": 2294.1051720960722,
            "min": 1003.774458,
            "med": 1372.874458
        },
        "iterations": {
            "count": 44337,
            "rate": 354.91885212757546
        },
        "http_req_waiting": {
            "min": 3.255,
            "med": 369.318,
            "max": 60001.52,
            "p(90)": 2774.3026000000004,
            "p(95)": 5474.079799999999,
            "avg": 1290.060288991128
        },
        "checks": {
            "passes": 42857,
            "fails": 1480,
            "value": 0.966619302162979
        },
        "http_reqs": {
            "count": 44337,
            "rate": 354.91885212757546
        },
        "http_req_blocked": {
            "avg": 2.3957735751178455,
            "min": 0.057,
            "med": 0.193,
            "max": 158.982,
            "p(90)": 0.556,
            "p(95)": 1.937199999999998
        }
    },
    "root_group": {
        "name": "",
        "path": "",
        "id": "d41d8cd98f00b204e9800998ecf8427e",
        "groups": {},
        "checks": {
                "status is 200": {
                    "id": "6210a8cd14cd70477eba5c5e4cb3fb5f",
                    "passes": 42857,
                    "fails": 1480,
                    "name": "status is 200",
                    "path": "::status is 200"
                }
            }
    }
}