{
    "root_group": {
        "name": "",
        "path": "",
        "id": "d41d8cd98f00b204e9800998ecf8427e",
        "groups": {},
        "checks": {
                "status is 200": {
                    "passes": 77883,
                    "fails": 0,
                    "name": "status is 200",
                    "path": "::status is 200",
                    "id": "6210a8cd14cd70477eba5c5e4cb3fb5f"
                }
            }
    },
    "metrics": {
        "iteration_duration": {
            "p(90)": 1487.509592,
            "p(95)": 1594.1558544,
            "avg": 1294.7597452615948,
            "min": 1042.886083,
            "med": 1256.363834,
            "max": 2589.653916
        },
        "http_req_receiving": {
            "med": 0.034,
            "max": 101.638,
            "p(90)": 0.095,
            "p(95)": 0.127,
            "avg": 0.06548664021673133,
            "min": 0.005
        },
        "http_req_duration{expected_response:true}": {
            "avg": 293.06247292734355,
            "min": 42.456,
            "med": 255.6,
            "max": 1560.94,
            "p(90)": 485.0596,
            "p(95)": 591.7171999999999
        },
        "http_reqs": {
            "count": 77883,
            "rate": 766.7300339838914
        },
        "http_req_waiting": {
            "min": 42.327,
            "med": 255.479,
            "max": 1540.371,
            "p(90)": 484.69140000000004,
            "p(95)": 591.6107,
            "avg": 292.83087209018623
        },
        "data_received": {
            "count": 8177715,
            "rate": 80506.6535683086
        },
        "http_req_failed": {
            "passes": 0,
            "fails": 77883,
            "value": 0
        },
        "vus": {
            "value": 503,
            "min": 503,
            "max": 1000
        },
        "vus_max": {
            "value": 1000,
            "min": 1000,
            "max": 1000
        },
        "checks": {
            "passes": 77883,
            "fails": 0,
            "value": 1
        },
        "http_req_blocked": {
            "p(90)": 0.372,
            "p(95)": 0.7018999999999965,
            "avg": 1.2315545497733635,
            "min": 0.049,
            "med": 0.18,
            "max": 138.985
        },
        "http_req_connecting": {
            "max": 131.36,
            "p(90)": 0.308,
            "p(95)": 0.569,
            "avg": 1.1036921279354905,
            "min": 0.041,
            "med": 0.151
        },
        "http_req_tls_handshaking": {
            "max": 0,
            "p(90)": 0,
            "p(95)": 0,
            "avg": 0,
            "min": 0,
            "med": 0
        },
        "http_req_sending": {
            "med": 0.017,
            "max": 67.458,
            "p(90)": 0.053,
            "p(95)": 0.075,
            "avg": 0.16611419693641852,
            "min": 0.003
        },
        "data_sent": {
            "count": 5996991,
            "rate": 59038.212616759636
        },
        "iterations": {
            "rate": 766.7300339838914,
            "count": 77883
        },
        "http_req_duration": {
            "p(95)": 591.7171999999999,
            "avg": 293.06247292734355,
            "min": 42.456,
            "med": 255.6,
            "max": 1560.94,
            "p(90)": 485.0596
        }
    }
}