{
    "root_group": {
        "groups": {},
        "checks": {
                "status is 200": {
                    "name": "status is 200",
                    "path": "::status is 200",
                    "id": "6210a8cd14cd70477eba5c5e4cb3fb5f",
                    "passes": 32677,
                    "fails": 1694
                }
            },
        "name": "",
        "path": "",
        "id": "d41d8cd98f00b204e9800998ecf8427e"
    },
    "metrics": {
        "http_req_waiting": {
            "max": 60005.795,
            "p(90)": 4188.048,
            "p(95)": 10315.630999999992,
            "avg": 2019.440754851475,
            "min": 3.127,
            "med": 689.209
        },
        "http_req_duration{expected_response:true}": {
            "med": 581.332,
            "max": 50013.719,
            "p(90)": 3252.7378000000003,
            "p(95)": 5324.300999999979,
            "avg": 1540.4014498883196,
            "min": 3.156
        },
        "http_req_sending": {
            "med": 0.022,
            "max": 124.133,
            "p(90)": 0.125,
            "p(95)": 0.5514999999999985,
            "avg": 0.4052973436909051,
            "min": 0.003
        },
        "iteration_duration": {
            "avg": 3029.3616698490137,
            "min": 1003.586333,
            "med": 1695.199,
            "max": 61093.415917,
            "p(90)": 5198.813166,
            "p(95)": 11319.907958499996
        },
        "iterations": {
            "rate": 292.55031612644484,
            "count": 34371
        },
        "http_req_connecting": {
            "p(90)": 1.117,
            "p(95)": 7.343,
            "avg": 3.286125978295617,
            "min": 0.045,
            "med": 0.186,
            "max": 313.763
        },
        "http_req_tls_handshaking": {
            "med": 0,
            "max": 0,
            "p(90)": 0,
            "p(95)": 0,
            "avg": 0,
            "min": 0
        },
        "http_req_failed": {
            "fails": 32677,
            "passes": 1694,
            "value": 0.049285735067353294
        },
        "http_reqs": {
            "rate": 292.55031612644484,
            "count": 34371
        },
        "vus_max": {
            "value": 1000,
            "min": 1000,
            "max": 1000
        },
        "data_received": {
            "count": 3459977,
            "rate": 29449.75022956063
        },
        "vus": {
            "value": 10,
            "min": 10,
            "max": 1000
        },
        "http_req_duration": {
            "p(90)": 4190.464,
            "p(95)": 10315.667999999992,
            "avg": 2021.3394638212437,
            "min": 3.156,
            "med": 690.969,
            "max": 60009.134
        },
        "http_req_receiving": {
            "p(95)": 0.509,
            "avg": 1.4934116260801091,
            "min": 0,
            "med": 0.057,
            "max": 1013.538,
            "p(90)": 0.2
        },
        "data_sent": {
            "count": 2646567,
            "rate": 22526.374341736253
        },
        "http_req_blocked": {
            "p(90)": 1.453,
            "p(95)": 9.049499999999965,
            "avg": 5.045558290419238,
            "min": 0.056,
            "med": 0.229,
            "max": 392.921
        },
        "checks": {
            "passes": 32677,
            "fails": 1694,
            "value": 0.9507142649326467
        }
    }
}