{
    "root_group": {
        "checks": {
            "status is 200": {
                "name": "status is 200",
                "path": "::status is 200",
                "id": "6210a8cd14cd70477eba5c5e4cb3fb5f",
                "passes": 29705,
                "fails": 1868
            }
        },
        "name": "",
        "path": "",
        "id": "d41d8cd98f00b204e9800998ecf8427e",
        "groups": {}
    },
    "metrics": {
        "http_req_receiving": {
            "avg": 0.057501061033158274,
            "min": 0.005,
            "med": 0.032,
            "max": 125.72,
            "p(90)": 0.081,
            "p(95)": 0.106
        },
        "checks": {
            "fails": 1868,
            "passes": 29705,
            "value": 0.9408355240236911
        },
        "http_req_blocked": {
            "avg": 3.152262724478683,
            "min": 0,
            "med": 0.004,
            "max": 245.976,
            "p(90)": 0.01,
            "p(95)": 0.025
        },
        "vus": {
            "value": 75,
            "min": 75,
            "max": 1000
        },
        "http_reqs": {
            "count": 31573,
            "rate": 306.0013925859467
        },
        "http_req_waiting": {
            "max": 3204.884,
            "p(90)": 2867.998,
            "p(95)": 3001.4936000000002,
            "avg": 2211.9574807271997,
            "min": 49.292,
            "med": 2125.349
        },
        "iteration_duration": {
            "min": 1083.237625,
            "med": 3131.562792,
            "max": 4369.053041,
            "p(90)": 3877.0104498000005,
            "p(95)": 4002.0272584,
            "avg": 3216.1915716314943
        },
        "http_req_tls_handshaking": {
            "p(90)": 0,
            "p(95)": 0,
            "avg": 0,
            "min": 0,
            "med": 0,
            "max": 0
        },
        "http_req_sending": {
            "max": 167.947,
            "p(90)": 0.029,
            "p(95)": 0.054,
            "avg": 0.9998787254933483,
            "min": 0.002,
            "med": 0.011
        },
        "http_req_duration": {
            "p(90)": 2868.0876000000003,
            "p(95)": 3001.5498,
            "avg": 2213.0148605137174,
            "min": 49.371,
            "med": 2127.485,
            "max": 3224.738
        },
        "vus_max": {
            "value": 1000,
            "min": 1000,
            "max": 1000
        },
        "data_received": {
            "count": 3266597,
            "rate": 31659.431508474827
        },
        "data_sent": {
            "count": 2431121,
            "rate": 23562.107229117893
        },
        "iterations": {
            "count": 31573,
            "rate": 306.0013925859467
        },
        "http_req_duration{expected_response:true}": {
            "max": 3200.778,
            "p(90)": 2666.1068,
            "p(95)": 2834.6498,
            "avg": 2162.182029826625,
            "min": 49.371,
            "med": 2098.096
        },
        "http_req_connecting": {
            "max": 240.694,
            "p(90)": 0,
            "p(95)": 0,
            "avg": 2.3511271022709312,
            "min": 0,
            "med": 0
        },
        "http_req_failed": {
            "passes": 1868,
            "fails": 29705,
            "value": 0.05916447597630887
        }
    }
}