{
    "root_group": {
        "name": "",
        "path": "",
        "id": "d41d8cd98f00b204e9800998ecf8427e",
        "groups": {},
        "checks": {
                "status is 200": {
                    "name": "status is 200",
                    "path": "::status is 200",
                    "id": "6210a8cd14cd70477eba5c5e4cb3fb5f",
                    "passes": 40517,
                    "fails": 1100
                }
            }
    },
    "metrics": {
        "vus": {
            "value": 4,
            "min": 4,
            "max": 1000
        },
        "http_req_sending": {
            "min": 0.002,
            "med": 0.023,
            "max": 161.292,
            "p(90)": 0.076,
            "p(95)": 0.155,
            "avg": 0.34802347598339184
        },
        "iterations": {
            "count": 41617,
            "rate": 367.363772166103
        },
        "http_req_duration": {
            "avg": 1420.4474886464711,
            "min": 3.252,
            "med": 411.006,
            "max": 60003.543,
            "p(90)": 3087.2056000000002,
            "p(95)": 5393.998399999994
        },
        "http_req_failed": {
            "passes": 1100,
            "fails": 40517,
            "value": 0.026431506355575847
        },
        "vus_max": {
            "value": 1000,
            "min": 1000,
            "max": 1000
        },
        "http_reqs": {
            "rate": 367.363772166103,
            "count": 41617
        },
        "http_req_receiving": {
            "p(95)": 0.3441999999999981,
            "avg": 0.9806382247639078,
            "min": 0,
            "med": 0.055,
            "max": 594.895,
            "p(90)": 0.166
        },
        "data_sent": {
            "count": 3204509,
            "rate": 28287.01045678993
        },
        "iteration_duration": {
            "max": 61028.96225,
            "p(90)": 4098.9833254000005,
            "p(95)": 6394.327640999994,
            "avg": 2422.9582390652918,
            "min": 1003.549375,
            "med": 1413.286041
        },
        "data_received": {
            "count": 4267065,
            "rate": 37666.46068861168
        },
        "http_req_duration{expected_response:true}": {
            "avg": 1092.1736278352273,
            "min": 3.252,
            "med": 393.413,
            "max": 32819.505,
            "p(90)": 2393.1746000000003,
            "p(95)": 3914.2429999999936
        },
        "http_req_waiting": {
            "med": 408.04,
            "max": 60003.537,
            "p(90)": 3086.4214,
            "p(95)": 5393.923599999994,
            "avg": 1419.1188269457166,
            "min": 3.188
        },
        "http_req_connecting": {
            "max": 80.973,
            "p(90)": 0.579,
            "p(95)": 1.6713999999999964,
            "avg": 0.9103086719369511,
            "min": 0.037,
            "med": 0.193
        },
        "http_req_tls_handshaking": {
            "p(95)": 0,
            "avg": 0,
            "min": 0,
            "med": 0,
            "max": 0,
            "p(90)": 0
        },
        "http_req_blocked": {
            "p(95)": 2.098199999999998,
            "avg": 1.0623828243265854,
            "min": 0.046,
            "med": 0.236,
            "max": 185.193,
            "p(90)": 0.71
        },
        "checks": {
            "passes": 40517,
            "fails": 1100,
            "value": 0.9735684936444241
        }
    }
}