{
    "root_group": {
        "id": "d41d8cd98f00b204e9800998ecf8427e",
        "groups": {},
        "checks": {
                "status is 200": {
                    "name": "status is 200",
                    "path": "::status is 200",
                    "id": "6210a8cd14cd70477eba5c5e4cb3fb5f",
                    "passes": 34742,
                    "fails": 1204
                }
            },
        "name": "",
        "path": ""
    },
    "metrics": {
        "iterations": {
            "count": 35946,
            "rate": 292.07079469102626
        },
        "http_req_blocked": {
            "p(95)": 4.270249999999982,
            "avg": 3.546212763589841,
            "min": 0.05,
            "med": 0.211,
            "max": 156.585,
            "p(90)": 0.734
        },
        "iteration_duration": {
            "max": 61003.370958,
            "p(90)": 4795.006625000001,
            "p(95)": 8898.922459,
            "avg": 2889.1328034749777,
            "min": 1003.479584,
            "med": 1581.3459995
        },
        "http_req_duration{expected_response:true}": {
            "max": 52406.131,
            "p(90)": 3042.4804,
            "p(95)": 4448.832099999999,
            "avg": 1377.2164616602406,
            "min": 3.288,
            "med": 494.514
        },
        "vus_max": {
            "max": 1000,
            "value": 1000,
            "min": 1000
        },
        "data_sent": {
            "count": 2767919,
            "rate": 22490.076836654724
        },
        "http_req_sending": {
            "min": 0.003,
            "med": 0.021,
            "max": 94.216,
            "p(90)": 0.09,
            "p(95)": 0.269,
            "avg": 0.33981908974574593
        },
        "data_received": {
            "count": 3660258,
            "rate": 29740.56815317939
        },
        "vus": {
            "value": 4,
            "min": 4,
            "max": 1000
        },
        "http_reqs": {
            "count": 35946,
            "rate": 292.07079469102626
        },
        "checks": {
            "passes": 34742,
            "fails": 1204,
            "value": 0.9665053135258443
        },
        "http_req_failed": {
            "passes": 1204,
            "fails": 34742,
            "value": 0.033494686474155676
        },
        "http_req_connecting": {
            "p(95)": 3.0259999999999936,
            "avg": 2.6703075724698353,
            "min": 0,
            "med": 0.169,
            "max": 129.507,
            "p(90)": 0.573
        },
        "http_req_tls_handshaking": {
            "avg": 0,
            "min": 0,
            "med": 0,
            "max": 0,
            "p(90)": 0,
            "p(95)": 0
        },
        "http_req_duration": {
            "p(90)": 3792.327,
            "p(95)": 7874.811499999985,
            "avg": 1884.6349778000447,
            "min": 3.288,
            "med": 572.906,
            "max": 60001.889
        },
        "http_req_receiving": {
            "p(95)": 0.469,
            "avg": 1.4170921660267874,
            "min": 0,
            "med": 0.055,
            "max": 1359.082,
            "p(90)": 0.191
        },
        "http_req_waiting": {
            "p(95)": 7862.747749999999,
            "avg": 1882.8780665442646,
            "min": 3.254,
            "med": 568.427,
            "max": 60001.878,
            "p(90)": 3789.262500000001
        }
    }
}