{
    "root_group": {
        "name": "",
        "path": "",
        "id": "d41d8cd98f00b204e9800998ecf8427e",
        "groups": {},
        "checks": {
                "status is 200": {
                    "id": "6210a8cd14cd70477eba5c5e4cb3fb5f",
                    "passes": 36826,
                    "fails": 303,
                    "name": "status is 200",
                    "path": "::status is 200"
                }
            }
    },
    "metrics": {
        "http_req_waiting": {
            "p(90)": 2490.1338,
            "p(95)": 2793.7163999999993,
            "avg": 1723.4751711330782,
            "min": 54.797,
            "med": 1578.02,
            "max": 24218.869
        },
        "http_req_connecting": {
            "avg": 3.9616339249643198,
            "min": 0.046,
            "med": 0.189,
            "max": 225.744,
            "p(90)": 0.658,
            "p(95)": 2.3565999999999985
        },
        "iteration_duration": {
            "max": 25370.796583,
            "p(90)": 3492.4057250000005,
            "p(95)": 3795.6177829999997,
            "avg": 2730.259969035943,
            "min": 1194.096167,
            "med": 2581.701042
        },
        "http_req_duration": {
            "avg": 1725.1260814726954,
            "min": 55.772,
            "med": 1579.249,
            "max": 24221.438,
            "p(90)": 2490.7814,
            "p(95)": 2794.0564
        },
        "http_req_duration{expected_response:true}": {
            "med": 1575.51,
            "max": 24221.438,
            "p(90)": 2420.7525,
            "p(95)": 2711.35925,
            "avg": 1706.8192192744189,
            "min": 55.772
        },
        "http_req_tls_handshaking": {
            "max": 0,
            "p(90)": 0,
            "p(95)": 0,
            "avg": 0,
            "min": 0,
            "med": 0
        },
        "vus": {
            "value": 354,
            "min": 354,
            "max": 1000
        },
        "vus_max": {
            "value": 1000,
            "min": 1000,
            "max": 1000
        },
        "http_req_blocked": {
            "p(95)": 3.048,
            "avg": 4.095637668668663,
            "min": 0.058,
            "med": 0.231,
            "max": 228.903,
            "p(90)": 0.813
        },
        "data_sent": {
            "count": 2858933,
            "rate": 27826.428395481
        },
        "http_req_sending": {
            "p(95)": 0.228,
            "avg": 0.32008844838268674,
            "min": 0.003,
            "med": 0.023,
            "max": 102.022,
            "p(90)": 0.086
        },
        "http_req_failed": {
            "fails": 36826,
            "passes": 303,
            "value": 0.008160736890301381
        },
        "checks": {
            "passes": 36826,
            "fails": 303,
            "value": 0.9918392631096986
        },
        "http_reqs": {
            "rate": 361.38218695429873,
            "count": 37129
        },
        "http_req_receiving": {
            "max": 828.782,
            "p(90)": 0.22720000000000085,
            "p(95)": 0.61,
            "avg": 1.3308218912440535,
            "min": 0,
            "med": 0.065
        },
        "iterations": {
            "count": 37129,
            "rate": 361.38218695429873
        },
        "data_received": {
            "count": 3877782,
            "rate": 37743.040202860684
        }
    }
}