{
    "root_group": {
        "id": "d41d8cd98f00b204e9800998ecf8427e",
        "groups": {},
        "checks": {
                "status is 200": {
                    "path": "::status is 200",
                    "id": "6210a8cd14cd70477eba5c5e4cb3fb5f",
                    "passes": 27385,
                    "fails": 3380,
                    "name": "status is 200"
                }
            },
        "name": "",
        "path": ""
    },
    "metrics": {
        "http_req_tls_handshaking": {
            "p(95)": 0,
            "avg": 0,
            "min": 0,
            "med": 0,
            "max": 0,
            "p(90)": 0
        },
        "http_req_sending": {
            "max": 124.337,
            "p(90)": 0.029,
            "p(95)": 0.07,
            "avg": 0.5887525109704513,
            "min": 0.002,
            "med": 0.009
        },
        "data_sent": {
            "count": 2368905,
            "rate": 22990.160612461477
        },
        "http_req_duration": {
            "avg": 2286.47285021942,
            "min": 60.695,
            "med": 2186.885,
            "max": 3619.414,
            "p(90)": 3001.1362000000004,
            "p(95)": 3004.7988
        },
        "http_req_duration{expected_response:true}": {
            "avg": 2191.2200247580886,
            "min": 60.695,
            "med": 2164.121,
            "max": 3043.258,
            "p(90)": 2585.1128,
            "p(95)": 2710.8049999999994
        },
        "http_reqs": {
            "count": 30765,
            "rate": 298.57351444755164
        },
        "vus": {
            "value": 55,
            "min": 55,
            "max": 1000
        },
        "http_req_waiting": {
            "avg": 2285.840380399824,
            "min": 52.224,
            "med": 2186.628,
            "max": 3619.216,
            "p(90)": 3001.092,
            "p(95)": 3004.6258000000003
        },
        "http_req_failed": {
            "passes": 3380,
            "fails": 27385,
            "value": 0.10986510645213717
        },
        "http_req_receiving": {
            "p(90)": 0.071,
            "p(95)": 0.101,
            "avg": 0.043717308629934545,
            "min": 0.005,
            "med": 0.024,
            "max": 38.196
        },
        "iteration_duration": {
            "avg": 3291.3000830658557,
            "min": 1286.330917,
            "med": 3189.298208,
            "max": 4620.965958,
            "p(90)": 4001.4499248,
            "p(95)": 4005.788183
        },
        "http_req_connecting": {
            "min": 0,
            "med": 0,
            "max": 442.341,
            "p(90)": 0,
            "p(95)": 0,
            "avg": 3.843895953193562
        },
        "checks": {
            "passes": 27385,
            "fails": 3380,
            "value": 0.8901348935478628
        },
        "vus_max": {
            "min": 1000,
            "max": 1000,
            "value": 1000
        },
        "data_received": {
            "count": 3142445,
            "rate": 30497.34593233013
        },
        "iterations": {
            "count": 30765,
            "rate": 298.57351444755164
        },
        "http_req_blocked": {
            "min": 0,
            "med": 0.003,
            "max": 442.376,
            "p(90)": 0.01,
            "p(95)": 0.028,
            "avg": 4.003479928489004
        }
    }
}