{
    "root_group": {
        "name": "",
        "path": "",
        "id": "d41d8cd98f00b204e9800998ecf8427e",
        "groups": {},
        "checks": {
                "status is 200": {
                    "path": "::status is 200",
                    "id": "6210a8cd14cd70477eba5c5e4cb3fb5f",
                    "passes": 24170,
                    "fails": 6437,
                    "name": "status is 200"
                }
            }
    },
    "metrics": {
        "data_sent": {
            "count": 2356739,
            "rate": 22731.303778279096
        },
        "http_req_duration{expected_response:true}": {
            "avg": 2117.7322147290115,
            "min": 74.058,
            "med": 2028.391,
            "max": 3486.488,
            "p(90)": 2684.5239,
            "p(95)": 2892.5466999999994
        },
        "http_req_connecting": {
            "min": 0,
            "med": 0,
            "max": 152.532,
            "p(90)": 0,
            "p(95)": 0,
            "avg": 2.31122449112948
        },
        "http_req_waiting": {
            "max": 3812.512,
            "p(90)": 3004.8469999999998,
            "p(95)": 3062.1994999999997,
            "avg": 2315.173460482877,
            "min": 73.008,
            "med": 2098.436
        },
        "http_req_failed": {
            "passes": 6437,
            "fails": 24170,
            "value": 0.21031136668082465
        },
        "vus": {
            "value": 100,
            "min": 100,
            "max": 1000
        },
        "http_reqs": {
            "count": 30607,
            "rate": 295.211737380248
        },
        "http_req_sending": {
            "avg": 0.2914368608488432,
            "min": 0.001,
            "med": 0.007,
            "max": 72.966,
            "p(90)": 0.029,
            "p(95)": 0.08
        },
        "iteration_duration": {
            "avg": 3319.653435616169,
            "min": 1149.738167,
            "med": 3099.934125,
            "max": 4830.759541,
            "p(90)": 4007.1688582,
            "p(95)": 4076.1933331
        },
        "http_req_receiving": {
            "avg": 0.0766470741987097,
            "min": 0.005,
            "med": 0.022,
            "max": 157.811,
            "p(90)": 0.07,
            "p(95)": 0.113
        },
        "data_received": {
            "count": 3046373,
            "rate": 29382.986442260863
        },
        "checks": {
            "passes": 24170,
            "fails": 6437,
            "value": 0.7896886333191754
        },
        "vus_max": {
            "max": 1000,
            "value": 1000,
            "min": 1000
        },
        "http_req_blocked": {
            "p(95)": 0.043,
            "avg": 2.3641736530849973,
            "min": 0,
            "med": 0.002,
            "max": 157.91,
            "p(90)": 0.012
        },
        "iterations": {
            "count": 30607,
            "rate": 295.211737380248
        },
        "http_req_duration": {
            "avg": 2315.541544417952,
            "min": 74.058,
            "med": 2098.632,
            "max": 3813.406,
            "p(90)": 3004.9696,
            "p(95)": 3064.1605999999997
        },
        "http_req_tls_handshaking": {
            "med": 0,
            "max": 0,
            "p(90)": 0,
            "p(95)": 0,
            "avg": 0,
            "min": 0
        }
    }
}