{
    "metrics": {
        "iteration_duration": {
            "p(90)": 4008.2503376000004,
            "p(95)": 4064.4307228,
            "avg": 3299.684578661267,
            "min": 1089.621833,
            "med": 3136.472271,
            "max": 5003.5855
        },
        "data_received": {
            "count": 3069648,
            "rate": 29759.01680910267
        },
        "http_req_failed": {
            "passes": 6192,
            "fails": 24576,
            "value": 0.20124804992199688
        },
        "http_req_duration{expected_response:true}": {
            "min": 30.191,
            "med": 2078.8635000000004,
            "max": 3543.658,
            "p(90)": 2344.883,
            "p(95)": 2603.54375,
            "avg": 2095.3113109537762
        },
        "checks": {
            "passes": 24576,
            "fails": 6192,
            "value": 0.7987519500780031
        },
        "data_sent": {
            "rate": 22967.831506104372,
            "count": 2369136
        },
        "http_req_duration": {
            "med": 2136.0254999999997,
            "max": 4002.411,
            "p(90)": 3006.8129000000004,
            "p(95)": 3054.91695,
            "avg": 2296.0214778991144,
            "min": 30.191
        },
        "http_req_connecting": {
            "max": 131.485,
            "p(90)": 0,
            "p(95)": 0,
            "avg": 1.920176124544981,
            "min": 0,
            "med": 0
        },
        "http_req_tls_handshaking": {
            "avg": 0,
            "min": 0,
            "med": 0,
            "max": 0,
            "p(90)": 0,
            "p(95)": 0
        },
        "http_reqs": {
            "rate": 298.28352605330355,
            "count": 30768
        },
        "http_req_receiving": {
            "med": 0.024,
            "max": 75.507,
            "p(90)": 0.075,
            "p(95)": 0.10764999999999864,
            "avg": 0.05355105954237758,
            "min": 0.005
        },
        "http_req_blocked": {
            "p(95)": 0.027,
            "avg": 1.9816795696814957,
            "min": 0,
            "med": 0.002,
            "max": 136.133,
            "p(90)": 0.01
        },
        "vus": {
            "value": 73,
            "min": 73,
            "max": 1000
        },
        "iterations": {
            "count": 30768,
            "rate": 298.28352605330355
        },
        "http_req_waiting": {
            "avg": 2295.737316172652,
            "min": 26.339,
            "med": 2135.9610000000002,
            "max": 4002.149,
            "p(90)": 3006.7104999999997,
            "p(95)": 3054.30585
        },
        "http_req_sending": {
            "max": 126.657,
            "p(90)": 0.029,
            "p(95)": 0.088,
            "avg": 0.23061066692665785,
            "min": 0.001,
            "med": 0.008
        },
        "vus_max": {
            "value": 1000,
            "min": 1000,
            "max": 1000
        }
    },
    "root_group": {
        "groups": {},
        "checks": {
                "status is 200": {
                    "name": "status is 200",
                    "path": "::status is 200",
                    "id": "6210a8cd14cd70477eba5c5e4cb3fb5f",
                    "passes": 24576,
                    "fails": 6192
                }
            },
        "name": "",
        "path": "",
        "id": "d41d8cd98f00b204e9800998ecf8427e"
    }
}