{
    "root_group": {
        "path": "",
        "id": "d41d8cd98f00b204e9800998ecf8427e",
        "groups": {},
        "checks": {
                "status is 200": {
                    "path": "::status is 200",
                    "id": "6210a8cd14cd70477eba5c5e4cb3fb5f",
                    "passes": 65938,
                    "fails": 0,
                    "name": "status is 200"
                }
            },
        "name": ""
    },
    "metrics": {
        "checks": {
            "fails": 0,
            "passes": 65938,
            "value": 1
        },
        "vus_max": {
            "value": 1000,
            "min": 1000,
            "max": 1000
        },
        "iteration_duration": {
            "avg": 1525.9080029785216,
            "min": 1500.929625,
            "med": 1506.713583,
            "max": 2637.341291,
            "p(90)": 1521.8846419,
            "p(95)": 1545.65128755
        },
        "http_reqs": {
            "count": 65938,
            "rate": 649.6819186372763
        },
        "http_req_duration": {
            "avg": 524.3910635142138,
            "min": 500.64,
            "med": 505.9445,
            "max": 1569.045,
            "p(90)": 520.1125,
            "p(95)": 543.57665
        },
        "http_req_tls_handshaking": {
            "max": 0,
            "p(90)": 0,
            "p(95)": 0,
            "avg": 0,
            "min": 0,
            "med": 0
        },
        "http_req_failed": {
            "fails": 65938,
            "passes": 0,
            "value": 0
        },
        "vus": {
            "value": 340,
            "min": 340,
            "max": 1000
        },
        "http_req_connecting": {
            "p(95)": 1.2212999999999943,
            "avg": 0.9627444114167748,
            "min": 0.047,
            "med": 0.275,
            "max": 176.483,
            "p(90)": 0.706
        },
        "http_req_waiting": {
            "avg": 524.2185917376952,
            "min": 500.6,
            "med": 505.851,
            "max": 1568.372,
            "p(90)": 519.8503,
            "p(95)": 543.12905
        },
        "data_sent": {
            "count": 4747536,
            "rate": 46777.09814188389
        },
        "iterations": {
            "count": 65938,
            "rate": 649.6819186372763
        },
        "data_received": {
            "count": 6923490,
            "rate": 68216.60145691401
        },
        "http_req_duration{expected_response:true}": {
            "max": 1569.045,
            "p(90)": 520.1125,
            "p(95)": 543.57665,
            "avg": 524.3910635142138,
            "min": 500.64,
            "med": 505.9445
        },
        "http_req_blocked": {
            "p(95)": 1.385149999999997,
            "avg": 1.028159695471507,
            "min": 0.054,
            "med": 0.299,
            "max": 176.497,
            "p(90)": 0.768
        },
        "http_req_receiving": {
            "p(95)": 0.177,
            "avg": 0.09012974309199417,
            "min": 0.005,
            "med": 0.022,
            "max": 183.326,
            "p(90)": 0.079
        },
        "http_req_sending": {
            "min": 0.003,
            "med": 0.011,
            "max": 83.073,
            "p(90)": 0.039,
            "p(95)": 0.081,
            "avg": 0.08234203342534617
        }
    }
}