{
    "metrics": {
        "http_req_duration{expected_response:true}": {
            "min": 500.432,
            "med": 509.6875,
            "max": 664.543,
            "p(90)": 524.3571,
            "p(95)": 531.469,
            "avg": 513.0089133484864
        },
        "checks": {
            "passes": 66000,
            "fails": 0,
            "value": 1
        },
        "iterations": {
            "count": 66000,
            "rate": 658.1379237908393
        },
        "http_req_blocked": {
            "min": 0,
            "med": 0.002,
            "max": 129.672,
            "p(90)": 0.006,
            "p(95)": 0.013,
            "avg": 0.24175746969723413
        },
        "vus": {
            "value": 1000,
            "min": 1000,
            "max": 1000
        },
        "http_req_duration": {
            "avg": 513.0089133484864,
            "min": 500.432,
            "med": 509.6875,
            "max": 664.543,
            "p(90)": 524.3571,
            "p(95)": 531.469
        },
        "http_req_tls_handshaking": {
            "med": 0,
            "max": 0,
            "p(90)": 0,
            "p(95)": 0,
            "avg": 0,
            "min": 0
        },
        "http_req_failed": {
            "passes": 0,
            "fails": 66000,
            "value": 0
        },
        "data_sent": {
            "count": 4752000,
            "rate": 47385.93051294043
        },
        "iteration_duration": {
            "p(95)": 1556.4050437499998,
            "avg": 1517.4950309307192,
            "min": 1500.492375,
            "med": 1511.286396,
            "max": 1693.949791,
            "p(90)": 1531.4400630999999
        },
        "http_req_connecting": {
            "avg": 0.22383760606060582,
            "min": 0,
            "med": 0,
            "max": 75.217,
            "p(90)": 0,
            "p(95)": 0
        },
        "vus_max": {
            "value": 1000,
            "min": 1000,
            "max": 1000
        },
        "http_req_waiting": {
            "avg": 512.4557352575732,
            "min": 500.422,
            "med": 509.458,
            "max": 653.687,
            "p(90)": 523.241,
            "p(95)": 529.4517
        },
        "http_reqs": {
            "count": 66000,
            "rate": 658.1379237908393
        },
        "http_req_sending": {
            "min": 0.001,
            "med": 0.004,
            "max": 139.229,
            "p(90)": 0.045,
            "p(95)": 0.248,
            "avg": 0.5278774242422121
        },
        "http_req_receiving": {
            "p(90)": 0.026,
            "p(95)": 0.041,
            "avg": 0.025300666666670923,
            "min": 0.004,
            "med": 0.009,
            "max": 45.321
        },
        "data_received": {
            "count": 6930000,
            "rate": 69104.48199803813
        }
    },
    "root_group": {
        "id": "d41d8cd98f00b204e9800998ecf8427e",
        "groups": {},
        "checks": {
                "status is 200": {
                    "name": "status is 200",
                    "path": "::status is 200",
                    "id": "6210a8cd14cd70477eba5c5e4cb3fb5f",
                    "passes": 66000,
                    "fails": 0
                }
            },
        "name": "",
        "path": ""
    }
}