{
    "root_group": {
        "id": "d41d8cd98f00b204e9800998ecf8427e",
        "groups": {},
        "checks": {
                "status is 200": {
                    "id": "6210a8cd14cd70477eba5c5e4cb3fb5f",
                    "passes": 65600,
                    "fails": 0,
                    "name": "status is 200",
                    "path": "::status is 200"
                }
            },
        "name": "",
        "path": ""
    },
    "metrics": {
        "http_req_duration": {
            "med": 506.788,
            "max": 1663.072,
            "p(90)": 530.9064,
            "p(95)": 600.8860999999999,
            "avg": 529.8195700152385,
            "min": 500.729
        },
        "http_req_connecting": {
            "med": 0.284,
            "max": 159.382,
            "p(90)": 0.917,
            "p(95)": 2.0590499999999974,
            "avg": 2.0749828810975712,
            "min": 0.051
        },
        "data_sent": {
            "count": 4723200,
            "rate": 46567.37597420953
        },
        "http_reqs": {
            "count": 65600,
            "rate": 646.7691107529101
        },
        "http_req_blocked": {
            "avg": 2.1853879115853947,
            "min": 0.063,
            "med": 0.311,
            "max": 164.443,
            "p(90)": 0.994,
            "p(95)": 2.416049999999997
        },
        "http_req_receiving": {
            "avg": 0.15555858231708436,
            "min": 0.005,
            "med": 0.021,
            "max": 221.852,
            "p(90)": 0.085,
            "p(95)": 0.207
        },
        "data_received": {
            "count": 6888000,
            "rate": 67910.75662905556
        },
        "http_req_failed": {
            "passes": 0,
            "fails": 65600,
            "value": 0
        },
        "http_req_tls_handshaking": {
            "min": 0,
            "med": 0,
            "max": 0,
            "p(90)": 0,
            "p(95)": 0,
            "avg": 0
        },
        "http_req_sending": {
            "min": 0.003,
            "med": 0.012,
            "max": 60.256,
            "p(90)": 0.05,
            "p(95)": 0.163,
            "avg": 0.11244722560976377
        },
        "iteration_duration": {
            "avg": 1532.8064870344786,
            "min": 1500.98125,
            "med": 1507.721083,
            "max": 2814.088958,
            "p(90)": 1537.2314583,
            "p(95)": 1605.5926121999998
        },
        "http_req_waiting": {
            "p(90)": 530.3033,
            "p(95)": 600.04215,
            "avg": 529.5515642073162,
            "min": 500.694,
            "med": 506.703,
            "max": 1662.775
        },
        "vus": {
            "max": 1000,
            "value": 232,
            "min": 232
        },
        "http_req_duration{expected_response:true}": {
            "min": 500.729,
            "med": 506.788,
            "max": 1663.072,
            "p(90)": 530.9064,
            "p(95)": 600.8860999999999,
            "avg": 529.8195700152385
        },
        "iterations": {
            "count": 65600,
            "rate": 646.7691107529101
        },
        "checks": {
            "passes": 65600,
            "fails": 0,
            "value": 1
        },
        "vus_max": {
            "value": 1000,
            "min": 1000,
            "max": 1000
        }
    }
}