{
    "root_group": {
        "path": "",
        "id": "d41d8cd98f00b204e9800998ecf8427e",
        "groups": {},
        "checks": {
                "status is 200": {
                    "id": "6210a8cd14cd70477eba5c5e4cb3fb5f",
                    "passes": 65695,
                    "fails": 0,
                    "name": "status is 200",
                    "path": "::status is 200"
                }
            },
        "name": ""
    },
    "metrics": {
        "http_req_sending": {
            "p(90)": 0.05,
            "p(95)": 0.15729999999999708,
            "avg": 0.11890527437401165,
            "min": 0.003,
            "med": 0.012,
            "max": 37.708
        },
        "http_req_tls_handshaking": {
            "p(90)": 0,
            "p(95)": 0,
            "avg": 0,
            "min": 0,
            "med": 0,
            "max": 0
        },
        "http_req_blocked": {
            "p(95)": 2.003299999999997,
            "avg": 1.9349512748306488,
            "min": 0.073,
            "med": 0.301,
            "max": 144.96,
            "p(90)": 0.88
        },
        "http_req_waiting": {
            "min": 500.56,
            "med": 506.003,
            "max": 4510.217,
            "p(90)": 527.561,
            "p(95)": 578.3489999999999,
            "avg": 530.2524365629024
        },
        "http_req_duration{expected_response:true}": {
            "min": 500.608,
            "med": 506.088,
            "max": 4516.801,
            "p(90)": 528.0146,
            "p(95)": 578.9167,
            "avg": 530.4886184488929
        },
        "checks": {
            "passes": 65695,
            "fails": 0,
            "value": 1
        },
        "http_req_connecting": {
            "avg": 1.8229646244006443,
            "min": 0.061,
            "med": 0.274,
            "max": 135.691,
            "p(90)": 0.786,
            "p(95)": 1.74
        },
        "data_received": {
            "count": 6897975,
            "rate": 67922.7310259556
        },
        "http_req_failed": {
            "passes": 0,
            "fails": 65695,
            "value": 0
        },
        "iteration_duration": {
            "avg": 1533.0368566144493,
            "min": 1500.878084,
            "med": 1506.994167,
            "max": 5647.3035,
            "p(90)": 1530.390883,
            "p(95)": 1581.8025043999996
        },
        "iterations": {
            "count": 65695,
            "rate": 646.8831526281485
        },
        "vus": {
            "value": 376,
            "min": 376,
            "max": 1000
        },
        "http_req_receiving": {
            "p(90)": 0.078,
            "p(95)": 0.173,
            "avg": 0.1172766116142874,
            "min": 0.005,
            "med": 0.021,
            "max": 225.396
        },
        "http_req_duration": {
            "p(90)": 528.0146,
            "p(95)": 578.9167,
            "avg": 530.4886184488929,
            "min": 500.608,
            "med": 506.088,
            "max": 4516.801
        },
        "data_sent": {
            "count": 4730040,
            "rate": 46575.58698922669
        },
        "http_reqs": {
            "count": 65695,
            "rate": 646.8831526281485
        },
        "vus_max": {
            "value": 1000,
            "min": 1000,
            "max": 1000
        }
    }
}