{
    "root_group": {
        "name": "",
        "path": "",
        "id": "d41d8cd98f00b204e9800998ecf8427e",
        "groups": {},
        "checks": {
                "status is 200": {
                    "path": "::status is 200",
                    "id": "6210a8cd14cd70477eba5c5e4cb3fb5f",
                    "passes": 65611,
                    "fails": 0,
                    "name": "status is 200"
                }
            }
    },
    "metrics": {
        "http_req_duration": {
            "avg": 532.885810915857,
            "min": 500.65,
            "med": 504.808,
            "max": 4493.306,
            "p(90)": 530.585,
            "p(95)": 597.6689999999998
        },
        "checks": {
            "passes": 65611,
            "fails": 0,
            "value": 1
        },
        "vus_max": {
            "value": 1000,
            "min": 1000,
            "max": 1000
        },
        "vus": {
            "max": 1000,
            "value": 316,
            "min": 316
        },
        "http_req_receiving": {
            "p(90)": 0.098,
            "p(95)": 0.203,
            "avg": 0.12785776775236724,
            "min": 0.005,
            "med": 0.023,
            "max": 356.844
        },
        "data_received": {
            "count": 6889155,
            "rate": 67898.8665343025
        },
        "data_sent": {
            "rate": 46559.22276637886,
            "count": 4723992
        },
        "http_req_sending": {
            "p(90)": 0.045,
            "p(95)": 0.118,
            "avg": 0.09809224063038832,
            "min": 0.003,
            "med": 0.012,
            "max": 66.799
        },
        "http_req_duration{expected_response:true}": {
            "min": 500.65,
            "med": 504.808,
            "max": 4493.306,
            "p(90)": 530.585,
            "p(95)": 597.6689999999998,
            "avg": 532.885810915857
        },
        "http_req_blocked": {
            "avg": 2.0192193991860985,
            "min": 0.044,
            "med": 0.241,
            "max": 176.484,
            "p(90)": 0.619,
            "p(95)": 1.260499999999997
        },
        "http_req_connecting": {
            "avg": 1.9458235509289454,
            "min": 0.036,
            "med": 0.217,
            "max": 176.426,
            "p(90)": 0.548,
            "p(95)": 1.102
        },
        "http_req_waiting": {
            "avg": 532.6598609074696,
            "min": 500.549,
            "med": 504.725,
            "max": 4491.992,
            "p(90)": 530.257,
            "p(95)": 596.6559999999997
        },
        "http_req_failed": {
            "passes": 0,
            "fails": 65611,
            "value": 0
        },
        "http_req_tls_handshaking": {
            "avg": 0,
            "min": 0,
            "med": 0,
            "max": 0,
            "p(90)": 0,
            "p(95)": 0
        },
        "iteration_duration": {
            "max": 5649.376416,
            "p(90)": 1532.156292,
            "p(95)": 1601.2766875,
            "avg": 1535.3580035897392,
            "min": 1500.908708,
            "med": 1505.529958
        },
        "iterations": {
            "count": 65611,
            "rate": 646.655871755262
        },
        "http_reqs": {
            "count": 65611,
            "rate": 646.655871755262
        }
    }
}