{
    "root_group": {
        "name": "",
        "path": "",
        "id": "d41d8cd98f00b204e9800998ecf8427e",
        "groups": {},
        "checks": {
                "status is 200": {
                    "passes": 65487,
                    "fails": 0,
                    "name": "status is 200",
                    "path": "::status is 200",
                    "id": "6210a8cd14cd70477eba5c5e4cb3fb5f"
                }
            }
    },
    "metrics": {
        "vus_max": {
            "value": 1000,
            "min": 1000,
            "max": 1000
        },
        "http_req_failed": {
            "fails": 65487,
            "passes": 0,
            "value": 0
        },
        "iterations": {
            "rate": 645.3455960329325,
            "count": 65487
        },
        "checks": {
            "passes": 65487,
            "fails": 0,
            "value": 1
        },
        "http_req_waiting": {
            "min": 500.541,
            "med": 504.986,
            "max": 4633.531,
            "p(90)": 521.296,
            "p(95)": 537.1431,
            "avg": 534.8066172522804
        },
        "http_req_sending": {
            "avg": 0.23411625208053488,
            "min": 0.003,
            "med": 0.012,
            "max": 91.171,
            "p(90)": 0.046,
            "p(95)": 0.125
        },
        "iteration_duration": {
            "avg": 1537.645964392382,
            "min": 1500.871417,
            "med": 1505.840292,
            "max": 5758.43975,
            "p(90)": 1523.1897084,
            "p(95)": 1540.2586953999999
        },
        "data_received": {
            "count": 6876135,
            "rate": 67761.2875834579
        },
        "http_reqs": {
            "count": 65487,
            "rate": 645.3455960329325
        },
        "http_req_duration": {
            "avg": 535.1478827553558,
            "min": 500.627,
            "med": 505.083,
            "max": 4638.056,
            "p(90)": 521.6394,
            "p(95)": 537.6786
        },
        "http_req_duration{expected_response:true}": {
            "max": 4638.056,
            "p(90)": 521.6394,
            "p(95)": 537.6786,
            "avg": 535.1478827553558,
            "min": 500.627,
            "med": 505.083
        },
        "http_req_blocked": {
            "p(90)": 0.705,
            "p(95)": 1.5343999999999942,
            "avg": 2.0638662788034474,
            "min": 0.059,
            "med": 0.247,
            "max": 248.374
        },
        "http_req_tls_handshaking": {
            "p(90)": 0,
            "p(95)": 0,
            "avg": 0,
            "min": 0,
            "med": 0,
            "max": 0
        },
        "data_sent": {
            "count": 4715064,
            "rate": 46464.882914371134
        },
        "http_req_receiving": {
            "avg": 0.10714925099638455,
            "min": 0.005,
            "med": 0.022,
            "max": 153.973,
            "p(90)": 0.096,
            "p(95)": 0.20669999999999708
        },
        "vus": {
            "value": 365,
            "min": 365,
            "max": 1000
        },
        "http_req_connecting": {
            "avg": 1.9788760059248216,
            "min": 0.05,
            "med": 0.221,
            "max": 244.681,
            "p(90)": 0.624,
            "p(95)": 1.2376999999999971
        }
    }
}