{
    "root_group": {
        "id": "d41d8cd98f00b204e9800998ecf8427e",
        "groups": {},
        "checks": {
                "status is 200": {
                    "path": "::status is 200",
                    "id": "6210a8cd14cd70477eba5c5e4cb3fb5f",
                    "passes": 67000,
                    "fails": 0,
                    "name": "status is 200"
                }
            },
        "name": "",
        "path": ""
    },
    "metrics": {
        "iteration_duration": {
            "min": 1500.475708,
            "med": 1507.6544374999999,
            "max": 1798.057083,
            "p(90)": 1523.9843375,
            "p(95)": 1537.02144615,
            "avg": 1512.4150989220389
        },
        "http_req_duration{expected_response:true}": {
            "avg": 510.3616294925332,
            "min": 500.44,
            "med": 507.119,
            "max": 655.745,
            "p(90)": 521.233,
            "p(95)": 533.0862999999999
        },
        "http_req_receiving": {
            "p(90)": 0.026,
            "p(95)": 0.038,
            "avg": 0.020637074626865322,
            "min": 0.004,
            "med": 0.009,
            "max": 20.273
        },
        "data_received": {
            "count": 7035000,
            "rate": 69391.01068110626
        },
        "vus": {
            "min": 1000,
            "max": 1000,
            "value": 1000
        },
        "iterations": {
            "count": 67000,
            "rate": 660.8667683914882
        },
        "http_req_failed": {
            "passes": 0,
            "fails": 67000,
            "value": 0
        },
        "checks": {
            "passes": 67000,
            "fails": 0,
            "value": 1
        },
        "http_req_duration": {
            "min": 500.44,
            "med": 507.119,
            "max": 655.745,
            "p(90)": 521.233,
            "p(95)": 533.0862999999999,
            "avg": 510.3616294925332
        },
        "http_req_sending": {
            "med": 0.004,
            "max": 49.757,
            "p(90)": 0.032,
            "p(95)": 0.131,
            "avg": 0.14870098507465623,
            "min": 0.001
        },
        "http_reqs": {
            "count": 67000,
            "rate": 660.8667683914882
        },
        "http_req_tls_handshaking": {
            "p(90)": 0,
            "p(95)": 0,
            "avg": 0,
            "min": 0,
            "med": 0,
            "max": 0
        },
        "data_sent": {
            "count": 4824000,
            "rate": 47582.407324187145
        },
        "http_req_waiting": {
            "avg": 510.1922914328402,
            "min": 500.431,
            "med": 507.051,
            "max": 655.598,
            "p(90)": 520.9482,
            "p(95)": 532.26905
        },
        "http_req_blocked": {
            "avg": 1.1830433432836076,
            "min": 0,
            "med": 0.001,
            "max": 159.636,
            "p(90)": 0.004,
            "p(95)": 0.008
        },
        "http_req_connecting": {
            "max": 157.957,
            "p(90)": 0,
            "p(95)": 0,
            "avg": 1.1738423283582093,
            "min": 0,
            "med": 0
        },
        "vus_max": {
            "value": 1000,
            "min": 1000,
            "max": 1000
        }
    }
}