{
    "root_group": {
        "groups": {},
        "checks": {
                "status is 200": {
                    "name": "status is 200",
                    "path": "::status is 200",
                    "id": "6210a8cd14cd70477eba5c5e4cb3fb5f",
                    "passes": 66885,
                    "fails": 0
                }
            },
        "name": "",
        "path": "",
        "id": "d41d8cd98f00b204e9800998ecf8427e"
    },
    "metrics": {
        "vus": {
            "max": 1000,
            "value": 885,
            "min": 885
        },
        "data_sent": {
            "count": 4815720,
            "rate": 47454.55791907863
        },
        "iteration_duration": {
            "min": 1500.483833,
            "med": 1506.927959,
            "max": 1786.120375,
            "p(90)": 1516.6789584,
            "p(95)": 1529.8761166,
            "avg": 1512.5112153523842
        },
        "data_received": {
            "count": 7022925,
            "rate": 69204.56363198967
        },
        "http_req_duration{expected_response:true}": {
            "avg": 509.932887448603,
            "min": 500.502,
            "med": 506.48,
            "max": 655.531,
            "p(90)": 515.1152,
            "p(95)": 523.4177999999999
        },
        "http_req_blocked": {
            "min": 0,
            "med": 0.001,
            "max": 212.338,
            "p(90)": 0.004,
            "p(95)": 0.008,
            "avg": 1.7632120206325272
        },
        "http_req_duration": {
            "med": 506.48,
            "max": 655.531,
            "p(90)": 515.1152,
            "p(95)": 523.4177999999999,
            "avg": 509.932887448603,
            "min": 500.502
        },
        "iterations": {
            "count": 66885,
            "rate": 659.0910822094254
        },
        "checks": {
            "passes": 66885,
            "fails": 0,
            "value": 1
        },
        "http_req_failed": {
            "passes": 0,
            "fails": 66885,
            "value": 0
        },
        "http_reqs": {
            "count": 66885,
            "rate": 659.0910822094254
        },
        "http_req_receiving": {
            "min": 0.004,
            "med": 0.009,
            "max": 10.065,
            "p(90)": 0.024,
            "p(95)": 0.035,
            "avg": 0.016901622187335992
        },
        "http_req_sending": {
            "p(90)": 0.02,
            "p(95)": 0.059,
            "avg": 0.2503910144280436,
            "min": 0.001,
            "med": 0.004,
            "max": 87.417
        },
        "http_req_waiting": {
            "med": 506.439,
            "max": 636.346,
            "p(90)": 514.9416,
            "p(95)": 522.6126,
            "avg": 509.6655948119925,
            "min": 500.489
        },
        "vus_max": {
            "max": 1000,
            "value": 1000,
            "min": 1000
        },
        "http_req_connecting": {
            "avg": 1.6651520221275316,
            "min": 0,
            "med": 0,
            "max": 208.276,
            "p(90)": 0,
            "p(95)": 0
        },
        "http_req_tls_handshaking": {
            "avg": 0,
            "min": 0,
            "med": 0,
            "max": 0,
            "p(90)": 0,
            "p(95)": 0
        }
    }
}