{
    "metrics": {
        "http_req_sending": {
            "max": 106.639,
            "p(90)": 0.04,
            "p(95)": 0.086,
            "avg": 0.39786938106287545,
            "min": 0.003,
            "med": 0.011
        },
        "http_req_waiting": {
            "max": 1520.81,
            "p(90)": 524.292,
            "p(95)": 576.8214999999999,
            "avg": 524.0563364151095,
            "min": 500.558,
            "med": 506.671
        },
        "http_req_failed": {
            "passes": 0,
            "fails": 65871,
            "value": 0
        },
        "http_req_tls_handshaking": {
            "avg": 0,
            "min": 0,
            "med": 0,
            "max": 0,
            "p(90)": 0,
            "p(95)": 0
        },
        "checks": {
            "passes": 65871,
            "fails": 0,
            "value": 1
        },
        "data_received": {
            "count": 6916455,
            "rate": 68212.80133951819
        },
        "iteration_duration": {
            "p(90)": 1525.566709,
            "p(95)": 1579.3348959999998,
            "avg": 1527.1385971129112,
            "min": 1500.8485,
            "med": 1507.593917,
            "max": 2548.05375
        },
        "iterations": {
            "count": 65871,
            "rate": 649.6457270430303
        },
        "http_req_blocked": {
            "min": 0.047,
            "med": 0.309,
            "max": 295.331,
            "p(90)": 0.804,
            "p(95)": 1.308,
            "avg": 2.177015393724118
        },
        "vus_max": {
            "value": 1000,
            "min": 1000,
            "max": 1000
        },
        "vus": {
            "value": 365,
            "min": 365,
            "max": 1000
        },
        "http_req_connecting": {
            "max": 295.316,
            "p(90)": 0.74,
            "p(95)": 1.202,
            "avg": 2.097650437977268,
            "min": 0.038,
            "med": 0.282
        },
        "data_sent": {
            "count": 4742712,
            "rate": 46774.49234709819
        },
        "http_reqs": {
            "count": 65871,
            "rate": 649.6457270430303
        },
        "http_req_duration{expected_response:true}": {
            "med": 506.755,
            "max": 1520.874,
            "p(90)": 524.552,
            "p(95)": 577.3239999999996,
            "avg": 524.5301526164739,
            "min": 500.592
        },
        "http_req_duration": {
            "min": 500.592,
            "med": 506.755,
            "max": 1520.874,
            "p(90)": 524.552,
            "p(95)": 577.3239999999996,
            "avg": 524.5301526164739
        },
        "http_req_receiving": {
            "min": 0.005,
            "med": 0.021,
            "max": 284.786,
            "p(90)": 0.08,
            "p(95)": 0.175,
            "avg": 0.07594682030028098
        }
    },
    "root_group": {
        "path": "",
        "id": "d41d8cd98f00b204e9800998ecf8427e",
        "groups": {},
        "checks": {
                "status is 200": {
                    "id": "6210a8cd14cd70477eba5c5e4cb3fb5f",
                    "passes": 65871,
                    "fails": 0,
                    "name": "status is 200",
                    "path": "::status is 200"
                }
            },
        "name": ""
    }
}