{
    "root_group": {
        "checks": {
            "status is 200": {
                "name": "status is 200",
                "path": "::status is 200",
                "id": "6210a8cd14cd70477eba5c5e4cb3fb5f",
                "passes": 65882,
                "fails": 0
            }
        },
        "name": "",
        "path": "",
        "id": "d41d8cd98f00b204e9800998ecf8427e",
        "groups": {}
    },
    "metrics": {
        "data_received": {
            "count": 6917610,
            "rate": 68157.29497825923
        },
        "iteration_duration": {
            "p(90)": 1525.0747920000001,
            "p(95)": 1559.41091665,
            "avg": 1527.4756506198712,
            "min": 1500.84575,
            "med": 1507.0022085,
            "max": 2620.365375
        },
        "http_req_tls_handshaking": {
            "avg": 0,
            "min": 0,
            "med": 0,
            "max": 0,
            "p(90)": 0,
            "p(95)": 0
        },
        "http_req_receiving": {
            "avg": 0.16805701101971426,
            "min": 0.005,
            "med": 0.021,
            "max": 333.977,
            "p(90)": 0.073,
            "p(95)": 0.15994999999999707
        },
        "iterations": {
            "count": 65882,
            "rate": 649.1170950310403
        },
        "http_req_sending": {
            "p(95)": 0.139,
            "avg": 0.13782907319146417,
            "min": 0.003,
            "med": 0.011,
            "max": 54.316,
            "p(90)": 0.044
        },
        "http_req_waiting": {
            "avg": 524.0919046780577,
            "min": 500.62,
            "med": 506.036,
            "max": 1547.148,
            "p(90)": 521.9892,
            "p(95)": 550.87055
        },
        "vus": {
            "value": 234,
            "min": 234,
            "max": 1000
        },
        "http_req_failed": {
            "passes": 0,
            "fails": 65882,
            "value": 0
        },
        "http_reqs": {
            "count": 65882,
            "rate": 649.1170950310403
        },
        "checks": {
            "fails": 0,
            "passes": 65882,
            "value": 1
        },
        "data_sent": {
            "count": 4743504,
            "rate": 46736.4308422349
        },
        "http_req_connecting": {
            "avg": 2.27826831304458,
            "min": 0.064,
            "med": 0.282,
            "max": 185.323,
            "p(90)": 0.866,
            "p(95)": 1.665949999999997
        },
        "vus_max": {
            "max": 1000,
            "value": 1000,
            "min": 1000
        },
        "http_req_duration": {
            "min": 500.656,
            "med": 506.1095,
            "max": 1547.66,
            "p(90)": 522.309,
            "p(95)": 552.5656,
            "avg": 524.397790762275
        },
        "http_req_duration{expected_response:true}": {
            "avg": 524.397790762275,
            "min": 500.656,
            "med": 506.1095,
            "max": 1547.66,
            "p(90)": 522.309,
            "p(95)": 552.5656
        },
        "http_req_blocked": {
            "avg": 2.380046507392024,
            "min": 0.071,
            "med": 0.308,
            "max": 187.557,
            "p(90)": 0.942,
            "p(95)": 1.869
        }
    }
}