{
    "metrics": {
        "http_req_duration{expected_response:true}": {
            "med": 506.15,
            "max": 792.989,
            "p(90)": 517.5302,
            "p(95)": 527.3380999999999,
            "avg": 511.67217000000466,
            "min": 500.422
        },
        "http_req_tls_handshaking": {
            "med": 0,
            "max": 0,
            "p(90)": 0,
            "p(95)": 0,
            "avg": 0,
            "min": 0
        },
        "vus": {
            "max": 1000,
            "value": 1000,
            "min": 1000
        },
        "data_received": {
            "count": 7035000,
            "rate": 69327.79972336878
        },
        "http_req_blocked": {
            "p(95)": 0.009,
            "avg": 0.7076220447741277,
            "min": 0,
            "med": 0.001,
            "max": 136.437,
            "p(90)": 0.004
        },
        "http_req_sending": {
            "min": 0.001,
            "med": 0.004,
            "max": 23.793,
            "p(90)": 0.023,
            "p(95)": 0.066,
            "avg": 0.08961570149250521
        },
        "http_req_connecting": {
            "med": 0,
            "max": 114.159,
            "p(90)": 0,
            "p(95)": 0,
            "avg": 0.6928589850746271,
            "min": 0
        },
        "http_req_receiving": {
            "avg": 0.049098656716407445,
            "min": 0.004,
            "med": 0.009,
            "max": 212.934,
            "p(90)": 0.026,
            "p(95)": 0.04
        },
        "http_req_waiting": {
            "med": 506.116,
            "max": 769.101,
            "p(90)": 517.2205,
            "p(95)": 526.7090499999999,
            "avg": 511.53345564178977,
            "min": 500.409
        },
        "http_req_failed": {
            "passes": 0,
            "fails": 67000,
            "value": 0
        },
        "checks": {
            "fails": 0,
            "passes": 67000,
            "value": 1
        },
        "http_req_duration": {
            "min": 500.422,
            "med": 506.15,
            "max": 792.989,
            "p(90)": 517.5302,
            "p(95)": 527.3380999999999,
            "avg": 511.67217000000466
        },
        "vus_max": {
            "min": 1000,
            "max": 1000,
            "value": 1000
        },
        "iteration_duration": {
            "avg": 1513.0168738696996,
            "min": 1500.583917,
            "med": 1506.468292,
            "max": 1819.551958,
            "p(90)": 1519.4630872,
            "p(95)": 1529.8587098
        },
        "data_sent": {
            "count": 4824000,
            "rate": 47539.062667452876
        },
        "iterations": {
            "count": 67000,
            "rate": 660.2647592701788
        },
        "http_reqs": {
            "count": 67000,
            "rate": 660.2647592701788
        }
    },
    "root_group": {
        "name": "",
        "path": "",
        "id": "d41d8cd98f00b204e9800998ecf8427e",
        "groups": {},
        "checks": {
                "status is 200": {
                    "name": "status is 200",
                    "path": "::status is 200",
                    "id": "6210a8cd14cd70477eba5c5e4cb3fb5f",
                    "passes": 67000,
                    "fails": 0
                }
            }
    }
}