{
    "root_group": {
        "path": "",
        "id": "d41d8cd98f00b204e9800998ecf8427e",
        "groups": {},
        "checks": {
                "status is 200": {
                    "passes": 65530,
                    "fails": 0,
                    "name": "status is 200",
                    "path": "::status is 200",
                    "id": "6210a8cd14cd70477eba5c5e4cb3fb5f"
                }
            },
        "name": ""
    },
    "metrics": {
        "http_req_failed": {
            "passes": 0,
            "fails": 65530,
            "value": 0
        },
        "http_req_tls_handshaking": {
            "avg": 0,
            "min": 0,
            "med": 0,
            "max": 0,
            "p(90)": 0,
            "p(95)": 0
        },
        "http_req_receiving": {
            "min": 0.005,
            "med": 0.022,
            "max": 468.576,
            "p(90)": 0.087,
            "p(95)": 0.201,
            "avg": 0.1606936822829332
        },
        "http_req_duration{expected_response:true}": {
            "max": 4562.353,
            "p(90)": 526.3756,
            "p(95)": 596.76285,
            "avg": 535.3919684266723,
            "min": 500.683,
            "med": 506.25
        },
        "checks": {
            "passes": 65530,
            "fails": 0,
            "value": 1
        },
        "data_received": {
            "count": 6880650,
            "rate": 67586.99540023576
        },
        "http_req_sending": {
            "med": 0.012,
            "max": 58.453,
            "p(90)": 0.045,
            "p(95)": 0.117,
            "avg": 0.10909729894705665,
            "min": 0.003
        },
        "vus_max": {
            "max": 1000,
            "value": 1000,
            "min": 1000
        },
        "http_req_waiting": {
            "avg": 535.1221774454478,
            "min": 500.658,
            "med": 506.166,
            "max": 4560.084,
            "p(90)": 525.8886,
            "p(95)": 595.38175
        },
        "iteration_duration": {
            "med": 1507.095771,
            "max": 5749.396792,
            "p(90)": 1529.5196285,
            "p(95)": 1613.65334405,
            "avg": 1538.1227658255043,
            "min": 1500.96175
        },
        "iterations": {
            "count": 65530,
            "rate": 643.6856704784358
        },
        "http_req_duration": {
            "p(95)": 596.76285,
            "avg": 535.3919684266723,
            "min": 500.683,
            "med": 506.25,
            "max": 4562.353,
            "p(90)": 526.3756
        },
        "data_sent": {
            "count": 4718160,
            "rate": 46345.36827444737
        },
        "http_reqs": {
            "count": 65530,
            "rate": 643.6856704784358
        },
        "http_req_blocked": {
            "avg": 2.0898840378452412,
            "min": 0.058,
            "med": 0.302,
            "max": 225.238,
            "p(90)": 0.814,
            "p(95)": 1.618
        },
        "vus": {
            "value": 387,
            "min": 387,
            "max": 1000
        },
        "http_req_connecting": {
            "p(90)": 0.741,
            "p(95)": 1.408,
            "avg": 0.70253709751259,
            "min": 0.049,
            "med": 0.276,
            "max": 82.505
        }
    }
}