{
    "metrics": {
        "http_reqs": {
            "count": 65644,
            "rate": 631.6638751435579
        },
        "http_req_tls_handshaking": {
            "p(95)": 0,
            "avg": 0,
            "min": 0,
            "med": 0,
            "max": 0,
            "p(90)": 0
        },
        "vus": {
            "min": 6,
            "max": 1000,
            "value": 6
        },
        "iteration_duration": {
            "avg": 1536.2208651531741,
            "min": 1500.82025,
            "med": 1505.806396,
            "max": 4040.778542,
            "p(90)": 1538.7718125000001,
            "p(95)": 1646.3462204999996
        },
        "http_req_waiting": {
            "min": 500.548,
            "med": 504.847,
            "max": 3040.271,
            "p(90)": 535.0717000000001,
            "p(95)": 640.4044999999999,
            "avg": 533.9888787398705
        },
        "data_sent": {
            "count": 4726368,
            "rate": 45479.799010336166
        },
        "http_req_duration{expected_response:true}": {
            "max": 3023.386,
            "p(90)": 535.121,
            "p(95)": 637.4692499999995,
            "avg": 531.7931041082104,
            "min": 500.586,
            "med": 504.958
        },
        "http_req_sending": {
            "avg": 0.09615644994211953,
            "min": 0.003,
            "med": 0.012,
            "max": 29.175,
            "p(90)": 0.059,
            "p(95)": 0.191
        },
        "http_req_failed": {
            "passes": 68,
            "fails": 65576,
            "value": 0.0010358905612089452
        },
        "http_req_blocked": {
            "med": 0.244,
            "max": 133.084,
            "p(90)": 0.787,
            "p(95)": 1.973849999999997,
            "avg": 1.2940895588324868,
            "min": 0.004
        },
        "http_req_connecting": {
            "avg": 1.2157427639997824,
            "min": 0,
            "med": 0.218,
            "max": 128.619,
            "p(90)": 0.67,
            "p(95)": 1.601849999999997
        },
        "iterations": {
            "count": 65644,
            "rate": 631.6638751435579
        },
        "vus_max": {
            "value": 1000,
            "min": 1000,
            "max": 1000
        },
        "checks": {
            "passes": 65576,
            "fails": 68,
            "value": 0.9989641094387911
        },
        "data_received": {
            "count": 6887932,
            "rate": 66279.59628976474
        },
        "http_req_receiving": {
            "avg": 0.25174011333862956,
            "min": 0.005,
            "med": 0.023,
            "max": 2490.38,
            "p(90)": 0.114,
            "p(95)": 0.267
        },
        "http_req_duration": {
            "p(90)": 535.771,
            "p(95)": 641.3739999999999,
            "avg": 534.3367753031495,
            "min": 500.586,
            "med": 504.962,
            "max": 3040.336
        }
    },
    "root_group": {
        "name": "",
        "path": "",
        "id": "d41d8cd98f00b204e9800998ecf8427e",
        "groups": {},
        "checks": {
                "status is 200": {
                    "name": "status is 200",
                    "path": "::status is 200",
                    "id": "6210a8cd14cd70477eba5c5e4cb3fb5f",
                    "passes": 65576,
                    "fails": 68
                }
            }
    }
}