{
    "metrics": {
        "vus_max": {
            "value": 1000,
            "min": 1000,
            "max": 1000
        },
        "iteration_duration": {
            "max": 8569.480583,
            "p(90)": 1536.8735746,
            "p(95)": 1602.7846212,
            "avg": 1541.4599030549803,
            "min": 1500.757959,
            "med": 1506.083459
        },
        "http_req_duration": {
            "avg": 539.1050487300778,
            "min": 500.547,
            "med": 505.253,
            "max": 7486.784,
            "p(90)": 533.8552000000001,
            "p(95)": 592.2358999999999
        },
        "http_req_waiting": {
            "avg": 538.7979570569108,
            "min": 500.484,
            "med": 505.162,
            "max": 7484.598,
            "p(90)": 533.2864,
            "p(95)": 590.1791999999999
        },
        "http_req_failed": {
            "passes": 9,
            "fails": 65310,
            "value": 0.00013778533045515087
        },
        "http_req_sending": {
            "max": 89.417,
            "p(90)": 0.048,
            "p(95)": 0.134,
            "avg": 0.1279730400036792,
            "min": 0.003,
            "med": 0.012
        },
        "checks": {
            "passes": 65310,
            "fails": 9,
            "value": 0.9998622146695448
        },
        "http_req_receiving": {
            "avg": 0.17911863316953477,
            "min": 0.005,
            "med": 0.023,
            "max": 304.266,
            "p(90)": 0.099,
            "p(95)": 0.212
        },
        "data_sent": {
            "rate": 46332.41560110827,
            "count": 4702968
        },
        "http_reqs": {
            "count": 65319,
            "rate": 643.5057722376148
        },
        "http_req_duration{expected_response:true}": {
            "avg": 538.2136758995553,
            "min": 500.547,
            "med": 505.253,
            "max": 7486.784,
            "p(90)": 533.7912,
            "p(95)": 591.4476499999998
        },
        "http_req_blocked": {
            "med": 0.242,
            "max": 155.712,
            "p(90)": 0.705,
            "p(95)": 1.5520999999999971,
            "avg": 1.7194956291431214,
            "min": 0.061
        },
        "http_req_connecting": {
            "med": 0.216,
            "max": 154.629,
            "p(90)": 0.619,
            "p(95)": 1.3420999999999972,
            "avg": 1.6290913057456449,
            "min": 0.049
        },
        "http_req_tls_handshaking": {
            "avg": 0,
            "min": 0,
            "med": 0,
            "max": 0,
            "p(90)": 0,
            "p(95)": 0
        },
        "iterations": {
            "count": 65319,
            "rate": 643.5057722376148
        },
        "vus": {
            "value": 293,
            "min": 293,
            "max": 1000
        },
        "data_received": {
            "rate": 67561.9881547216,
            "count": 6857874
        }
    },
    "root_group": {
        "name": "",
        "path": "",
        "id": "d41d8cd98f00b204e9800998ecf8427e",
        "groups": {},
        "checks": {
                "status is 200": {
                    "name": "status is 200",
                    "path": "::status is 200",
                    "id": "6210a8cd14cd70477eba5c5e4cb3fb5f",
                    "passes": 65310,
                    "fails": 9
                }
            }
    }
}