{
    "root_group": {
        "checks": {
            "status is 200": {
                "name": "status is 200",
                "path": "::status is 200",
                "id": "6210a8cd14cd70477eba5c5e4cb3fb5f",
                "passes": 64568,
                "fails": 30
            }
        },
        "name": "",
        "path": "",
        "id": "d41d8cd98f00b204e9800998ecf8427e",
        "groups": {}
    },
    "metrics": {
        "http_req_tls_handshaking": {
            "avg": 0,
            "min": 0,
            "med": 0,
            "max": 0,
            "p(90)": 0,
            "p(95)": 0
        },
        "vus": {
            "value": 424,
            "min": 424,
            "max": 1000
        },
        "iterations": {
            "count": 64598,
            "rate": 636.5911526286071
        },
        "http_req_connecting": {
            "avg": 1.2227538004272573,
            "min": 0.048,
            "med": 0.215,
            "max": 104.268,
            "p(90)": 0.56,
            "p(95)": 1.023
        },
        "data_sent": {
            "rate": 45834.56298925971,
            "count": 4651056
        },
        "http_req_receiving": {
            "p(95)": 0.222,
            "avg": 0.13730860088548327,
            "min": 0.005,
            "med": 0.023,
            "max": 167.77,
            "p(90)": 0.098
        },
        "checks": {
            "fails": 30,
            "passes": 64568,
            "value": 0.9995355893371312
        },
        "http_reqs": {
            "count": 64598,
            "rate": 636.5911526286071
        },
        "http_req_sending": {
            "avg": 0.11039578624726283,
            "min": 0.003,
            "med": 0.012,
            "max": 32.575,
            "p(90)": 0.044,
            "p(95)": 0.099
        },
        "http_req_waiting": {
            "p(95)": 575.7394499999999,
            "avg": 556.0164923836644,
            "min": 500.492,
            "med": 505.029,
            "max": 12606.427,
            "p(90)": 533.7722
        },
        "vus_max": {
            "value": 1000,
            "min": 1000,
            "max": 1000
        },
        "http_req_duration{expected_response:true}": {
            "min": 500.549,
            "med": 505.111,
            "max": 12612.998,
            "p(90)": 534.022,
            "p(95)": 575.2554499999999,
            "avg": 553.2266554175474
        },
        "http_req_blocked": {
            "med": 0.241,
            "max": 105.246,
            "p(90)": 0.625,
            "p(95)": 1.15,
            "avg": 1.2777558593145402,
            "min": 0.06
        },
        "data_received": {
            "count": 6780720,
            "rate": 66821.67188538112
        },
        "http_req_failed": {
            "passes": 30,
            "fails": 64568,
            "value": 0.00046441066286881947
        },
        "iteration_duration": {
            "p(90)": 1535.3301581,
            "p(95)": 1580.1506187999998,
            "avg": 1557.9448696665843,
            "min": 1500.731666,
            "med": 1505.837458,
            "max": 13691.745667
        },
        "http_req_duration": {
            "p(90)": 534.1799000000001,
            "p(95)": 576.1919999999999,
            "avg": 556.2641967708015,
            "min": 500.549,
            "med": 505.113,
            "max": 12612.998
        }
    }
}