{
    "root_group": {
        "name": "",
        "path": "",
        "id": "d41d8cd98f00b204e9800998ecf8427e",
        "groups": {},
        "checks": {
                "status is 200": {
                    "name": "status is 200",
                    "path": "::status is 200",
                    "id": "6210a8cd14cd70477eba5c5e4cb3fb5f",
                    "passes": 65858,
                    "fails": 0
                }
            }
    },
    "metrics": {
        "iterations": {
            "count": 65858,
            "rate": 650.1350127398645
        },
        "data_sent": {
            "count": 4741776,
            "rate": 46809.720917270235
        },
        "http_req_waiting": {
            "avg": 523.2045112514778,
            "min": 500.661,
            "med": 506.348,
            "max": 1663.578,
            "p(90)": 524.6343,
            "p(95)": 549.7624
        },
        "http_req_receiving": {
            "max": 76.211,
            "p(90)": 0.078,
            "p(95)": 0.174,
            "avg": 0.0830992741960015,
            "min": 0.005,
            "med": 0.021
        },
        "http_req_duration{expected_response:true}": {
            "avg": 523.7035999423032,
            "min": 500.698,
            "med": 506.427,
            "max": 1663.71,
            "p(90)": 524.8916,
            "p(95)": 550.2787500000001
        },
        "http_req_sending": {
            "med": 0.011,
            "max": 157.849,
            "p(90)": 0.042,
            "p(95)": 0.104,
            "avg": 0.4159894166235387,
            "min": 0.003
        },
        "vus": {
            "value": 165,
            "min": 165,
            "max": 1000
        },
        "checks": {
            "passes": 65858,
            "fails": 0,
            "value": 1
        },
        "data_received": {
            "count": 6915090,
            "rate": 68264.17633768576
        },
        "http_req_failed": {
            "passes": 0,
            "fails": 65858,
            "value": 0
        },
        "http_req_blocked": {
            "p(90)": 0.809,
            "p(95)": 1.3821499999999969,
            "avg": 3.383155394940601,
            "min": 0.059,
            "med": 0.303,
            "max": 289.055
        },
        "http_req_duration": {
            "avg": 523.7035999423032,
            "min": 500.698,
            "med": 506.427,
            "max": 1663.71,
            "p(90)": 524.8916,
            "p(95)": 550.2787500000001
        },
        "http_reqs": {
            "count": 65858,
            "rate": 650.1350127398645
        },
        "http_req_connecting": {
            "avg": 3.3016948282669625,
            "min": 0.052,
            "med": 0.276,
            "max": 289.031,
            "p(90)": 0.739,
            "p(95)": 1.252149999999997
        },
        "iteration_duration": {
            "max": 2664.330208,
            "p(90)": 1526.2749377,
            "p(95)": 1551.5372973499998,
            "avg": 1527.5616343491677,
            "min": 1500.935375,
            "med": 1507.2628335
        },
        "http_req_tls_handshaking": {
            "p(90)": 0,
            "p(95)": 0,
            "avg": 0,
            "min": 0,
            "med": 0,
            "max": 0
        },
        "vus_max": {
            "value": 1000,
            "min": 1000,
            "max": 1000
        }
    }
}