{
    "root_group": {
        "name": "",
        "path": "",
        "id": "d41d8cd98f00b204e9800998ecf8427e",
        "groups": {},
        "checks": {
                "status is 200": {
                    "name": "status is 200",
                    "path": "::status is 200",
                    "id": "6210a8cd14cd70477eba5c5e4cb3fb5f",
                    "passes": 65842,
                    "fails": 0
                }
            }
    },
    "metrics": {
        "data_sent": {
            "count": 4740624,
            "rate": 46703.609416281135
        },
        "http_req_blocked": {
            "p(90)": 0.675,
            "p(95)": 1.362949999999997,
            "avg": 2.0515876340329697,
            "min": 0.052,
            "med": 0.247,
            "max": 195.298
        },
        "iteration_duration": {
            "max": 2748.8455,
            "p(90)": 1527.8814581,
            "p(95)": 1557.0225806499998,
            "avg": 1530.0732978309036,
            "min": 1500.846542,
            "med": 1505.8894585
        },
        "vus": {
            "value": 400,
            "min": 400,
            "max": 1000
        },
        "http_req_sending": {
            "avg": 0.08645117098509182,
            "min": 0.003,
            "med": 0.012,
            "max": 61.176,
            "p(90)": 0.043,
            "p(95)": 0.104
        },
        "http_req_duration{expected_response:true}": {
            "avg": 527.6204314419392,
            "min": 500.584,
            "med": 505.1355,
            "max": 1747.964,
            "p(90)": 526.6425,
            "p(95)": 553.80365
        },
        "http_req_duration": {
            "p(95)": 553.80365,
            "avg": 527.6204314419392,
            "min": 500.584,
            "med": 505.1355,
            "max": 1747.964,
            "p(90)": 526.6425
        },
        "http_req_waiting": {
            "min": 500.561,
            "med": 505.049,
            "max": 1747.681,
            "p(90)": 526.3366,
            "p(95)": 553.2250499999999,
            "avg": 527.420140138517
        },
        "http_req_failed": {
            "passes": 0,
            "fails": 65842,
            "value": 0
        },
        "http_req_tls_handshaking": {
            "avg": 0,
            "min": 0,
            "med": 0,
            "max": 0,
            "p(90)": 0,
            "p(95)": 0
        },
        "http_req_receiving": {
            "p(90)": 0.085,
            "p(95)": 0.18,
            "avg": 0.11384013243826413,
            "min": 0.005,
            "med": 0.022,
            "max": 233.554
        },
        "data_received": {
            "count": 6913410,
            "rate": 68109.43039874332
        },
        "http_req_connecting": {
            "med": 0.222,
            "max": 190.675,
            "p(90)": 0.595,
            "p(95)": 1.174,
            "avg": 1.961663618966596,
            "min": 0.041
        },
        "http_reqs": {
            "count": 65842,
            "rate": 648.6612418927936
        },
        "checks": {
            "passes": 65842,
            "fails": 0,
            "value": 1
        },
        "vus_max": {
            "value": 1000,
            "min": 1000,
            "max": 1000
        },
        "iterations": {
            "count": 65842,
            "rate": 648.6612418927936
        }
    }
}