{
    "metrics": {
        "http_req_connecting": {
            "p(95)": 1.746,
            "avg": 2.295418173522882,
            "min": 0.06,
            "med": 0.217,
            "max": 181.715,
            "p(90)": 0.636
        },
        "http_req_sending": {
            "p(90)": 0.054,
            "p(95)": 0.1662999999999971,
            "avg": 0.1744307657212382,
            "min": 0.003,
            "med": 0.012,
            "max": 104.071
        },
        "http_req_failed": {
            "passes": 0,
            "fails": 65755,
            "value": 0
        },
        "vus": {
            "value": 533,
            "min": 533,
            "max": 1000
        },
        "http_req_duration{expected_response:true}": {
            "med": 504.798,
            "max": 1847.86,
            "p(90)": 533.7622,
            "p(95)": 588.6078,
            "avg": 530.4191693255257,
            "min": 500.57
        },
        "vus_max": {
            "value": 1000,
            "min": 1000,
            "max": 1000
        },
        "iteration_duration": {
            "avg": 1533.6696955255468,
            "min": 1500.741042,
            "med": 1505.574417,
            "max": 2848.336542,
            "p(90)": 1537.7853912,
            "p(95)": 1601.3017037
        },
        "iterations": {
            "count": 65755,
            "rate": 647.7690373315734
        },
        "http_req_tls_handshaking": {
            "med": 0,
            "max": 0,
            "p(90)": 0,
            "p(95)": 0,
            "avg": 0,
            "min": 0
        },
        "checks": {
            "passes": 65755,
            "fails": 0,
            "value": 1
        },
        "http_req_duration": {
            "p(95)": 588.6078,
            "avg": 530.4191693255257,
            "min": 500.57,
            "med": 504.798,
            "max": 1847.86,
            "p(90)": 533.7622
        },
        "http_req_waiting": {
            "avg": 530.0604626872487,
            "min": 500.535,
            "med": 504.703,
            "max": 1674.889,
            "p(90)": 533.0558,
            "p(95)": 584.3309999999999
        },
        "http_reqs": {
            "rate": 647.7690373315734,
            "count": 65755
        },
        "http_req_receiving": {
            "min": 0.005,
            "med": 0.023,
            "max": 214.313,
            "p(90)": 0.106,
            "p(95)": 0.23529999999999707,
            "avg": 0.18427587255722472
        },
        "data_received": {
            "count": 6904275,
            "rate": 68015.7489198152
        },
        "data_sent": {
            "count": 4734360,
            "rate": 46639.370687873285
        },
        "http_req_blocked": {
            "p(95)": 2.189299999999997,
            "avg": 2.4509613565508257,
            "min": 0.072,
            "med": 0.243,
            "max": 190.016,
            "p(90)": 0.739
        }
    },
    "root_group": {
        "name": "",
        "path": "",
        "id": "d41d8cd98f00b204e9800998ecf8427e",
        "groups": {},
        "checks": {
                "status is 200": {
                    "name": "status is 200",
                    "path": "::status is 200",
                    "id": "6210a8cd14cd70477eba5c5e4cb3fb5f",
                    "passes": 65755,
                    "fails": 0
                }
            }
    }
}