{
    "root_group": {
        "name": "",
        "path": "",
        "id": "d41d8cd98f00b204e9800998ecf8427e",
        "groups": {},
        "checks": {
                "status is 200": {
                    "fails": 0,
                    "name": "status is 200",
                    "path": "::status is 200",
                    "id": "6210a8cd14cd70477eba5c5e4cb3fb5f",
                    "passes": 65652
                }
            }
    },
    "metrics": {
        "data_received": {
            "count": 6893460,
            "rate": 67270.99239434734
        },
        "checks": {
            "passes": 65652,
            "fails": 0,
            "value": 1
        },
        "http_req_connecting": {
            "med": 0.221,
            "max": 126.344,
            "p(90)": 0.574,
            "p(95)": 1.168,
            "avg": 1.3626247486748422,
            "min": 0.063
        },
        "http_reqs": {
            "count": 65652,
            "rate": 640.6761180414031
        },
        "data_sent": {
            "count": 4726944,
            "rate": 46128.680498981026
        },
        "http_req_waiting": {
            "med": 505.247,
            "max": 5114.703,
            "p(90)": 535.8443,
            "p(95)": 613.2341999999998,
            "avg": 536.0403225644318,
            "min": 500.504
        },
        "vus_max": {
            "value": 1000,
            "min": 1000,
            "max": 1000
        },
        "http_req_duration": {
            "min": 500.539,
            "med": 505.327,
            "max": 5144.358,
            "p(90)": 536.2315,
            "p(95)": 616.0885999999998,
            "avg": 536.3568129988436
        },
        "http_req_receiving": {
            "med": 0.023,
            "max": 367.601,
            "p(90)": 0.097,
            "p(95)": 0.205,
            "avg": 0.1611200572716796,
            "min": 0.005
        },
        "http_req_blocked": {
            "p(95)": 1.354,
            "avg": 1.4212995796014969,
            "min": 0.07,
            "med": 0.247,
            "max": 127.173,
            "p(90)": 0.648
        },
        "http_req_tls_handshaking": {
            "p(90)": 0,
            "p(95)": 0,
            "avg": 0,
            "min": 0,
            "med": 0,
            "max": 0
        },
        "http_req_sending": {
            "min": 0.003,
            "med": 0.012,
            "max": 72.899,
            "p(90)": 0.045,
            "p(95)": 0.107,
            "avg": 0.15537037714007182
        },
        "vus": {
            "value": 127,
            "min": 127,
            "max": 1000
        },
        "http_req_failed": {
            "passes": 0,
            "fails": 65652,
            "value": 0
        },
        "iteration_duration": {
            "med": 1506.068333,
            "max": 6218.0425,
            "p(90)": 1537.1504542,
            "p(95)": 1629.1037561,
            "avg": 1538.1643604412154,
            "min": 1500.832625
        },
        "http_req_duration{expected_response:true}": {
            "p(95)": 616.0885999999998,
            "avg": 536.3568129988436,
            "min": 500.539,
            "med": 505.327,
            "max": 5144.358,
            "p(90)": 536.2315
        },
        "iterations": {
            "rate": 640.6761180414031,
            "count": 65652
        }
    }
}