{
    "root_group": {
        "name": "",
        "path": "",
        "id": "d41d8cd98f00b204e9800998ecf8427e",
        "groups": {},
        "checks": {
                "status is 200": {
                    "path": "::status is 200",
                    "id": "6210a8cd14cd70477eba5c5e4cb3fb5f",
                    "passes": 65952,
                    "fails": 0,
                    "name": "status is 200"
                }
            }
    },
    "metrics": {
        "http_req_duration": {
            "avg": 525.5261001334313,
            "min": 500.61,
            "med": 505.758,
            "max": 1567.807,
            "p(90)": 524.9213,
            "p(95)": 571.6887499999999
        },
        "iterations": {
            "count": 65952,
            "rate": 649.7616200849167
        },
        "http_req_failed": {
            "passes": 0,
            "fails": 65952,
            "value": 0
        },
        "vus_max": {
            "value": 1000,
            "min": 1000,
            "max": 1000
        },
        "http_req_receiving": {
            "avg": 0.10708616872878232,
            "min": 0.005,
            "med": 0.021,
            "max": 224.266,
            "p(90)": 0.081,
            "p(95)": 0.182
        },
        "iteration_duration": {
            "med": 1506.6020205,
            "max": 2593.735583,
            "p(90)": 1527.1491039,
            "p(95)": 1574.14467675,
            "avg": 1528.681865006117,
            "min": 1500.903125
        },
        "checks": {
            "passes": 65952,
            "fails": 0,
            "value": 1
        },
        "http_reqs": {
            "count": 65952,
            "rate": 649.7616200849167
        },
        "http_req_blocked": {
            "p(95)": 1.263,
            "avg": 2.6678709516012047,
            "min": 0.063,
            "med": 0.296,
            "max": 249.441,
            "p(90)": 0.758
        },
        "http_req_tls_handshaking": {
            "avg": 0,
            "min": 0,
            "med": 0,
            "max": 0,
            "p(90)": 0,
            "p(95)": 0
        },
        "http_req_duration{expected_response:true}": {
            "min": 500.61,
            "med": 505.758,
            "max": 1567.807,
            "p(90)": 524.9213,
            "p(95)": 571.6887499999999,
            "avg": 525.5261001334313
        },
        "http_req_sending": {
            "med": 0.012,
            "max": 159.564,
            "p(90)": 0.045,
            "p(95)": 0.117,
            "avg": 0.3516586305190422,
            "min": 0.003
        },
        "http_req_waiting": {
            "min": 500.555,
            "med": 505.682,
            "max": 1567.726,
            "p(90)": 524.3588000000001,
            "p(95)": 570.6114,
            "avg": 525.0673553341854
        },
        "data_sent": {
            "count": 4748544,
            "rate": 46782.836646114
        },
        "http_req_connecting": {
            "avg": 2.59774006853471,
            "min": 0.05,
            "med": 0.269,
            "max": 249.429,
            "p(90)": 0.693,
            "p(95)": 1.148449999999997
        },
        "vus": {
            "value": 505,
            "min": 505,
            "max": 1000
        },
        "data_received": {
            "count": 6924960,
            "rate": 68224.97010891626
        }
    }
}