{
    "metrics": {
        "http_req_duration": {
            "avg": 523.4773695780734,
            "min": 500.627,
            "med": 506.787,
            "max": 4529.734,
            "p(90)": 527.0772000000001,
            "p(95)": 546.6951
        },
        "http_req_waiting": {
            "min": 500.58,
            "med": 506.686,
            "max": 4529.694,
            "p(90)": 526.8284,
            "p(95)": 546.0939,
            "avg": 523.0746055125175
        },
        "http_req_blocked": {
            "avg": 0.7796451886778158,
            "min": 0.057,
            "med": 0.304,
            "max": 155.868,
            "p(90)": 0.883,
            "p(95)": 1.4690999999999972
        },
        "http_req_sending": {
            "min": 0.003,
            "med": 0.012,
            "max": 148.036,
            "p(90)": 0.046,
            "p(95)": 0.127,
            "avg": 0.33093200321401567
        },
        "data_sent": {
            "count": 4749048,
            "rate": 46789.1688454675
        },
        "data_received": {
            "count": 6925695,
            "rate": 68234.20456630677
        },
        "http_req_receiving": {
            "avg": 0.07183206234175238,
            "min": 0.006,
            "med": 0.021,
            "max": 64.425,
            "p(90)": 0.078,
            "p(95)": 0.177
        },
        "vus": {
            "value": 381,
            "min": 381,
            "max": 1000
        },
        "vus_max": {
            "value": 1000,
            "min": 1000,
            "max": 1000
        },
        "http_req_connecting": {
            "med": 0.276,
            "max": 59.959,
            "p(90)": 0.7992000000000015,
            "p(95)": 1.316,
            "avg": 0.691349595961134,
            "min": 0.048
        },
        "http_req_tls_handshaking": {
            "max": 0,
            "p(90)": 0,
            "p(95)": 0,
            "avg": 0,
            "min": 0,
            "med": 0
        },
        "checks": {
            "passes": 65959,
            "fails": 0,
            "value": 1
        },
        "http_req_failed": {
            "passes": 0,
            "fails": 65959,
            "value": 0
        },
        "iteration_duration": {
            "avg": 1524.8174611224126,
            "min": 1500.977167,
            "med": 1507.723916,
            "max": 5532.328375,
            "p(90)": 1528.9985834,
            "p(95)": 1549.5367048
        },
        "http_req_duration{expected_response:true}": {
            "avg": 523.4773695780734,
            "min": 500.627,
            "med": 506.787,
            "max": 4529.734,
            "p(90)": 527.0772000000001,
            "p(95)": 546.6951
        },
        "http_reqs": {
            "count": 65959,
            "rate": 649.8495672981597
        },
        "iterations": {
            "count": 65959,
            "rate": 649.8495672981597
        }
    },
    "root_group": {
        "name": "",
        "path": "",
        "id": "d41d8cd98f00b204e9800998ecf8427e",
        "groups": {},
        "checks": {
                "status is 200": {
                    "path": "::status is 200",
                    "id": "6210a8cd14cd70477eba5c5e4cb3fb5f",
                    "passes": 65959,
                    "fails": 0,
                    "name": "status is 200"
                }
            }
    }
}