{
    "root_group": {
        "name": "",
        "path": "",
        "id": "d41d8cd98f00b204e9800998ecf8427e",
        "groups": {},
        "checks": {
                "status is 200": {
                    "name": "status is 200",
                    "path": "::status is 200",
                    "id": "6210a8cd14cd70477eba5c5e4cb3fb5f",
                    "passes": 65993,
                    "fails": 0
                }
            }
    },
    "metrics": {
        "vus_max": {
            "value": 1000,
            "min": 1000,
            "max": 1000
        },
        "http_req_tls_handshaking": {
            "avg": 0,
            "min": 0,
            "med": 0,
            "max": 0,
            "p(90)": 0,
            "p(95)": 0
        },
        "data_received": {
            "count": 6929265,
            "rate": 68266.00169644723
        },
        "http_req_connecting": {
            "avg": 1.178897580046367,
            "min": 0.048,
            "med": 0.281,
            "max": 207.061,
            "p(90)": 0.758,
            "p(95)": 1.235
        },
        "http_req_duration{expected_response:true}": {
            "avg": 521.5325214947075,
            "min": 500.6,
            "med": 506.066,
            "max": 1565.308,
            "p(90)": 524.0656,
            "p(95)": 546.8076
        },
        "http_req_sending": {
            "avg": 0.3713728274209721,
            "min": 0.002,
            "med": 0.012,
            "max": 123.563,
            "p(90)": 0.043,
            "p(95)": 0.118
        },
        "iteration_duration": {
            "max": 2565.652084,
            "p(90)": 1526.6296746,
            "p(95)": 1551.2416332,
            "avg": 1523.5758719977607,
            "min": 1500.821417,
            "med": 1506.930583
        },
        "http_req_duration": {
            "p(95)": 546.8076,
            "avg": 521.5325214947075,
            "min": 500.6,
            "med": 506.066,
            "max": 1565.308,
            "p(90)": 524.0656
        },
        "iterations": {
            "count": 65993,
            "rate": 650.1523971090212
        },
        "data_sent": {
            "count": 4751496,
            "rate": 46810.97259184953
        },
        "checks": {
            "passes": 65993,
            "fails": 0,
            "value": 1
        },
        "http_reqs": {
            "count": 65993,
            "rate": 650.1523971090212
        },
        "http_req_receiving": {
            "max": 157.608,
            "p(90)": 0.078,
            "p(95)": 0.168,
            "avg": 0.0772020365796363,
            "min": 0.005,
            "med": 0.021
        },
        "http_req_blocked": {
            "avg": 1.4578600457624267,
            "min": 0.057,
            "med": 0.308,
            "max": 209.125,
            "p(90)": 0.826,
            "p(95)": 1.414
        },
        "http_req_waiting": {
            "p(95)": 546.0902,
            "avg": 521.0839466307038,
            "min": 500.575,
            "med": 505.994,
            "max": 1565.226,
            "p(90)": 523.7098
        },
        "vus": {
            "max": 1000,
            "value": 241,
            "min": 241
        },
        "http_req_failed": {
            "passes": 0,
            "fails": 65993,
            "value": 0
        }
    }
}