{
    "root_group": {
        "groups": {},
        "checks": {
                "status is 200": {
                    "id": "6210a8cd14cd70477eba5c5e4cb3fb5f",
                    "passes": 67000,
                    "fails": 0,
                    "name": "status is 200",
                    "path": "::status is 200"
                }
            },
        "name": "",
        "path": "",
        "id": "d41d8cd98f00b204e9800998ecf8427e"
    },
    "metrics": {
        "vus": {
            "min": 1000,
            "max": 1000,
            "value": 1000
        },
        "http_req_duration": {
            "min": 500.416,
            "med": 506.63149999999996,
            "max": 673.026,
            "p(90)": 516.587,
            "p(95)": 523.73425,
            "avg": 509.3144441492555
        },
        "http_req_connecting": {
            "p(95)": 0,
            "avg": 0.2004253134328357,
            "min": 0,
            "med": 0,
            "max": 36.344,
            "p(90)": 0
        },
        "http_req_duration{expected_response:true}": {
            "avg": 509.3144441492555,
            "min": 500.416,
            "med": 506.63149999999996,
            "max": 673.026,
            "p(90)": 516.587,
            "p(95)": 523.73425
        },
        "http_req_blocked": {
            "max": 128.836,
            "p(90)": 0.005,
            "p(95)": 0.011,
            "avg": 0.2273046567166754,
            "min": 0,
            "med": 0.001
        },
        "http_req_waiting": {
            "min": 500.4,
            "med": 506.483,
            "max": 672.985,
            "p(90)": 515.853,
            "p(95)": 521.0531,
            "avg": 508.65987698507485
        },
        "vus_max": {
            "min": 1000,
            "max": 1000,
            "value": 1000
        },
        "http_req_sending": {
            "p(95)": 0.132,
            "avg": 0.6389149850748412,
            "min": 0.001,
            "med": 0.004,
            "max": 129.483,
            "p(90)": 0.033
        },
        "http_req_failed": {
            "passes": 0,
            "fails": 67000,
            "value": 0
        },
        "checks": {
            "fails": 0,
            "passes": 67000,
            "value": 1
        },
        "iterations": {
            "rate": 660.8095467293296,
            "count": 67000
        },
        "http_reqs": {
            "count": 67000,
            "rate": 660.8095467293296
        },
        "http_req_receiving": {
            "avg": 0.015652179104473446,
            "min": 0.004,
            "med": 0.009,
            "max": 4.63,
            "p(90)": 0.024,
            "p(95)": 0.035
        },
        "iteration_duration": {
            "min": 1500.530417,
            "med": 1507.373771,
            "max": 1733.245584,
            "p(90)": 1521.0446298,
            "p(95)": 1534.82123785,
            "avg": 1511.197174902771
        },
        "data_sent": {
            "count": 4824000,
            "rate": 47578.28736451173
        },
        "data_received": {
            "count": 7035000,
            "rate": 69385.0024065796
        },
        "http_req_tls_handshaking": {
            "avg": 0,
            "min": 0,
            "med": 0,
            "max": 0,
            "p(90)": 0,
            "p(95)": 0
        }
    }
}