{
    "metrics": {
        "vus_max": {
            "value": 1000,
            "min": 1000,
            "max": 1000
        },
        "http_reqs": {
            "count": 65754,
            "rate": 646.2159444275909
        },
        "http_req_tls_handshaking": {
            "avg": 0,
            "min": 0,
            "med": 0,
            "max": 0,
            "p(90)": 0,
            "p(95)": 0
        },
        "http_req_blocked": {
            "avg": 1.6994135413815057,
            "min": 0.068,
            "med": 0.241,
            "max": 161.221,
            "p(90)": 0.634,
            "p(95)": 1.315
        },
        "vus": {
            "value": 423,
            "min": 423,
            "max": 1000
        },
        "http_req_receiving": {
            "avg": 0.0793776500288962,
            "min": 0.005,
            "med": 0.022,
            "max": 128.847,
            "p(90)": 0.08470000000000147,
            "p(95)": 0.168
        },
        "iteration_duration": {
            "avg": 1532.7288293272734,
            "min": 1500.824625,
            "med": 1505.6184165,
            "max": 6204.346542,
            "p(90)": 1531.349275,
            "p(95)": 1583.6569231499996
        },
        "http_req_waiting": {
            "p(90)": 529.3224,
            "p(95)": 578.95305,
            "avg": 530.3111268059743,
            "min": 500.516,
            "med": 504.773,
            "max": 5203.136
        },
        "http_req_failed": {
            "passes": 1,
            "fails": 65753,
            "value": 0.000015208200261581045
        },
        "data_sent": {
            "count": 4734288,
            "rate": 46527.54799878655
        },
        "http_req_duration": {
            "max": 5203.306,
            "p(90)": 529.7156,
            "p(95)": 579.8037499999998,
            "avg": 530.5887135991754,
            "min": 500.607,
            "med": 504.84749999999997
        },
        "http_req_sending": {
            "avg": 0.19820914316996655,
            "min": 0.003,
            "med": 0.012,
            "max": 84.026,
            "p(90)": 0.045,
            "p(95)": 0.10734999999999707
        },
        "data_received": {
            "count": 6904101,
            "rate": 67851.99604797388
        },
        "http_req_connecting": {
            "avg": 1.6343462603035488,
            "min": 0.062,
            "med": 0.216,
            "max": 152.658,
            "p(90)": 0.5677000000000014,
            "p(95)": 1.136
        },
        "checks": {
            "passes": 65753,
            "fails": 1,
            "value": 0.9999847917997384
        },
        "iterations": {
            "count": 65754,
            "rate": 646.2159444275909
        },
        "http_req_duration{expected_response:true}": {
            "avg": 530.517648898152,
            "min": 500.607,
            "med": 504.847,
            "max": 1984.068,
            "p(90)": 529.7092,
            "p(95)": 579.782
        }
    },
    "root_group": {
        "path": "",
        "id": "d41d8cd98f00b204e9800998ecf8427e",
        "groups": {},
        "checks": {
                "status is 200": {
                    "name": "status is 200",
                    "path": "::status is 200",
                    "id": "6210a8cd14cd70477eba5c5e4cb3fb5f",
                    "passes": 65753,
                    "fails": 1
                }
            },
        "name": ""
    }
}