{
    "metrics": {
        "http_reqs": {
            "count": 65520,
            "rate": 645.6216412610643
        },
        "http_req_blocked": {
            "avg": 2.308989957264943,
            "min": 0.061,
            "med": 0.247,
            "max": 275.313,
            "p(90)": 0.704,
            "p(95)": 1.501
        },
        "http_req_tls_handshaking": {
            "p(95)": 0,
            "avg": 0,
            "min": 0,
            "med": 0,
            "max": 0,
            "p(90)": 0
        },
        "http_req_sending": {
            "max": 121.16,
            "p(90)": 0.046,
            "p(95)": 0.118,
            "avg": 0.5503158272283563,
            "min": 0.002,
            "med": 0.012
        },
        "iterations": {
            "count": 65520,
            "rate": 645.6216412610643
        },
        "http_req_duration": {
            "min": 499.96,
            "med": 504.844,
            "max": 4549.733,
            "p(90)": 528.1241,
            "p(95)": 597.0008499999999,
            "avg": 532.3258755036654
        },
        "http_req_duration{expected_response:true}": {
            "avg": 532.3258755036654,
            "min": 499.96,
            "med": 504.844,
            "max": 4549.733,
            "p(90)": 528.1241,
            "p(95)": 597.0008499999999
        },
        "http_req_waiting": {
            "min": 499.926,
            "med": 504.767,
            "max": 4549.67,
            "p(90)": 527.6415999999999,
            "p(95)": 588.9865,
            "avg": 531.5983080738727
        },
        "http_req_receiving": {
            "max": 563.315,
            "p(90)": 0.092,
            "p(95)": 0.19,
            "avg": 0.17725160256411804,
            "min": 0.005,
            "med": 0.023
        },
        "data_sent": {
            "count": 4717440,
            "rate": 46484.758170796624
        },
        "vus": {
            "value": 330,
            "min": 330,
            "max": 1000
        },
        "http_req_failed": {
            "fails": 65520,
            "passes": 0,
            "value": 0
        },
        "iteration_duration": {
            "max": 5549.877833,
            "p(90)": 1530.0902833,
            "p(95)": 1612.4883527,
            "avg": 1535.3296749344995,
            "min": 1500.858583,
            "med": 1505.7117085
        },
        "checks": {
            "passes": 65520,
            "fails": 0,
            "value": 1
        },
        "data_received": {
            "count": 6879600,
            "rate": 67790.27233241174
        },
        "vus_max": {
            "value": 1000,
            "min": 1000,
            "max": 1000
        },
        "http_req_connecting": {
            "avg": 2.210494536019584,
            "min": 0.054,
            "med": 0.221,
            "max": 275.283,
            "p(90)": 0.612,
            "p(95)": 1.203
        }
    },
    "root_group": {
        "name": "",
        "path": "",
        "id": "d41d8cd98f00b204e9800998ecf8427e",
        "groups": {},
        "checks": {
                "status is 200": {
                    "fails": 0,
                    "name": "status is 200",
                    "path": "::status is 200",
                    "id": "6210a8cd14cd70477eba5c5e4cb3fb5f",
                    "passes": 65520
                }
            }
    }
}